Season,Date,HomeTeam,AwayTeam,FTHG,FTAG,FTR,HTHG,HTAG,HTR,HS,AS,HST,AST,HF,AF,HC,AC,HY,AY,HR,AR
2016/17,2016-08-05,Fulham,Newcastle,1,0,H,1.0,0.0,H,5.0,8.0,3.0,2.0,12.0,11.0,2.0,2.0,1.0,3.0,0.0,0.0
2016/17,2016-08-06,Birmingham,Cardiff,0,0,D,0.0,0.0,D,14.0,13.0,3.0,5.0,12.0,16.0,5.0,5.0,1.0,0.0,0.0,0.0
2016/17,2016-08-06,Blackburn,Norwich,1,4,A,0.0,3.0,A,5.0,12.0,2.0,7.0,9.0,16.0,7.0,3.0,1.0,2.0,0.0,0.0
2016/17,2016-08-06,Bristol City,Wigan,2,1,H,0.0,1.0,A,24.0,11.0,6.0,3.0,7.0,13.0,10.0,2.0,1.0,4.0,0.0,0.0
2016/17,2016-08-06,Derby,Brighton,0,0,D,0.0,0.0,D,12.0,16.0,4.0,5.0,13.0,17.0,1.0,7.0,2.0,2.0,0.0,0.0
2016/17,2016-08-06,Huddersfield,Brentford,2,1,H,0.0,0.0,D,16.0,8.0,7.0,4.0,13.0,9.0,5.0,2.0,1.0,1.0,0.0,0.0
2016/17,2016-08-06,Ipswich,Barnsley,4,2,H,0.0,0.0,D,9.0,14.0,7.0,5.0,17.0,11.0,5.0,4.0,2.0,3.0,0.0,0.0
2016/17,2016-08-06,Nott'm Forest,Burton,4,3,H,2.0,2.0,D,14.0,16.0,4.0,3.0,13.0,8.0,8.0,6.0,2.0,2.0,0.0,0.0
2016/17,2016-08-06,Reading,Preston,1,0,H,1.0,0.0,H,15.0,7.0,5.0,3.0,13.0,16.0,6.0,1.0,2.0,3.0,0.0,0.0
2016/17,2016-08-06,Rotherham,Wolves,2,2,D,2.0,1.0,H,6.0,9.0,3.0,5.0,11.0,8.0,3.0,6.0,2.0,1.0,0.0,1.0
2016/17,2016-08-07,QPR,Leeds,3,0,H,1.0,0.0,H,15.0,8.0,8.0,0.0,8.0,13.0,5.0,5.0,2.0,1.0,0.0,0.0
2016/17,2016-08-07,Sheffield Weds,Aston Villa,1,0,H,0.0,0.0,D,17.0,12.0,6.0,2.0,14.0,9.0,12.0,9.0,3.0,3.0,0.0,0.0
2016/17,2016-08-12,Brighton,Nott'm Forest,3,0,H,1.0,0.0,H,17.0,14.0,7.0,2.0,19.0,15.0,6.0,7.0,3.0,4.0,0.0,0.0
2016/17,2016-08-13,Aston Villa,Rotherham,3,0,H,2.0,0.0,H,16.0,9.0,7.0,1.0,17.0,13.0,4.0,6.0,4.0,2.0,0.0,0.0
2016/17,2016-08-13,Barnsley,Derby,2,0,H,1.0,0.0,H,9.0,16.0,4.0,4.0,17.0,12.0,8.0,8.0,3.0,4.0,0.0,0.0
2016/17,2016-08-13,Brentford,Ipswich,2,0,H,0.0,0.0,D,16.0,15.0,6.0,3.0,11.0,13.0,4.0,6.0,0.0,1.0,0.0,0.0
2016/17,2016-08-13,Burton,Bristol City,1,2,A,0.0,1.0,A,17.0,12.0,5.0,4.0,10.0,17.0,7.0,8.0,1.0,1.0,0.0,0.0
2016/17,2016-08-13,Leeds,Birmingham,1,2,A,1.0,1.0,D,11.0,11.0,3.0,3.0,15.0,14.0,7.0,4.0,1.0,5.0,0.0,0.0
2016/17,2016-08-13,Newcastle,Huddersfield,1,2,A,0.0,1.0,A,13.0,8.0,4.0,3.0,6.0,10.0,4.0,1.0,1.0,2.0,0.0,0.0
2016/17,2016-08-13,Norwich,Sheffield Weds,0,0,D,0.0,0.0,D,6.0,7.0,2.0,5.0,11.0,11.0,10.0,4.0,1.0,1.0,0.0,0.0
2016/17,2016-08-13,Preston,Fulham,1,2,A,0.0,1.0,A,15.0,16.0,3.0,5.0,10.0,11.0,6.0,8.0,0.0,2.0,0.0,0.0
2016/17,2016-08-13,Wigan,Blackburn,3,0,H,2.0,0.0,H,20.0,7.0,4.0,2.0,16.0,9.0,5.0,4.0,2.0,3.0,0.0,0.0
2016/17,2016-08-13,Wolves,Reading,2,0,H,1.0,0.0,H,14.0,9.0,7.0,1.0,7.0,10.0,5.0,5.0,2.0,2.0,0.0,0.0
2016/17,2016-08-14,Cardiff,QPR,0,2,A,0.0,0.0,D,9.0,9.0,1.0,2.0,11.0,14.0,3.0,1.0,1.0,4.0,0.0,0.0
2016/17,2016-08-16,Aston Villa,Huddersfield,1,1,D,1.0,0.0,H,18.0,11.0,5.0,3.0,10.0,13.0,4.0,6.0,3.0,1.0,0.0,0.0
2016/17,2016-08-16,Brentford,Nott'm Forest,1,0,H,1.0,0.0,H,13.0,7.0,4.0,5.0,13.0,12.0,4.0,8.0,3.0,2.0,0.0,1.0
2016/17,2016-08-16,Brighton,Rotherham,3,0,H,2.0,0.0,H,16.0,10.0,4.0,2.0,14.0,13.0,4.0,4.0,1.0,4.0,0.0,0.0
2016/17,2016-08-16,Burton,Sheffield Weds,3,1,H,2.0,1.0,H,17.0,8.0,8.0,3.0,5.0,12.0,5.0,7.0,1.0,1.0,0.0,0.0
2016/17,2016-08-16,Leeds,Fulham,1,1,D,0.0,0.0,D,15.0,21.0,4.0,3.0,9.0,4.0,9.0,4.0,1.0,1.0,0.0,0.0
2016/17,2016-08-16,Norwich,Bristol City,1,0,H,1.0,0.0,H,15.0,6.0,5.0,2.0,13.0,9.0,9.0,6.0,2.0,0.0,0.0,0.0
2016/17,2016-08-16,Preston,Derby,0,1,A,0.0,0.0,D,9.0,16.0,1.0,3.0,15.0,7.0,5.0,5.0,1.0,0.0,0.0,0.0
2016/17,2016-08-16,Wigan,Birmingham,1,1,D,0.0,1.0,A,20.0,6.0,6.0,3.0,15.0,10.0,10.0,2.0,3.0,3.0,0.0,0.0
2016/17,2016-08-16,Wolves,Ipswich,0,0,D,0.0,0.0,D,6.0,10.0,2.0,2.0,10.0,14.0,2.0,5.0,2.0,5.0,0.0,0.0
2016/17,2016-08-17,Barnsley,QPR,3,2,H,1.0,0.0,H,12.0,12.0,5.0,3.0,8.0,13.0,4.0,1.0,1.0,1.0,0.0,1.0
2016/17,2016-08-17,Cardiff,Blackburn,2,1,H,2.0,0.0,H,13.0,11.0,3.0,3.0,7.0,7.0,4.0,4.0,1.0,1.0,0.0,1.0
2016/17,2016-08-17,Newcastle,Reading,4,1,H,1.0,1.0,D,11.0,13.0,7.0,3.0,11.0,19.0,2.0,9.0,1.0,5.0,0.0,0.0
2016/17,2016-08-20,Birmingham,Wolves,1,3,A,1.0,0.0,H,14.0,19.0,7.0,7.0,7.0,15.0,10.0,12.0,1.0,1.0,1.0,0.0
2016/17,2016-08-20,Blackburn,Burton,2,2,D,1.0,1.0,D,12.0,14.0,6.0,3.0,11.0,8.0,6.0,12.0,2.0,1.0,0.0,0.0
2016/17,2016-08-20,Bristol City,Newcastle,0,1,A,0.0,1.0,A,17.0,8.0,2.0,1.0,13.0,19.0,6.0,3.0,3.0,0.0,0.0,0.0
2016/17,2016-08-20,Derby,Aston Villa,0,0,D,0.0,0.0,D,11.0,9.0,2.0,4.0,12.0,17.0,5.0,7.0,3.0,3.0,0.0,0.0
2016/17,2016-08-20,Fulham,Cardiff,2,2,D,1.0,0.0,H,17.0,9.0,4.0,3.0,5.0,10.0,4.0,4.0,1.0,2.0,0.0,0.0
2016/17,2016-08-20,Huddersfield,Barnsley,2,1,H,1.0,0.0,H,15.0,9.0,6.0,3.0,13.0,10.0,7.0,4.0,4.0,2.0,0.0,0.0
2016/17,2016-08-20,Nott'm Forest,Wigan,4,3,H,1.0,1.0,D,23.0,13.0,10.0,5.0,6.0,12.0,5.0,5.0,4.0,4.0,0.0,0.0
2016/17,2016-08-20,QPR,Preston,0,2,A,0.0,1.0,A,10.0,10.0,3.0,2.0,8.0,11.0,10.0,5.0,1.0,2.0,0.0,0.0
2016/17,2016-08-20,Reading,Brighton,2,2,D,1.0,1.0,D,16.0,7.0,4.0,2.0,13.0,16.0,9.0,5.0,2.0,2.0,1.0,0.0
2016/17,2016-08-20,Rotherham,Brentford,1,0,H,1.0,0.0,H,6.0,19.0,2.0,5.0,11.0,6.0,6.0,11.0,1.0,1.0,0.0,0.0
2016/17,2016-08-20,Sheffield Weds,Leeds,0,2,A,0.0,0.0,D,15.0,14.0,4.0,2.0,7.0,13.0,6.0,4.0,1.0,2.0,0.0,0.0
2016/17,2016-08-21,Ipswich,Norwich,1,1,D,1.0,1.0,D,13.0,8.0,2.0,3.0,9.0,12.0,7.0,3.0,0.0,1.0,0.0,0.0
2016/17,2016-08-26,Burton,Derby,1,0,H,1.0,0.0,H,7.0,10.0,4.0,3.0,14.0,9.0,2.0,3.0,1.0,1.0,0.0,0.0
2016/17,2016-08-27,Barnsley,Rotherham,4,0,H,0.0,0.0,D,18.0,11.0,9.0,2.0,14.0,15.0,6.0,5.0,1.0,1.0,0.0,0.0
2016/17,2016-08-27,Birmingham,Norwich,3,0,H,1.0,0.0,H,11.0,16.0,4.0,5.0,12.0,13.0,5.0,8.0,0.0,0.0,0.0,0.0
2016/17,2016-08-27,Blackburn,Fulham,0,1,A,0.0,0.0,D,8.0,10.0,3.0,4.0,13.0,9.0,4.0,3.0,1.0,1.0,0.0,0.0
2016/17,2016-08-27,Brentford,Sheffield Weds,1,1,D,0.0,0.0,D,11.0,19.0,4.0,10.0,14.0,11.0,5.0,3.0,2.0,0.0,1.0,1.0
2016/17,2016-08-27,Bristol City,Aston Villa,3,1,H,0.0,1.0,A,14.0,10.0,6.0,2.0,12.0,15.0,3.0,4.0,1.0,7.0,0.0,0.0
2016/17,2016-08-27,Cardiff,Reading,0,1,A,0.0,0.0,D,11.0,10.0,3.0,2.0,14.0,7.0,4.0,3.0,0.0,0.0,0.0,0.0
2016/17,2016-08-27,Huddersfield,Wolves,1,0,H,1.0,0.0,H,9.0,14.0,3.0,4.0,9.0,11.0,2.0,5.0,3.0,2.0,0.0,0.0
2016/17,2016-08-27,Ipswich,Preston,1,0,H,1.0,0.0,H,8.0,6.0,3.0,2.0,7.0,10.0,3.0,4.0,1.0,1.0,0.0,0.0
2016/17,2016-08-27,Newcastle,Brighton,2,0,H,1.0,0.0,H,13.0,13.0,4.0,2.0,22.0,13.0,2.0,3.0,4.0,1.0,0.0,1.0
2016/17,2016-08-27,Nott'm Forest,Leeds,3,1,H,1.0,0.0,H,10.0,13.0,6.0,3.0,6.0,16.0,4.0,6.0,0.0,2.0,0.0,0.0
2016/17,2016-08-27,Wigan,QPR,0,1,A,0.0,0.0,D,9.0,10.0,1.0,3.0,15.0,8.0,3.0,0.0,4.0,3.0,0.0,0.0
2016/17,2016-09-09,Reading,Ipswich,2,1,H,1.0,0.0,H,11.0,10.0,5.0,5.0,8.0,17.0,5.0,5.0,5.0,4.0,0.0,0.0
2016/17,2016-09-10,Brighton,Brentford,0,2,A,0.0,1.0,A,18.0,12.0,5.0,6.0,11.0,11.0,7.0,2.0,5.0,2.0,0.0,0.0
2016/17,2016-09-10,Derby,Newcastle,0,2,A,0.0,1.0,A,10.0,11.0,2.0,3.0,8.0,13.0,2.0,5.0,0.0,3.0,0.0,0.0
2016/17,2016-09-10,Fulham,Birmingham,0,1,A,0.0,0.0,D,10.0,25.0,1.0,8.0,12.0,22.0,3.0,9.0,1.0,3.0,1.0,0.0
2016/17,2016-09-10,Leeds,Huddersfield,0,1,A,0.0,0.0,D,4.0,6.0,2.0,2.0,12.0,12.0,4.0,4.0,1.0,5.0,0.0,0.0
2016/17,2016-09-10,Norwich,Cardiff,3,2,H,1.0,0.0,H,9.0,14.0,3.0,4.0,7.0,11.0,7.0,5.0,2.0,2.0,0.0,0.0
2016/17,2016-09-10,Preston,Barnsley,1,2,A,0.0,1.0,A,21.0,15.0,5.0,5.0,11.0,8.0,7.0,8.0,3.0,3.0,0.0,0.0
2016/17,2016-09-10,QPR,Blackburn,1,1,D,0.0,0.0,D,16.0,13.0,6.0,5.0,15.0,15.0,7.0,8.0,2.0,3.0,0.0,0.0
2016/17,2016-09-10,Rotherham,Bristol City,2,2,D,1.0,0.0,H,10.0,35.0,3.0,10.0,7.0,10.0,5.0,11.0,2.0,1.0,0.0,0.0
2016/17,2016-09-10,Sheffield Weds,Wigan,2,1,H,1.0,1.0,D,18.0,9.0,3.0,3.0,11.0,10.0,6.0,5.0,1.0,3.0,0.0,0.0
2016/17,2016-09-10,Wolves,Burton,1,1,D,0.0,0.0,D,13.0,18.0,3.0,8.0,11.0,12.0,5.0,5.0,3.0,3.0,0.0,0.0
2016/17,2016-09-11,Aston Villa,Nott'm Forest,2,2,D,0.0,0.0,D,26.0,3.0,8.0,2.0,9.0,15.0,10.0,2.0,3.0,5.0,0.0,1.0
2016/17,2016-09-13,Brighton,Huddersfield,1,0,H,0.0,0.0,D,15.0,8.0,3.0,3.0,8.0,7.0,5.0,3.0,1.0,1.0,0.0,0.0
2016/17,2016-09-13,Derby,Ipswich,0,1,A,0.0,0.0,D,24.0,5.0,5.0,2.0,7.0,17.0,4.0,0.0,0.0,4.0,0.0,0.0
2016/17,2016-09-13,Fulham,Burton,1,1,D,0.0,0.0,D,20.0,7.0,6.0,3.0,11.0,12.0,9.0,3.0,2.0,4.0,0.0,0.0
2016/17,2016-09-13,Leeds,Blackburn,2,1,H,0.0,0.0,D,12.0,14.0,5.0,3.0,9.0,12.0,7.0,8.0,3.0,3.0,0.0,0.0
2016/17,2016-09-13,Norwich,Wigan,2,1,H,2.0,0.0,H,16.0,14.0,5.0,5.0,13.0,11.0,4.0,8.0,2.0,3.0,0.0,0.0
2016/17,2016-09-13,Preston,Cardiff,3,0,H,2.0,0.0,H,21.0,14.0,7.0,6.0,10.0,15.0,6.0,8.0,1.0,4.0,0.0,0.0
2016/17,2016-09-13,QPR,Newcastle,0,6,A,0.0,2.0,A,7.0,29.0,3.0,12.0,6.0,15.0,4.0,8.0,0.0,0.0,0.0,0.0
2016/17,2016-09-13,Reading,Birmingham,0,0,D,0.0,0.0,D,12.0,14.0,3.0,5.0,9.0,9.0,12.0,6.0,0.0,0.0,0.0,0.0
2016/17,2016-09-13,Sheffield Weds,Bristol City,3,2,H,0.0,2.0,A,17.0,10.0,6.0,4.0,14.0,7.0,7.0,4.0,1.0,1.0,1.0,1.0
2016/17,2016-09-13,Wolves,Barnsley,0,4,A,0.0,0.0,D,17.0,26.0,5.0,10.0,15.0,13.0,5.0,2.0,0.0,3.0,0.0,0.0
2016/17,2016-09-14,Aston Villa,Brentford,1,1,D,1.0,0.0,H,9.0,13.0,3.0,5.0,13.0,13.0,5.0,7.0,2.0,2.0,0.0,0.0
2016/17,2016-09-14,Rotherham,Nott'm Forest,2,2,D,1.0,0.0,H,13.0,23.0,4.0,7.0,9.0,10.0,4.0,8.0,2.0,3.0,1.0,0.0
2016/17,2016-09-17,Barnsley,Reading,1,2,A,0.0,2.0,A,22.0,11.0,6.0,5.0,9.0,15.0,10.0,4.0,3.0,4.0,0.0,1.0
2016/17,2016-09-17,Birmingham,Sheffield Weds,2,1,H,0.0,0.0,D,10.0,11.0,5.0,2.0,9.0,18.0,4.0,2.0,1.0,3.0,0.0,0.0
2016/17,2016-09-17,Blackburn,Rotherham,4,2,H,2.0,1.0,H,20.0,9.0,8.0,6.0,7.0,12.0,6.0,4.0,1.0,4.0,0.0,0.0
2016/17,2016-09-17,Brentford,Preston,5,0,H,1.0,0.0,H,10.0,12.0,6.0,4.0,8.0,10.0,5.0,6.0,0.0,2.0,0.0,0.0
2016/17,2016-09-17,Bristol City,Derby,1,1,D,0.0,1.0,A,17.0,11.0,2.0,4.0,13.0,13.0,3.0,5.0,0.0,2.0,0.0,0.0
2016/17,2016-09-17,Burton,Brighton,0,1,A,0.0,0.0,D,9.0,19.0,3.0,7.0,4.0,13.0,1.0,8.0,1.0,2.0,0.0,0.0
2016/17,2016-09-17,Cardiff,Leeds,0,2,A,0.0,0.0,D,11.0,13.0,2.0,7.0,10.0,14.0,12.0,4.0,0.0,3.0,0.0,0.0
2016/17,2016-09-17,Huddersfield,QPR,2,1,H,1.0,0.0,H,9.0,5.0,2.0,2.0,9.0,20.0,4.0,3.0,2.0,4.0,0.0,0.0
2016/17,2016-09-17,Ipswich,Aston Villa,0,0,D,0.0,0.0,D,17.0,14.0,4.0,0.0,11.0,13.0,10.0,7.0,1.0,1.0,0.0,0.0
2016/17,2016-09-17,Newcastle,Wolves,0,2,A,0.0,1.0,A,17.0,12.0,3.0,5.0,12.0,16.0,5.0,3.0,3.0,5.0,1.0,0.0
2016/17,2016-09-17,Nott'm Forest,Norwich,1,2,A,1.0,0.0,H,11.0,18.0,2.0,8.0,10.0,14.0,5.0,9.0,2.0,1.0,0.0,0.0
2016/17,2016-09-17,Wigan,Fulham,0,0,D,0.0,0.0,D,13.0,5.0,2.0,1.0,16.0,11.0,10.0,5.0,1.0,1.0,0.0,0.0
2016/17,2016-09-23,Preston,Wigan,1,0,H,1.0,0.0,H,13.0,18.0,3.0,4.0,20.0,10.0,5.0,1.0,2.0,2.0,0.0,0.0
2016/17,2016-09-24,Aston Villa,Newcastle,1,1,D,0.0,1.0,A,10.0,18.0,3.0,4.0,15.0,12.0,8.0,5.0,3.0,1.0,0.0,0.0
2016/17,2016-09-24,Brighton,Barnsley,2,0,H,1.0,0.0,H,15.0,10.0,4.0,1.0,15.0,12.0,4.0,2.0,3.0,2.0,0.0,0.0
2016/17,2016-09-24,Derby,Blackburn,1,2,A,0.0,0.0,D,16.0,8.0,5.0,2.0,10.0,11.0,5.0,4.0,1.0,2.0,0.0,0.0
2016/17,2016-09-24,Fulham,Bristol City,0,4,A,0.0,1.0,A,22.0,20.0,2.0,10.0,13.0,10.0,7.0,5.0,2.0,2.0,1.0,0.0
2016/17,2016-09-24,Leeds,Ipswich,1,0,H,1.0,0.0,H,16.0,7.0,4.0,1.0,15.0,11.0,7.0,4.0,0.0,2.0,0.0,0.0
2016/17,2016-09-24,Norwich,Burton,3,1,H,1.0,0.0,H,18.0,9.0,6.0,3.0,14.0,12.0,8.0,6.0,2.0,2.0,0.0,1.0
2016/17,2016-09-24,QPR,Birmingham,1,1,D,1.0,1.0,D,13.0,9.0,5.0,2.0,14.0,8.0,6.0,4.0,2.0,1.0,0.0,0.0
2016/17,2016-09-24,Reading,Huddersfield,1,0,H,1.0,0.0,H,17.0,7.0,3.0,1.0,13.0,13.0,5.0,3.0,2.0,4.0,0.0,1.0
2016/17,2016-09-24,Rotherham,Cardiff,1,2,A,0.0,0.0,D,16.0,18.0,5.0,2.0,7.0,11.0,11.0,7.0,1.0,2.0,0.0,0.0
2016/17,2016-09-24,Sheffield Weds,Nott'm Forest,2,1,H,0.0,1.0,A,15.0,10.0,6.0,5.0,6.0,11.0,7.0,6.0,1.0,3.0,0.0,0.0
2016/17,2016-09-24,Wolves,Brentford,3,1,H,0.0,0.0,D,13.0,11.0,5.0,3.0,15.0,13.0,4.0,6.0,1.0,4.0,0.0,0.0
2016/17,2016-09-27,Barnsley,Aston Villa,1,1,D,0.0,0.0,D,13.0,12.0,2.0,7.0,14.0,15.0,9.0,5.0,4.0,3.0,0.0,0.0
2016/17,2016-09-27,Birmingham,Preston,2,2,D,1.0,2.0,A,15.0,13.0,4.0,5.0,10.0,17.0,8.0,3.0,1.0,1.0,0.0,0.0
2016/17,2016-09-27,Blackburn,Sheffield Weds,0,1,A,0.0,1.0,A,4.0,9.0,2.0,3.0,10.0,8.0,2.0,2.0,0.0,0.0,0.0,0.0
2016/17,2016-09-27,Brentford,Reading,4,1,H,2.0,0.0,H,16.0,16.0,9.0,4.0,6.0,13.0,8.0,7.0,4.0,2.0,0.0,0.0
2016/17,2016-09-27,Bristol City,Leeds,1,0,H,0.0,0.0,D,12.0,12.0,3.0,3.0,13.0,10.0,2.0,6.0,2.0,4.0,0.0,0.0
2016/17,2016-09-27,Burton,QPR,1,1,D,0.0,0.0,D,9.0,10.0,4.0,4.0,7.0,17.0,2.0,9.0,2.0,2.0,0.0,0.0
2016/17,2016-09-27,Cardiff,Derby,0,2,A,0.0,0.0,D,9.0,14.0,3.0,7.0,13.0,11.0,3.0,4.0,1.0,2.0,1.0,0.0
2016/17,2016-09-27,Huddersfield,Rotherham,2,1,H,2.0,1.0,H,16.0,7.0,4.0,1.0,14.0,12.0,9.0,3.0,3.0,1.0,0.0,0.0
2016/17,2016-09-27,Ipswich,Brighton,0,0,D,0.0,0.0,D,10.0,5.0,2.0,0.0,11.0,16.0,2.0,5.0,4.0,2.0,0.0,1.0
2016/17,2016-09-27,Nott'm Forest,Fulham,1,1,D,0.0,0.0,D,14.0,18.0,2.0,4.0,9.0,6.0,2.0,9.0,2.0,0.0,0.0,0.0
2016/17,2016-09-27,Wigan,Wolves,2,1,H,1.0,1.0,D,6.0,10.0,3.0,4.0,13.0,15.0,1.0,3.0,3.0,3.0,0.0,0.0
2016/17,2016-09-28,Newcastle,Norwich,4,3,H,1.0,1.0,D,22.0,7.0,9.0,5.0,9.0,16.0,5.0,2.0,5.0,5.0,0.0,0.0
2016/17,2016-10-01,Birmingham,Blackburn,1,0,H,0.0,0.0,D,16.0,10.0,5.0,2.0,17.0,18.0,5.0,8.0,1.0,6.0,0.0,0.0
2016/17,2016-10-01,Brentford,Wigan,0,0,D,0.0,0.0,D,15.0,7.0,2.0,2.0,12.0,14.0,12.0,4.0,3.0,3.0,0.0,0.0
2016/17,2016-10-01,Bristol City,Nott'm Forest,2,1,H,0.0,1.0,A,12.0,12.0,4.0,2.0,8.0,12.0,5.0,3.0,3.0,2.0,0.0,0.0
2016/17,2016-10-01,Burton,Cardiff,2,0,H,1.0,0.0,H,10.0,11.0,2.0,6.0,8.0,7.0,4.0,9.0,1.0,0.0,0.0,0.0
2016/17,2016-10-01,Fulham,QPR,1,2,A,0.0,1.0,A,25.0,14.0,6.0,7.0,6.0,11.0,12.0,4.0,2.0,3.0,0.0,0.0
2016/17,2016-10-01,Ipswich,Huddersfield,0,1,A,0.0,0.0,D,11.0,9.0,1.0,3.0,13.0,12.0,6.0,5.0,1.0,1.0,0.0,0.0
2016/17,2016-10-01,Leeds,Barnsley,2,1,H,1.0,0.0,H,10.0,10.0,5.0,3.0,8.0,9.0,6.0,5.0,1.0,0.0,0.0,0.0
2016/17,2016-10-01,Preston,Aston Villa,2,0,H,2.0,0.0,H,19.0,15.0,7.0,2.0,19.0,9.0,9.0,7.0,4.0,4.0,0.0,0.0
2016/17,2016-10-01,Reading,Derby,1,1,D,0.0,0.0,D,11.0,11.0,4.0,4.0,12.0,11.0,6.0,5.0,2.0,4.0,0.0,0.0
2016/17,2016-10-01,Rotherham,Newcastle,0,1,A,0.0,1.0,A,10.0,20.0,1.0,6.0,11.0,8.0,14.0,10.0,2.0,1.0,0.0,0.0
2016/17,2016-10-01,Sheffield Weds,Brighton,1,2,A,0.0,1.0,A,23.0,5.0,5.0,3.0,12.0,12.0,7.0,3.0,0.0,4.0,0.0,0.0
2016/17,2016-10-01,Wolves,Norwich,1,2,A,0.0,1.0,A,7.0,11.0,3.0,3.0,15.0,10.0,5.0,2.0,3.0,3.0,0.0,0.0
2016/17,2016-10-14,Cardiff,Bristol City,2,1,H,1.0,0.0,H,12.0,11.0,4.0,1.0,10.0,16.0,3.0,1.0,4.0,3.0,0.0,0.0
2016/17,2016-10-14,Nott'm Forest,Birmingham,3,1,H,1.0,0.0,H,11.0,14.0,6.0,5.0,14.0,20.0,3.0,4.0,2.0,3.0,0.0,0.0
2016/17,2016-10-15,Aston Villa,Wolves,1,1,D,1.0,1.0,D,4.0,11.0,3.0,2.0,16.0,16.0,6.0,5.0,3.0,3.0,0.0,0.0
2016/17,2016-10-15,Barnsley,Fulham,2,4,A,2.0,2.0,D,10.0,14.0,4.0,6.0,13.0,10.0,4.0,5.0,2.0,3.0,1.0,0.0
2016/17,2016-10-15,Blackburn,Ipswich,0,0,D,0.0,0.0,D,9.0,14.0,1.0,5.0,7.0,19.0,2.0,9.0,1.0,0.0,0.0,0.0
2016/17,2016-10-15,Brighton,Preston,2,2,D,0.0,1.0,A,22.0,4.0,3.0,1.0,7.0,15.0,6.0,1.0,0.0,2.0,0.0,0.0
2016/17,2016-10-15,Derby,Leeds,1,0,H,0.0,0.0,D,9.0,13.0,3.0,2.0,10.0,10.0,6.0,5.0,2.0,0.0,0.0,0.0
2016/17,2016-10-15,Newcastle,Brentford,3,1,H,2.0,0.0,H,15.0,7.0,6.0,2.0,6.0,11.0,5.0,5.0,3.0,3.0,0.0,0.0
2016/17,2016-10-15,Norwich,Rotherham,3,1,H,1.0,0.0,H,22.0,6.0,6.0,3.0,6.0,9.0,8.0,4.0,0.0,1.0,0.0,0.0
2016/17,2016-10-15,QPR,Reading,1,1,D,1.0,1.0,D,8.0,13.0,2.0,4.0,13.0,4.0,9.0,3.0,1.0,1.0,0.0,0.0
2016/17,2016-10-15,Wigan,Burton,0,0,D,0.0,0.0,D,15.0,16.0,5.0,2.0,14.0,11.0,6.0,3.0,0.0,3.0,0.0,0.0
2016/17,2016-10-16,Huddersfield,Sheffield Weds,0,1,A,0.0,0.0,D,12.0,9.0,2.0,3.0,9.0,16.0,9.0,4.0,1.0,2.0,0.0,0.0
2016/17,2016-10-18,Barnsley,Newcastle,0,2,A,0.0,0.0,D,8.0,17.0,2.0,6.0,17.0,12.0,0.0,4.0,1.0,2.0,0.0,0.0
2016/17,2016-10-18,Birmingham,Rotherham,4,2,H,3.0,1.0,H,13.0,12.0,6.0,6.0,17.0,15.0,4.0,1.0,1.0,2.0,0.0,0.0
2016/17,2016-10-18,Blackburn,Nott'm Forest,2,1,H,2.0,0.0,H,9.0,20.0,2.0,2.0,16.0,11.0,1.0,2.0,3.0,1.0,0.0,1.0
2016/17,2016-10-18,Brighton,Wolves,1,0,H,1.0,0.0,H,9.0,11.0,3.0,4.0,14.0,11.0,9.0,10.0,2.0,3.0,0.0,0.0
2016/17,2016-10-18,Derby,Brentford,0,0,D,0.0,0.0,D,14.0,9.0,3.0,3.0,8.0,9.0,6.0,3.0,1.0,1.0,0.0,0.0
2016/17,2016-10-18,Fulham,Norwich,2,2,D,0.0,2.0,A,13.0,12.0,3.0,4.0,8.0,22.0,8.0,9.0,4.0,3.0,0.0,0.0
2016/17,2016-10-18,Ipswich,Burton,2,0,H,1.0,0.0,H,10.0,18.0,4.0,2.0,11.0,9.0,7.0,12.0,1.0,2.0,0.0,0.0
2016/17,2016-10-18,Leeds,Wigan,1,1,D,1.0,0.0,H,13.0,12.0,4.0,4.0,9.0,5.0,4.0,5.0,0.0,0.0,0.0,0.0
2016/17,2016-10-18,QPR,Bristol City,1,0,H,0.0,0.0,D,21.0,12.0,5.0,2.0,6.0,7.0,12.0,11.0,0.0,1.0,0.0,0.0
2016/17,2016-10-18,Reading,Aston Villa,1,2,A,0.0,1.0,A,14.0,13.0,7.0,6.0,9.0,13.0,7.0,2.0,1.0,1.0,0.0,0.0
2016/17,2016-10-19,Cardiff,Sheffield Weds,1,1,D,1.0,0.0,H,12.0,11.0,4.0,4.0,10.0,10.0,4.0,5.0,1.0,1.0,0.0,0.0
2016/17,2016-10-19,Preston,Huddersfield,3,1,H,2.0,0.0,H,8.0,13.0,5.0,3.0,16.0,13.0,4.0,11.0,1.0,1.0,0.0,0.0
2016/17,2016-10-21,Burton,Birmingham,2,0,H,1.0,0.0,H,15.0,7.0,5.0,1.0,14.0,11.0,2.0,4.0,3.0,3.0,0.0,0.0
2016/17,2016-10-22,Aston Villa,Fulham,1,0,H,0.0,0.0,D,16.0,5.0,7.0,0.0,15.0,11.0,6.0,8.0,0.0,4.0,0.0,0.0
2016/17,2016-10-22,Brentford,Barnsley,0,2,A,0.0,1.0,A,20.0,16.0,7.0,7.0,6.0,14.0,9.0,3.0,2.0,3.0,0.0,0.0
2016/17,2016-10-22,Bristol City,Blackburn,1,0,H,0.0,0.0,D,12.0,15.0,3.0,3.0,13.0,14.0,4.0,7.0,2.0,1.0,0.0,0.0
2016/17,2016-10-22,Huddersfield,Derby,1,0,H,0.0,0.0,D,21.0,7.0,5.0,2.0,12.0,12.0,6.0,5.0,2.0,1.0,0.0,0.0
2016/17,2016-10-22,Newcastle,Ipswich,3,0,H,1.0,0.0,H,16.0,8.0,5.0,2.0,7.0,5.0,6.0,3.0,2.0,1.0,0.0,0.0
2016/17,2016-10-22,Norwich,Preston,0,1,A,0.0,0.0,D,18.0,7.0,7.0,5.0,6.0,10.0,12.0,4.0,1.0,1.0,0.0,0.0
2016/17,2016-10-22,Nott'm Forest,Cardiff,1,2,A,0.0,2.0,A,17.0,12.0,3.0,5.0,9.0,13.0,1.0,3.0,1.0,1.0,1.0,0.0
2016/17,2016-10-22,Rotherham,Reading,0,1,A,0.0,0.0,D,13.0,24.0,8.0,5.0,16.0,7.0,7.0,6.0,2.0,2.0,0.0,0.0
2016/17,2016-10-22,Sheffield Weds,QPR,1,0,H,1.0,0.0,H,13.0,10.0,2.0,4.0,8.0,19.0,5.0,8.0,1.0,4.0,0.0,0.0
2016/17,2016-10-22,Wigan,Brighton,0,1,A,0.0,0.0,D,11.0,9.0,1.0,2.0,15.0,6.0,7.0,8.0,2.0,1.0,0.0,0.0
2016/17,2016-10-22,Wolves,Leeds,0,1,A,0.0,0.0,D,14.0,11.0,1.0,2.0,12.0,8.0,5.0,2.0,2.0,2.0,0.0,0.0
2016/17,2016-10-28,QPR,Brentford,0,2,A,0.0,1.0,A,15.0,13.0,4.0,4.0,10.0,7.0,5.0,6.0,2.0,1.0,0.0,0.0
2016/17,2016-10-29,Barnsley,Bristol City,2,2,D,1.0,0.0,H,20.0,17.0,8.0,7.0,17.0,14.0,5.0,3.0,3.0,3.0,0.0,0.0
2016/17,2016-10-29,Blackburn,Wolves,1,1,D,1.0,0.0,H,15.0,17.0,5.0,5.0,7.0,9.0,6.0,3.0,2.0,2.0,0.0,0.0
2016/17,2016-10-29,Brighton,Norwich,5,0,H,1.0,0.0,H,11.0,8.0,7.0,2.0,12.0,10.0,2.0,2.0,1.0,3.0,0.0,0.0
2016/17,2016-10-29,Cardiff,Wigan,0,1,A,0.0,0.0,D,19.0,7.0,4.0,2.0,14.0,17.0,6.0,2.0,0.0,0.0,0.0,0.0
2016/17,2016-10-29,Derby,Sheffield Weds,2,0,H,1.0,0.0,H,19.0,17.0,6.0,7.0,3.0,10.0,9.0,8.0,1.0,3.0,0.0,0.0
2016/17,2016-10-29,Fulham,Huddersfield,5,0,H,3.0,0.0,H,14.0,12.0,9.0,6.0,16.0,17.0,6.0,6.0,1.0,2.0,0.0,0.0
2016/17,2016-10-29,Ipswich,Rotherham,2,2,D,1.0,1.0,D,17.0,10.0,5.0,2.0,8.0,11.0,5.0,2.0,0.0,0.0,0.0,0.0
2016/17,2016-10-29,Leeds,Burton,2,0,H,0.0,0.0,D,12.0,22.0,5.0,2.0,18.0,10.0,5.0,8.0,4.0,2.0,0.0,0.0
2016/17,2016-10-29,Preston,Newcastle,1,2,A,0.0,0.0,D,14.0,10.0,4.0,6.0,9.0,17.0,8.0,0.0,3.0,4.0,0.0,0.0
2016/17,2016-10-29,Reading,Nott'm Forest,2,0,H,1.0,0.0,H,7.0,21.0,4.0,5.0,15.0,11.0,8.0,8.0,3.0,2.0,0.0,0.0
2016/17,2016-10-30,Birmingham,Aston Villa,1,1,D,0.0,1.0,A,14.0,5.0,3.0,1.0,15.0,13.0,4.0,3.0,2.0,3.0,0.0,0.0
2016/17,2016-11-04,Brentford,Fulham,0,2,A,0.0,1.0,A,11.0,16.0,3.0,5.0,6.0,7.0,12.0,4.0,3.0,1.0,0.0,0.0
2016/17,2016-11-05,Aston Villa,Blackburn,2,1,H,0.0,0.0,D,12.0,9.0,5.0,5.0,13.0,18.0,5.0,5.0,2.0,2.0,0.0,0.0
2016/17,2016-11-05,Bristol City,Brighton,0,2,A,0.0,2.0,A,11.0,8.0,2.0,2.0,8.0,12.0,4.0,3.0,1.0,1.0,0.0,0.0
2016/17,2016-11-05,Burton,Barnsley,0,0,D,0.0,0.0,D,21.0,13.0,10.0,2.0,9.0,13.0,9.0,3.0,1.0,1.0,0.0,0.0
2016/17,2016-11-05,Huddersfield,Birmingham,1,1,D,0.0,0.0,D,20.0,7.0,6.0,1.0,20.0,16.0,9.0,3.0,0.0,2.0,0.0,0.0
2016/17,2016-11-05,Newcastle,Cardiff,2,1,H,2.0,0.0,H,18.0,10.0,4.0,2.0,12.0,7.0,10.0,4.0,0.0,1.0,0.0,0.0
2016/17,2016-11-05,Norwich,Leeds,2,3,A,1.0,0.0,H,17.0,21.0,5.0,9.0,14.0,13.0,4.0,5.0,2.0,2.0,0.0,0.0
2016/17,2016-11-05,Nott'm Forest,QPR,1,1,D,1.0,0.0,H,13.0,12.0,7.0,4.0,23.0,13.0,5.0,4.0,4.0,2.0,1.0,1.0
2016/17,2016-11-05,Rotherham,Preston,1,3,A,0.0,2.0,A,14.0,15.0,5.0,6.0,12.0,9.0,5.0,4.0,0.0,1.0,0.0,0.0
2016/17,2016-11-05,Sheffield Weds,Ipswich,1,2,A,1.0,1.0,D,14.0,9.0,3.0,2.0,9.0,14.0,8.0,2.0,1.0,2.0,0.0,0.0
2016/17,2016-11-05,Wigan,Reading,0,3,A,0.0,2.0,A,18.0,12.0,3.0,4.0,9.0,10.0,6.0,5.0,3.0,2.0,0.0,0.0
2016/17,2016-11-05,Wolves,Derby,2,3,A,0.0,2.0,A,11.0,16.0,5.0,9.0,15.0,10.0,7.0,9.0,5.0,1.0,0.0,0.0
2016/17,2016-11-18,Brighton,Aston Villa,1,1,D,1.0,1.0,D,7.0,14.0,2.0,2.0,13.0,15.0,2.0,12.0,1.0,2.0,0.0,0.0
2016/17,2016-11-19,Barnsley,Wigan,0,0,D,0.0,0.0,D,15.0,6.0,2.0,3.0,11.0,16.0,6.0,4.0,0.0,2.0,0.0,0.0
2016/17,2016-11-19,Birmingham,Bristol City,1,0,H,0.0,0.0,D,17.0,20.0,7.0,7.0,15.0,12.0,2.0,11.0,2.0,1.0,1.0,0.0
2016/17,2016-11-19,Blackburn,Brentford,3,2,H,3.0,2.0,H,13.0,14.0,5.0,3.0,13.0,13.0,5.0,5.0,3.0,2.0,0.0,0.0
2016/17,2016-11-19,Cardiff,Huddersfield,3,2,H,3.0,1.0,H,10.0,10.0,5.0,4.0,12.0,11.0,5.0,6.0,2.0,4.0,0.0,0.0
2016/17,2016-11-19,Derby,Rotherham,3,0,H,2.0,0.0,H,20.0,8.0,11.0,1.0,6.0,19.0,5.0,7.0,0.0,2.0,0.0,0.0
2016/17,2016-11-19,Fulham,Sheffield Weds,1,1,D,0.0,1.0,A,15.0,10.0,3.0,2.0,11.0,16.0,5.0,0.0,2.0,4.0,0.0,0.0
2016/17,2016-11-19,Ipswich,Nott'm Forest,0,2,A,0.0,2.0,A,9.0,12.0,2.0,8.0,9.0,11.0,11.0,4.0,1.0,2.0,0.0,0.0
2016/17,2016-11-19,Preston,Wolves,0,0,D,0.0,0.0,D,10.0,6.0,2.0,1.0,11.0,11.0,4.0,4.0,4.0,4.0,0.0,0.0
2016/17,2016-11-19,QPR,Norwich,2,1,H,2.0,0.0,H,16.0,9.0,5.0,1.0,13.0,7.0,9.0,5.0,1.0,3.0,0.0,1.0
2016/17,2016-11-19,Reading,Burton,3,0,H,2.0,0.0,H,10.0,17.0,3.0,5.0,11.0,6.0,3.0,4.0,3.0,1.0,0.0,0.0
2016/17,2016-11-20,Leeds,Newcastle,0,2,A,0.0,1.0,A,12.0,10.0,4.0,5.0,12.0,11.0,10.0,6.0,1.0,1.0,0.0,0.0
2016/17,2016-11-25,Barnsley,Nott'm Forest,2,5,A,2.0,3.0,A,19.0,9.0,6.0,7.0,14.0,15.0,6.0,2.0,0.0,1.0,1.0,0.0
2016/17,2016-11-26,Aston Villa,Cardiff,3,1,H,2.0,1.0,H,11.0,7.0,4.0,3.0,9.0,21.0,2.0,6.0,3.0,4.0,0.0,1.0
2016/17,2016-11-26,Brentford,Birmingham,1,2,A,0.0,1.0,A,22.0,12.0,11.0,5.0,10.0,11.0,9.0,2.0,2.0,2.0,0.0,0.0
2016/17,2016-11-26,Brighton,Fulham,2,1,H,0.0,1.0,A,12.0,14.0,4.0,5.0,14.0,12.0,3.0,7.0,3.0,5.0,0.0,0.0
2016/17,2016-11-26,Derby,Norwich,1,0,H,0.0,0.0,D,12.0,8.0,3.0,2.0,5.0,16.0,5.0,1.0,2.0,2.0,0.0,0.0
2016/17,2016-11-26,Ipswich,QPR,3,0,H,1.0,0.0,H,16.0,12.0,9.0,5.0,13.0,17.0,4.0,4.0,1.0,2.0,0.0,0.0
2016/17,2016-11-26,Newcastle,Blackburn,0,1,A,0.0,0.0,D,14.0,10.0,2.0,2.0,11.0,9.0,8.0,9.0,1.0,3.0,0.0,0.0
2016/17,2016-11-26,Preston,Burton,1,1,D,1.0,1.0,D,18.0,11.0,6.0,3.0,13.0,7.0,8.0,5.0,3.0,2.0,0.0,0.0
2016/17,2016-11-26,Reading,Bristol City,2,1,H,2.0,0.0,H,14.0,25.0,6.0,7.0,11.0,13.0,3.0,6.0,2.0,2.0,0.0,0.0
2016/17,2016-11-26,Rotherham,Leeds,1,2,A,0.0,2.0,A,12.0,13.0,3.0,3.0,13.0,8.0,6.0,4.0,0.0,2.0,1.0,0.0
2016/17,2016-11-26,Wolves,Sheffield Weds,0,2,A,0.0,2.0,A,11.0,9.0,3.0,6.0,13.0,14.0,8.0,5.0,3.0,1.0,0.0,0.0
2016/17,2016-11-28,Huddersfield,Wigan,1,2,A,0.0,1.0,A,19.0,9.0,5.0,4.0,9.0,9.0,9.0,1.0,2.0,3.0,0.0,0.0
2016/17,2016-12-01,QPR,Wolves,1,2,A,0.0,0.0,D,16.0,15.0,3.0,9.0,17.0,19.0,7.0,5.0,1.0,3.0,1.0,0.0
2016/17,2016-12-02,Nott'm Forest,Newcastle,2,1,H,0.0,1.0,A,17.0,6.0,9.0,3.0,17.0,10.0,6.0,1.0,2.0,3.0,0.0,2.0
2016/17,2016-12-03,Birmingham,Barnsley,0,3,A,0.0,1.0,A,13.0,16.0,4.0,6.0,19.0,18.0,6.0,6.0,2.0,2.0,1.0,0.0
2016/17,2016-12-03,Blackburn,Huddersfield,1,1,D,1.0,1.0,D,9.0,29.0,2.0,8.0,12.0,11.0,2.0,13.0,3.0,2.0,0.0,0.0
2016/17,2016-12-03,Bristol City,Ipswich,2,0,H,1.0,0.0,H,11.0,10.0,3.0,3.0,11.0,15.0,4.0,0.0,2.0,0.0,0.0,0.0
2016/17,2016-12-03,Burton,Rotherham,2,1,H,1.0,0.0,H,16.0,14.0,4.0,2.0,13.0,14.0,7.0,3.0,1.0,1.0,0.0,0.0
2016/17,2016-12-03,Cardiff,Brighton,0,0,D,0.0,0.0,D,10.0,12.0,2.0,4.0,15.0,20.0,1.0,6.0,3.0,2.0,0.0,1.0
2016/17,2016-12-03,Fulham,Reading,5,0,H,1.0,0.0,H,24.0,3.0,12.0,2.0,10.0,16.0,7.0,2.0,1.0,4.0,0.0,1.0
2016/17,2016-12-03,Leeds,Aston Villa,2,0,H,0.0,0.0,D,10.0,10.0,4.0,3.0,15.0,9.0,4.0,5.0,2.0,3.0,0.0,0.0
2016/17,2016-12-03,Norwich,Brentford,5,0,H,2.0,0.0,H,20.0,14.0,11.0,4.0,13.0,7.0,0.0,4.0,1.0,0.0,0.0,0.0
2016/17,2016-12-03,Sheffield Weds,Preston,2,1,H,1.0,0.0,H,9.0,15.0,4.0,3.0,10.0,6.0,3.0,6.0,1.0,0.0,1.0,2.0
2016/17,2016-12-03,Wigan,Derby,0,1,A,0.0,1.0,A,17.0,4.0,2.0,1.0,9.0,9.0,9.0,2.0,1.0,3.0,0.0,0.0
2016/17,2016-12-09,Brighton,Leeds,2,0,H,1.0,0.0,H,18.0,2.0,7.0,0.0,13.0,12.0,7.0,1.0,1.0,3.0,0.0,1.0
2016/17,2016-12-10,Aston Villa,Wigan,1,0,H,0.0,0.0,D,15.0,6.0,5.0,0.0,7.0,16.0,4.0,5.0,2.0,4.0,0.0,0.0
2016/17,2016-12-10,Barnsley,Norwich,2,1,H,2.0,0.0,H,8.0,18.0,3.0,7.0,12.0,8.0,3.0,7.0,0.0,0.0,0.0,0.0
2016/17,2016-12-10,Brentford,Burton,2,1,H,1.0,1.0,D,11.0,8.0,5.0,2.0,21.0,8.0,8.0,3.0,5.0,4.0,0.0,0.0
2016/17,2016-12-10,Huddersfield,Bristol City,2,1,H,1.0,1.0,D,17.0,7.0,5.0,2.0,15.0,17.0,8.0,2.0,2.0,2.0,0.0,0.0
2016/17,2016-12-10,Ipswich,Cardiff,1,1,D,0.0,1.0,A,11.0,13.0,3.0,3.0,9.0,8.0,5.0,5.0,2.0,4.0,0.0,1.0
2016/17,2016-12-10,Newcastle,Birmingham,4,0,H,2.0,0.0,H,20.0,5.0,10.0,2.0,17.0,8.0,7.0,1.0,2.0,1.0,0.0,0.0
2016/17,2016-12-10,Preston,Blackburn,3,2,H,2.0,1.0,H,15.0,17.0,4.0,6.0,16.0,12.0,7.0,7.0,1.0,2.0,0.0,0.0
2016/17,2016-12-10,Reading,Sheffield Weds,2,1,H,0.0,0.0,D,12.0,18.0,4.0,3.0,13.0,16.0,1.0,4.0,3.0,5.0,0.0,0.0
2016/17,2016-12-10,Rotherham,QPR,1,0,H,1.0,0.0,H,17.0,15.0,10.0,5.0,9.0,15.0,5.0,5.0,3.0,3.0,0.0,0.0
2016/17,2016-12-10,Wolves,Fulham,4,4,D,1.0,3.0,A,20.0,25.0,7.0,12.0,11.0,5.0,7.0,9.0,4.0,3.0,0.0,0.0
2016/17,2016-12-11,Derby,Nott'm Forest,3,0,H,1.0,0.0,H,18.0,7.0,5.0,3.0,9.0,17.0,5.0,2.0,3.0,5.0,0.0,0.0
2016/17,2016-12-13,Birmingham,Ipswich,2,1,H,1.0,0.0,H,11.0,12.0,4.0,3.0,18.0,11.0,8.0,8.0,3.0,2.0,0.0,0.0
2016/17,2016-12-13,Blackburn,Brighton,2,3,A,0.0,1.0,A,12.0,18.0,4.0,10.0,11.0,9.0,4.0,2.0,2.0,3.0,1.0,0.0
2016/17,2016-12-13,Bristol City,Brentford,0,1,A,0.0,0.0,D,18.0,13.0,3.0,5.0,9.0,9.0,6.0,5.0,2.0,0.0,0.0,0.0
2016/17,2016-12-13,Burton,Huddersfield,0,1,A,0.0,0.0,D,12.0,10.0,2.0,6.0,15.0,14.0,6.0,2.0,3.0,3.0,0.0,0.0
2016/17,2016-12-13,Cardiff,Wolves,2,1,H,0.0,1.0,A,16.0,4.0,4.0,3.0,10.0,16.0,7.0,2.0,2.0,1.0,0.0,0.0
2016/17,2016-12-13,Fulham,Rotherham,2,1,H,1.0,1.0,D,30.0,8.0,11.0,6.0,10.0,12.0,14.0,2.0,0.0,1.0,0.0,0.0
2016/17,2016-12-13,Leeds,Reading,2,0,H,1.0,0.0,H,12.0,14.0,4.0,2.0,8.0,16.0,0.0,6.0,1.0,1.0,0.0,0.0
2016/17,2016-12-13,Norwich,Aston Villa,1,0,H,0.0,0.0,D,15.0,7.0,3.0,1.0,17.0,14.0,8.0,1.0,1.0,0.0,0.0,0.0
2016/17,2016-12-13,Sheffield Weds,Barnsley,2,0,H,1.0,0.0,H,13.0,16.0,3.0,5.0,17.0,14.0,3.0,5.0,2.0,1.0,0.0,1.0
2016/17,2016-12-14,Nott'm Forest,Preston,1,1,D,0.0,1.0,A,19.0,18.0,9.0,8.0,11.0,7.0,6.0,3.0,2.0,2.0,0.0,0.0
2016/17,2016-12-14,QPR,Derby,0,1,A,0.0,0.0,D,15.0,9.0,5.0,3.0,12.0,6.0,10.0,2.0,0.0,2.0,0.0,0.0
2016/17,2016-12-14,Wigan,Newcastle,0,2,A,0.0,1.0,A,9.0,11.0,1.0,8.0,12.0,8.0,5.0,6.0,0.0,1.0,0.0,0.0
2016/17,2016-12-16,Norwich,Huddersfield,1,2,A,1.0,2.0,A,17.0,10.0,5.0,4.0,12.0,7.0,8.0,3.0,2.0,2.0,0.0,0.0
2016/17,2016-12-17,Birmingham,Brighton,1,2,A,0.0,0.0,D,12.0,13.0,4.0,4.0,9.0,11.0,1.0,4.0,1.0,0.0,0.0,0.0
2016/17,2016-12-17,Blackburn,Reading,2,3,A,1.0,1.0,D,19.0,13.0,12.0,6.0,13.0,11.0,8.0,6.0,1.0,1.0,0.0,0.0
2016/17,2016-12-17,Bristol City,Preston,1,2,A,0.0,1.0,A,21.0,19.0,6.0,5.0,8.0,8.0,3.0,3.0,0.0,3.0,0.0,0.0
2016/17,2016-12-17,Burton,Newcastle,1,2,A,1.0,2.0,A,15.0,9.0,3.0,4.0,5.0,10.0,7.0,5.0,2.0,1.0,0.0,0.0
2016/17,2016-12-17,Cardiff,Barnsley,3,4,A,1.0,3.0,A,22.0,10.0,10.0,5.0,19.0,14.0,12.0,3.0,1.0,4.0,0.0,0.0
2016/17,2016-12-17,Fulham,Derby,2,2,D,1.0,1.0,D,18.0,7.0,6.0,2.0,16.0,12.0,4.0,4.0,3.0,1.0,0.0,0.0
2016/17,2016-12-17,Leeds,Brentford,1,0,H,0.0,0.0,D,6.0,10.0,1.0,4.0,11.0,6.0,5.0,7.0,1.0,1.0,0.0,0.0
2016/17,2016-12-17,Nott'm Forest,Wolves,0,2,A,0.0,1.0,A,10.0,12.0,2.0,5.0,21.0,16.0,5.0,2.0,2.0,3.0,0.0,0.0
2016/17,2016-12-17,Sheffield Weds,Rotherham,1,0,H,0.0,0.0,D,23.0,9.0,6.0,2.0,13.0,22.0,7.0,9.0,1.0,2.0,0.0,1.0
2016/17,2016-12-17,Wigan,Ipswich,2,3,A,1.0,1.0,D,17.0,12.0,8.0,4.0,10.0,15.0,5.0,4.0,3.0,3.0,0.0,0.0
2016/17,2016-12-18,QPR,Aston Villa,0,1,A,0.0,0.0,D,9.0,18.0,0.0,7.0,12.0,10.0,2.0,8.0,1.0,3.0,0.0,0.0
2016/17,2016-12-26,Aston Villa,Burton,2,1,H,1.0,1.0,D,6.0,11.0,3.0,5.0,9.0,8.0,2.0,8.0,0.0,2.0,0.0,0.0
2016/17,2016-12-26,Barnsley,Blackburn,2,0,H,1.0,0.0,H,15.0,19.0,4.0,7.0,17.0,17.0,0.0,9.0,1.0,2.0,0.0,1.0
2016/17,2016-12-26,Brentford,Cardiff,2,2,D,0.0,1.0,A,19.0,13.0,7.0,6.0,14.0,13.0,9.0,3.0,3.0,2.0,0.0,0.0
2016/17,2016-12-26,Huddersfield,Nott'm Forest,2,1,H,0.0,1.0,A,16.0,5.0,4.0,2.0,7.0,14.0,5.0,1.0,1.0,3.0,0.0,1.0
2016/17,2016-12-26,Ipswich,Fulham,0,2,A,0.0,1.0,A,3.0,15.0,0.0,6.0,14.0,11.0,4.0,7.0,2.0,1.0,0.0,0.0
2016/17,2016-12-26,Newcastle,Sheffield Weds,0,1,A,0.0,0.0,D,9.0,13.0,4.0,5.0,11.0,23.0,11.0,5.0,1.0,6.0,0.0,0.0
2016/17,2016-12-26,Preston,Leeds,1,4,A,1.0,3.0,A,10.0,11.0,4.0,6.0,14.0,15.0,2.0,4.0,2.0,3.0,1.0,0.0
2016/17,2016-12-26,Reading,Norwich,3,1,H,1.0,0.0,H,14.0,13.0,7.0,3.0,12.0,14.0,5.0,6.0,2.0,2.0,0.0,1.0
2016/17,2016-12-26,Rotherham,Wigan,3,2,H,3.0,0.0,H,17.0,10.0,5.0,3.0,11.0,10.0,7.0,6.0,3.0,2.0,0.0,0.0
2016/17,2016-12-26,Wolves,Bristol City,3,2,H,1.0,2.0,A,13.0,22.0,9.0,6.0,22.0,9.0,9.0,5.0,2.0,3.0,0.0,0.0
2016/17,2016-12-27,Brighton,QPR,3,0,H,1.0,0.0,H,24.0,12.0,10.0,3.0,15.0,12.0,13.0,5.0,0.0,1.0,0.0,1.0
2016/17,2016-12-27,Derby,Birmingham,1,0,H,0.0,0.0,D,14.0,5.0,2.0,1.0,14.0,16.0,5.0,1.0,1.0,2.0,0.0,0.0
2016/17,2016-12-29,Aston Villa,Leeds,1,1,D,0.0,0.0,D,11.0,12.0,5.0,2.0,15.0,15.0,4.0,7.0,3.0,3.0,0.0,0.0
2016/17,2016-12-29,Rotherham,Burton,1,2,A,1.0,2.0,A,21.0,11.0,9.0,4.0,12.0,14.0,7.0,3.0,3.0,4.0,0.0,0.0
2016/17,2016-12-30,Ipswich,Bristol City,2,1,H,1.0,0.0,H,15.0,11.0,8.0,4.0,19.0,11.0,4.0,4.0,2.0,2.0,0.0,0.0
2016/17,2016-12-30,Newcastle,Nott'm Forest,3,1,H,1.0,1.0,D,16.0,8.0,8.0,3.0,18.0,12.0,9.0,1.0,3.0,2.0,0.0,1.0
2016/17,2016-12-31,Barnsley,Birmingham,2,2,D,2.0,1.0,H,13.0,13.0,5.0,2.0,8.0,11.0,6.0,8.0,2.0,0.0,1.0,0.0
2016/17,2016-12-31,Brentford,Norwich,0,0,D,0.0,0.0,D,8.0,13.0,0.0,4.0,15.0,12.0,8.0,1.0,3.0,1.0,0.0,1.0
2016/17,2016-12-31,Derby,Wigan,0,0,D,0.0,0.0,D,17.0,7.0,4.0,3.0,7.0,8.0,10.0,2.0,2.0,0.0,0.0,0.0
2016/17,2016-12-31,Huddersfield,Blackburn,1,1,D,0.0,0.0,D,20.0,3.0,6.0,1.0,11.0,11.0,5.0,1.0,1.0,0.0,0.0,0.0
2016/17,2016-12-31,Preston,Sheffield Weds,1,1,D,0.0,0.0,D,14.0,8.0,5.0,1.0,5.0,7.0,5.0,1.0,1.0,1.0,0.0,0.0
2016/17,2016-12-31,Wolves,QPR,1,2,A,0.0,0.0,D,20.0,5.0,6.0,2.0,9.0,10.0,5.0,1.0,1.0,3.0,0.0,0.0
2016/17,2017-01-02,Birmingham,Brentford,1,3,A,1.0,0.0,H,15.0,13.0,4.0,4.0,9.0,8.0,8.0,7.0,2.0,2.0,0.0,0.0
2016/17,2017-01-02,Blackburn,Newcastle,1,0,H,0.0,0.0,D,5.0,25.0,1.0,5.0,5.0,7.0,1.0,6.0,1.0,2.0,0.0,0.0
2016/17,2017-01-02,Bristol City,Reading,2,3,A,1.0,0.0,H,11.0,12.0,6.0,6.0,15.0,12.0,1.0,2.0,2.0,3.0,0.0,0.0
2016/17,2017-01-02,Burton,Preston,0,1,A,0.0,1.0,A,11.0,6.0,0.0,3.0,9.0,15.0,6.0,1.0,1.0,0.0,0.0,0.0
2016/17,2017-01-02,Cardiff,Aston Villa,1,0,H,1.0,0.0,H,18.0,13.0,4.0,3.0,19.0,14.0,7.0,9.0,4.0,4.0,0.0,0.0
2016/17,2017-01-02,Fulham,Brighton,1,2,A,0.0,0.0,D,15.0,8.0,4.0,4.0,13.0,8.0,10.0,2.0,1.0,3.0,0.0,0.0
2016/17,2017-01-02,Leeds,Rotherham,3,0,H,0.0,0.0,D,9.0,11.0,4.0,2.0,8.0,10.0,4.0,7.0,1.0,1.0,0.0,0.0
2016/17,2017-01-02,Norwich,Derby,3,0,H,1.0,0.0,H,24.0,6.0,12.0,3.0,10.0,10.0,10.0,4.0,1.0,2.0,0.0,1.0
2016/17,2017-01-02,Nott'm Forest,Barnsley,0,1,A,0.0,0.0,D,10.0,15.0,0.0,5.0,13.0,6.0,4.0,7.0,1.0,0.0,0.0,0.0
2016/17,2017-01-02,QPR,Ipswich,2,1,H,1.0,0.0,H,8.0,11.0,4.0,4.0,13.0,12.0,6.0,6.0,0.0,0.0,0.0,0.0
2016/17,2017-01-02,Sheffield Weds,Wolves,0,0,D,0.0,0.0,D,16.0,13.0,5.0,3.0,13.0,9.0,4.0,5.0,1.0,0.0,0.0,0.0
2016/17,2017-01-02,Wigan,Huddersfield,0,1,A,0.0,0.0,D,4.0,5.0,0.0,2.0,13.0,16.0,5.0,4.0,1.0,4.0,0.0,0.0
2016/17,2017-01-12,Reading,QPR,0,1,A,0.0,1.0,A,9.0,16.0,1.0,4.0,11.0,17.0,4.0,8.0,2.0,2.0,0.0,0.0
2016/17,2017-01-13,Leeds,Derby,1,0,H,1.0,0.0,H,21.0,6.0,8.0,1.0,9.0,14.0,16.0,3.0,2.0,2.0,0.0,1.0
2016/17,2017-01-14,Birmingham,Nott'm Forest,0,0,D,0.0,0.0,D,15.0,6.0,2.0,0.0,10.0,13.0,7.0,4.0,1.0,1.0,0.0,0.0
2016/17,2017-01-14,Brentford,Newcastle,1,2,A,0.0,1.0,A,14.0,11.0,6.0,5.0,11.0,9.0,7.0,5.0,1.0,1.0,0.0,0.0
2016/17,2017-01-14,Bristol City,Cardiff,2,3,A,0.0,0.0,D,12.0,9.0,4.0,3.0,19.0,11.0,5.0,2.0,1.0,2.0,0.0,0.0
2016/17,2017-01-14,Burton,Wigan,0,2,A,0.0,1.0,A,18.0,6.0,2.0,3.0,14.0,16.0,12.0,3.0,2.0,3.0,0.0,0.0
2016/17,2017-01-14,Fulham,Barnsley,2,0,H,1.0,0.0,H,22.0,6.0,8.0,2.0,4.0,12.0,9.0,0.0,0.0,2.0,0.0,0.0
2016/17,2017-01-14,Ipswich,Blackburn,3,2,H,1.0,1.0,D,13.0,9.0,9.0,4.0,12.0,8.0,4.0,2.0,2.0,0.0,0.0,0.0
2016/17,2017-01-14,Preston,Brighton,2,0,H,1.0,0.0,H,8.0,16.0,2.0,4.0,14.0,16.0,7.0,6.0,1.0,2.0,0.0,0.0
2016/17,2017-01-14,Rotherham,Norwich,2,1,H,1.0,0.0,H,14.0,14.0,8.0,5.0,14.0,10.0,3.0,7.0,3.0,3.0,0.0,1.0
2016/17,2017-01-14,Sheffield Weds,Huddersfield,2,0,H,0.0,0.0,D,10.0,10.0,4.0,4.0,8.0,11.0,1.0,5.0,2.0,1.0,0.0,1.0
2016/17,2017-01-14,Wolves,Aston Villa,1,0,H,1.0,0.0,H,12.0,6.0,3.0,0.0,19.0,9.0,5.0,3.0,0.0,1.0,0.0,0.0
2016/17,2017-01-20,Brighton,Sheffield Weds,2,1,H,1.0,1.0,D,10.0,14.0,6.0,4.0,9.0,13.0,0.0,10.0,2.0,2.0,1.0,2.0
2016/17,2017-01-21,Aston Villa,Preston,2,2,D,2.0,0.0,H,13.0,8.0,5.0,2.0,13.0,15.0,6.0,4.0,2.0,4.0,0.0,0.0
2016/17,2017-01-21,Barnsley,Leeds,3,2,H,1.0,1.0,D,15.0,11.0,5.0,4.0,10.0,14.0,5.0,11.0,4.0,3.0,0.0,0.0
2016/17,2017-01-21,Blackburn,Birmingham,1,1,D,1.0,1.0,D,10.0,11.0,3.0,4.0,7.0,12.0,4.0,9.0,1.0,3.0,0.0,0.0
2016/17,2017-01-21,Cardiff,Burton,1,0,H,0.0,0.0,D,11.0,8.0,4.0,1.0,18.0,11.0,7.0,1.0,0.0,0.0,0.0,0.0
2016/17,2017-01-21,Derby,Reading,3,2,H,1.0,1.0,D,12.0,13.0,3.0,6.0,15.0,14.0,3.0,3.0,3.0,1.0,0.0,1.0
2016/17,2017-01-21,Huddersfield,Ipswich,2,0,H,1.0,0.0,H,14.0,8.0,6.0,2.0,8.0,11.0,5.0,3.0,0.0,5.0,0.0,0.0
2016/17,2017-01-21,Newcastle,Rotherham,4,0,H,1.0,0.0,H,24.0,11.0,6.0,4.0,9.0,7.0,9.0,6.0,0.0,1.0,0.0,0.0
2016/17,2017-01-21,Norwich,Wolves,3,1,H,1.0,0.0,H,17.0,11.0,5.0,2.0,8.0,14.0,3.0,4.0,1.0,2.0,0.0,1.0
2016/17,2017-01-21,Nott'm Forest,Bristol City,1,0,H,0.0,0.0,D,13.0,12.0,3.0,1.0,14.0,11.0,4.0,9.0,2.0,2.0,0.0,0.0
2016/17,2017-01-21,QPR,Fulham,1,1,D,1.0,0.0,H,14.0,15.0,4.0,5.0,18.0,9.0,5.0,8.0,5.0,2.0,0.0,0.0
2016/17,2017-01-21,Wigan,Brentford,2,1,H,2.0,0.0,H,15.0,11.0,4.0,4.0,12.0,12.0,5.0,4.0,1.0,0.0,0.0,0.0
2016/17,2017-01-24,Brighton,Cardiff,1,0,H,0.0,0.0,D,18.0,9.0,5.0,4.0,13.0,9.0,8.0,5.0,1.0,1.0,0.0,0.0
2016/17,2017-01-24,Reading,Fulham,1,0,H,0.0,0.0,D,17.0,14.0,7.0,2.0,10.0,12.0,5.0,5.0,2.0,1.0,0.0,0.0
2016/17,2017-01-25,Leeds,Nott'm Forest,2,0,H,0.0,0.0,D,16.0,6.0,2.0,1.0,16.0,14.0,4.0,3.0,1.0,0.0,0.0,0.0
2016/17,2017-01-28,Norwich,Birmingham,2,0,H,2.0,0.0,H,16.0,13.0,8.0,3.0,15.0,15.0,4.0,5.0,1.0,2.0,0.0,0.0
2016/17,2017-01-28,Preston,Ipswich,1,1,D,0.0,1.0,A,19.0,6.0,4.0,4.0,10.0,4.0,5.0,4.0,2.0,0.0,0.0,0.0
2016/17,2017-01-28,QPR,Burton,1,2,A,0.0,1.0,A,16.0,9.0,2.0,4.0,15.0,15.0,5.0,3.0,1.0,2.0,0.0,0.0
2016/17,2017-01-28,Reading,Cardiff,2,1,H,1.0,1.0,D,8.0,17.0,4.0,4.0,11.0,13.0,2.0,6.0,1.0,1.0,0.0,0.0
2016/17,2017-01-28,Rotherham,Barnsley,0,1,A,0.0,0.0,D,17.0,15.0,4.0,2.0,11.0,11.0,5.0,3.0,1.0,1.0,0.0,0.0
2016/17,2017-01-31,Barnsley,Wolves,1,3,A,0.0,2.0,A,15.0,11.0,6.0,4.0,9.0,19.0,4.0,4.0,1.0,4.0,1.0,0.0
2016/17,2017-01-31,Birmingham,Reading,0,1,A,0.0,0.0,D,18.0,7.0,3.0,2.0,14.0,13.0,2.0,3.0,1.0,2.0,0.0,0.0
2016/17,2017-01-31,Brentford,Aston Villa,3,0,H,2.0,0.0,H,16.0,8.0,5.0,4.0,8.0,12.0,8.0,5.0,1.0,1.0,0.0,0.0
2016/17,2017-01-31,Bristol City,Sheffield Weds,2,2,D,1.0,1.0,D,11.0,13.0,4.0,3.0,11.0,12.0,3.0,3.0,0.0,4.0,0.0,0.0
2016/17,2017-01-31,Cardiff,Preston,2,0,H,2.0,0.0,H,12.0,10.0,4.0,3.0,11.0,12.0,9.0,3.0,1.0,1.0,0.0,0.0
2016/17,2017-01-31,Ipswich,Derby,0,3,A,0.0,3.0,A,14.0,14.0,3.0,8.0,15.0,9.0,7.0,5.0,0.0,0.0,0.0,0.0
2016/17,2017-01-31,Nott'm Forest,Rotherham,2,0,H,0.0,0.0,D,11.0,12.0,4.0,4.0,13.0,14.0,6.0,5.0,1.0,4.0,0.0,0.0
2016/17,2017-02-01,Blackburn,Leeds,1,2,A,0.0,0.0,D,6.0,10.0,1.0,2.0,8.0,9.0,6.0,5.0,0.0,1.0,0.0,0.0
2016/17,2017-02-01,Burton,Fulham,0,2,A,0.0,0.0,D,11.0,19.0,3.0,4.0,9.0,7.0,5.0,8.0,1.0,0.0,0.0,0.0
2016/17,2017-02-01,Newcastle,QPR,2,2,D,1.0,1.0,D,16.0,9.0,8.0,4.0,9.0,11.0,4.0,4.0,1.0,1.0,0.0,0.0
2016/17,2017-02-02,Huddersfield,Brighton,3,1,H,3.0,1.0,H,23.0,2.0,9.0,1.0,10.0,15.0,9.0,2.0,1.0,2.0,0.0,1.0
2016/17,2017-02-03,Wigan,Sheffield Weds,0,1,A,0.0,1.0,A,9.0,5.0,3.0,1.0,17.0,16.0,4.0,5.0,1.0,1.0,0.0,0.0
2016/17,2017-02-04,Barnsley,Preston,0,0,D,0.0,0.0,D,11.0,7.0,4.0,2.0,12.0,15.0,6.0,3.0,1.0,4.0,0.0,0.0
2016/17,2017-02-04,Birmingham,Fulham,1,0,H,0.0,0.0,D,18.0,13.0,8.0,2.0,17.0,16.0,8.0,4.0,3.0,2.0,0.0,1.0
2016/17,2017-02-04,Blackburn,QPR,1,0,H,0.0,0.0,D,11.0,14.0,3.0,7.0,8.0,16.0,3.0,6.0,0.0,3.0,0.0,0.0
2016/17,2017-02-04,Bristol City,Rotherham,1,0,H,0.0,0.0,D,13.0,10.0,6.0,2.0,12.0,16.0,5.0,5.0,1.0,1.0,0.0,0.0
2016/17,2017-02-04,Burton,Wolves,2,1,H,0.0,1.0,A,15.0,8.0,6.0,3.0,12.0,15.0,9.0,3.0,1.0,1.0,0.0,0.0
2016/17,2017-02-04,Cardiff,Norwich,0,1,A,0.0,1.0,A,9.0,6.0,3.0,4.0,11.0,15.0,3.0,4.0,2.0,3.0,0.0,0.0
2016/17,2017-02-04,Ipswich,Reading,2,2,D,1.0,0.0,H,16.0,10.0,5.0,4.0,11.0,8.0,5.0,4.0,1.0,2.0,0.0,0.0
2016/17,2017-02-04,Newcastle,Derby,1,0,H,1.0,0.0,H,19.0,4.0,8.0,2.0,15.0,9.0,5.0,5.0,2.0,1.0,0.0,0.0
2016/17,2017-02-04,Nott'm Forest,Aston Villa,2,1,H,1.0,1.0,D,17.0,11.0,6.0,8.0,13.0,15.0,6.0,6.0,1.0,1.0,0.0,1.0
2016/17,2017-02-05,Brentford,Brighton,3,3,D,2.0,0.0,H,15.0,14.0,6.0,5.0,15.0,9.0,7.0,7.0,2.0,2.0,0.0,0.0
2016/17,2017-02-05,Huddersfield,Leeds,2,1,H,1.0,1.0,D,15.0,7.0,5.0,3.0,12.0,13.0,7.0,5.0,2.0,5.0,0.0,0.0
2016/17,2017-02-07,Wigan,Norwich,2,2,D,0.0,1.0,A,11.0,12.0,6.0,3.0,13.0,10.0,7.0,6.0,2.0,2.0,0.0,0.0
2016/17,2017-02-10,Sheffield Weds,Birmingham,3,0,H,1.0,0.0,H,17.0,13.0,7.0,3.0,16.0,13.0,6.0,6.0,0.0,3.0,0.0,0.0
2016/17,2017-02-11,Aston Villa,Ipswich,0,1,A,0.0,0.0,D,22.0,11.0,9.0,1.0,10.0,13.0,9.0,4.0,0.0,2.0,0.0,0.0
2016/17,2017-02-11,Brighton,Burton,4,1,H,1.0,0.0,H,10.0,10.0,6.0,4.0,12.0,6.0,3.0,5.0,0.0,0.0,0.0,0.0
2016/17,2017-02-11,Derby,Bristol City,3,3,D,0.0,3.0,A,11.0,16.0,6.0,6.0,13.0,13.0,8.0,3.0,2.0,4.0,0.0,0.0
2016/17,2017-02-11,Fulham,Wigan,3,2,H,1.0,2.0,A,14.0,11.0,6.0,6.0,9.0,14.0,7.0,2.0,1.0,2.0,0.0,0.0
2016/17,2017-02-11,Leeds,Cardiff,0,2,A,0.0,0.0,D,17.0,10.0,3.0,4.0,15.0,10.0,5.0,3.0,2.0,1.0,1.0,0.0
2016/17,2017-02-11,Norwich,Nott'm Forest,5,1,H,3.0,0.0,H,13.0,6.0,9.0,1.0,10.0,12.0,8.0,1.0,1.0,2.0,0.0,1.0
2016/17,2017-02-11,Preston,Brentford,4,2,H,1.0,1.0,D,17.0,12.0,9.0,4.0,7.0,9.0,2.0,6.0,0.0,2.0,0.0,0.0
2016/17,2017-02-11,QPR,Huddersfield,1,2,A,0.0,2.0,A,16.0,11.0,5.0,4.0,17.0,13.0,7.0,3.0,3.0,1.0,0.0,0.0
2016/17,2017-02-11,Reading,Barnsley,0,0,D,0.0,0.0,D,17.0,16.0,5.0,1.0,9.0,10.0,12.0,3.0,2.0,2.0,0.0,0.0
2016/17,2017-02-11,Rotherham,Blackburn,1,1,D,0.0,0.0,D,15.0,18.0,4.0,5.0,8.0,9.0,9.0,9.0,1.0,1.0,0.0,0.0
2016/17,2017-02-11,Wolves,Newcastle,0,1,A,0.0,1.0,A,13.0,6.0,2.0,2.0,14.0,17.0,5.0,3.0,1.0,5.0,0.0,0.0
2016/17,2017-02-14,Aston Villa,Barnsley,1,3,A,1.0,2.0,A,22.0,7.0,6.0,6.0,18.0,16.0,10.0,2.0,0.0,2.0,0.0,0.0
2016/17,2017-02-14,Brighton,Ipswich,1,1,D,1.0,1.0,D,17.0,8.0,5.0,4.0,16.0,17.0,3.0,6.0,3.0,5.0,0.0,0.0
2016/17,2017-02-14,Derby,Cardiff,3,4,A,2.0,1.0,H,18.0,15.0,5.0,8.0,5.0,14.0,9.0,5.0,0.0,0.0,0.0,0.0
2016/17,2017-02-14,Fulham,Nott'm Forest,3,2,H,2.0,1.0,H,14.0,7.0,4.0,3.0,10.0,7.0,6.0,1.0,2.0,1.0,0.0,0.0
2016/17,2017-02-14,Leeds,Bristol City,2,1,H,1.0,0.0,H,15.0,19.0,4.0,9.0,12.0,9.0,4.0,5.0,2.0,3.0,0.0,0.0
2016/17,2017-02-14,Norwich,Newcastle,2,2,D,2.0,1.0,H,8.0,20.0,3.0,8.0,12.0,7.0,2.0,6.0,2.0,2.0,0.0,0.0
2016/17,2017-02-14,Preston,Birmingham,2,1,H,1.0,0.0,H,14.0,11.0,5.0,2.0,12.0,13.0,4.0,3.0,2.0,3.0,0.0,1.0
2016/17,2017-02-14,Reading,Brentford,3,2,H,1.0,0.0,H,12.0,23.0,3.0,6.0,11.0,11.0,4.0,9.0,2.0,3.0,0.0,0.0
2016/17,2017-02-14,Rotherham,Huddersfield,2,3,A,1.0,1.0,D,14.0,33.0,7.0,9.0,6.0,9.0,4.0,13.0,0.0,1.0,0.0,0.0
2016/17,2017-02-14,Sheffield Weds,Blackburn,2,1,H,2.0,1.0,H,13.0,12.0,6.0,4.0,13.0,15.0,7.0,5.0,3.0,1.0,0.0,1.0
2016/17,2017-02-14,Wolves,Wigan,0,1,A,0.0,0.0,D,11.0,7.0,3.0,2.0,15.0,17.0,5.0,4.0,2.0,2.0,0.0,0.0
2016/17,2017-02-18,Barnsley,Brighton,0,2,A,0.0,0.0,D,13.0,19.0,5.0,4.0,11.0,11.0,5.0,3.0,0.0,1.0,0.0,0.0
2016/17,2017-02-18,Birmingham,QPR,1,4,A,0.0,1.0,A,14.0,15.0,2.0,9.0,11.0,25.0,6.0,4.0,3.0,3.0,0.0,0.0
2016/17,2017-02-18,Burton,Norwich,2,1,H,1.0,0.0,H,7.0,10.0,3.0,2.0,10.0,8.0,3.0,6.0,0.0,1.0,0.0,0.0
2016/17,2017-02-18,Cardiff,Rotherham,5,0,H,2.0,0.0,H,17.0,7.0,8.0,4.0,10.0,11.0,3.0,1.0,0.0,2.0,0.0,0.0
2016/17,2017-02-18,Ipswich,Leeds,1,1,D,1.0,1.0,D,10.0,4.0,3.0,1.0,10.0,11.0,9.0,1.0,1.0,0.0,0.0,0.0
2016/17,2017-02-18,Nott'm Forest,Sheffield Weds,1,2,A,0.0,1.0,A,7.0,10.0,3.0,5.0,12.0,15.0,1.0,4.0,3.0,4.0,0.0,0.0
2016/17,2017-02-18,Wigan,Preston,0,0,D,0.0,0.0,D,18.0,10.0,1.0,3.0,12.0,13.0,5.0,3.0,0.0,2.0,0.0,0.0
2016/17,2017-02-20,Newcastle,Aston Villa,2,0,H,1.0,0.0,H,14.0,8.0,6.0,1.0,13.0,9.0,6.0,4.0,2.0,0.0,0.0,0.0
2016/17,2017-02-21,Derby,Burton,0,0,D,0.0,0.0,D,14.0,3.0,3.0,1.0,6.0,11.0,11.0,0.0,1.0,1.0,0.0,0.0
2016/17,2017-02-21,Huddersfield,Reading,1,0,H,0.0,0.0,D,13.0,9.0,6.0,5.0,15.0,16.0,8.0,3.0,1.0,1.0,0.0,0.0
2016/17,2017-02-21,QPR,Wigan,2,1,H,1.0,1.0,D,13.0,10.0,4.0,4.0,13.0,20.0,4.0,6.0,1.0,5.0,0.0,0.0
2016/17,2017-02-21,Sheffield Weds,Brentford,1,2,A,0.0,2.0,A,29.0,12.0,11.0,7.0,8.0,17.0,16.0,3.0,1.0,3.0,0.0,0.0
2016/17,2017-02-22,Bristol City,Fulham,0,2,A,0.0,1.0,A,7.0,11.0,2.0,3.0,11.0,10.0,5.0,5.0,1.0,2.0,0.0,0.0
2016/17,2017-02-24,Burton,Blackburn,1,1,D,0.0,1.0,A,8.0,10.0,3.0,2.0,10.0,7.0,1.0,8.0,2.0,0.0,0.0,0.0
2016/17,2017-02-24,Wolves,Birmingham,1,2,A,0.0,2.0,A,19.0,8.0,2.0,3.0,13.0,18.0,10.0,2.0,2.0,5.0,0.0,1.0
2016/17,2017-02-25,Aston Villa,Derby,1,0,H,1.0,0.0,H,12.0,13.0,2.0,1.0,14.0,10.0,4.0,8.0,1.0,2.0,1.0,0.0
2016/17,2017-02-25,Barnsley,Huddersfield,1,1,D,0.0,1.0,A,9.0,18.0,3.0,6.0,11.0,19.0,5.0,10.0,2.0,5.0,0.0,0.0
2016/17,2017-02-25,Brentford,Rotherham,4,2,H,1.0,0.0,H,20.0,12.0,8.0,5.0,8.0,13.0,9.0,7.0,1.0,1.0,0.0,0.0
2016/17,2017-02-25,Brighton,Reading,3,0,H,1.0,0.0,H,15.0,12.0,5.0,3.0,13.0,6.0,6.0,5.0,2.0,1.0,0.0,0.0
2016/17,2017-02-25,Cardiff,Fulham,2,2,D,1.0,1.0,D,18.0,16.0,8.0,6.0,11.0,5.0,3.0,4.0,2.0,1.0,0.0,0.0
2016/17,2017-02-25,Leeds,Sheffield Weds,1,0,H,1.0,0.0,H,6.0,10.0,1.0,1.0,18.0,14.0,2.0,5.0,5.0,2.0,0.0,0.0
2016/17,2017-02-25,Newcastle,Bristol City,2,2,D,0.0,2.0,A,21.0,9.0,5.0,5.0,11.0,10.0,13.0,4.0,0.0,1.0,0.0,0.0
2016/17,2017-02-25,Preston,QPR,2,1,H,1.0,1.0,D,16.0,10.0,8.0,5.0,15.0,12.0,8.0,1.0,1.0,2.0,0.0,1.0
2016/17,2017-02-25,Wigan,Nott'm Forest,0,0,D,0.0,0.0,D,11.0,10.0,0.0,3.0,12.0,10.0,5.0,7.0,1.0,1.0,0.0,0.0
2016/17,2017-02-26,Norwich,Ipswich,1,1,D,0.0,0.0,D,23.0,4.0,7.0,1.0,12.0,8.0,14.0,1.0,0.0,2.0,0.0,0.0
2016/17,2017-02-28,Aston Villa,Bristol City,2,0,H,0.0,0.0,D,19.0,14.0,4.0,2.0,15.0,13.0,5.0,8.0,2.0,5.0,0.0,0.0
2016/17,2017-02-28,Blackburn,Derby,1,0,H,0.0,0.0,D,14.0,18.0,6.0,2.0,8.0,9.0,5.0,3.0,4.0,2.0,0.0,0.0
2016/17,2017-02-28,Brighton,Newcastle,1,2,A,1.0,0.0,H,10.0,19.0,6.0,8.0,13.0,11.0,3.0,6.0,3.0,1.0,0.0,0.0
2016/17,2017-03-03,Birmingham,Leeds,1,3,A,0.0,1.0,A,27.0,10.0,6.0,6.0,7.0,12.0,8.0,0.0,2.0,0.0,0.0,0.0
2016/17,2017-03-04,Blackburn,Wigan,1,0,H,0.0,0.0,D,14.0,12.0,2.0,2.0,6.0,10.0,8.0,5.0,1.0,1.0,0.0,0.0
2016/17,2017-03-04,Bristol City,Burton,0,0,D,0.0,0.0,D,21.0,10.0,7.0,3.0,15.0,15.0,7.0,5.0,1.0,5.0,0.0,0.0
2016/17,2017-03-04,Derby,Barnsley,2,1,H,0.0,0.0,D,23.0,15.0,10.0,6.0,13.0,13.0,9.0,6.0,1.0,2.0,0.0,0.0
2016/17,2017-03-04,Fulham,Preston,3,1,H,1.0,0.0,H,15.0,8.0,8.0,4.0,7.0,10.0,9.0,1.0,0.0,2.0,0.0,0.0
2016/17,2017-03-04,Huddersfield,Newcastle,1,3,A,0.0,2.0,A,16.0,6.0,6.0,5.0,8.0,17.0,9.0,3.0,1.0,4.0,0.0,0.0
2016/17,2017-03-04,Ipswich,Brentford,1,1,D,1.0,1.0,D,8.0,15.0,2.0,2.0,16.0,9.0,2.0,10.0,0.0,0.0,0.0,0.0
2016/17,2017-03-04,Nott'm Forest,Brighton,3,0,H,0.0,0.0,D,10.0,15.0,3.0,3.0,4.0,12.0,4.0,5.0,0.0,3.0,0.0,0.0
2016/17,2017-03-04,QPR,Cardiff,2,1,H,0.0,1.0,A,9.0,12.0,2.0,3.0,19.0,16.0,5.0,6.0,2.0,1.0,0.0,0.0
2016/17,2017-03-04,Reading,Wolves,2,1,H,0.0,0.0,D,6.0,14.0,3.0,5.0,12.0,17.0,2.0,6.0,2.0,1.0,0.0,1.0
2016/17,2017-03-04,Rotherham,Aston Villa,0,2,A,0.0,0.0,D,8.0,18.0,2.0,5.0,12.0,5.0,5.0,5.0,2.0,0.0,0.0,0.0
2016/17,2017-03-04,Sheffield Weds,Norwich,5,1,H,3.0,1.0,H,10.0,11.0,5.0,4.0,14.0,15.0,3.0,3.0,0.0,2.0,0.0,0.0
2016/17,2017-03-07,Birmingham,Wigan,0,1,A,0.0,1.0,A,12.0,12.0,2.0,3.0,9.0,18.0,6.0,3.0,1.0,1.0,0.0,0.0
2016/17,2017-03-07,Blackburn,Cardiff,1,1,D,0.0,1.0,A,16.0,8.0,3.0,2.0,7.0,16.0,9.0,2.0,0.0,2.0,0.0,0.0
2016/17,2017-03-07,Bristol City,Norwich,1,1,D,0.0,1.0,A,17.0,7.0,7.0,1.0,11.0,19.0,8.0,2.0,1.0,2.0,0.0,0.0
2016/17,2017-03-07,Derby,Preston,1,1,D,0.0,0.0,D,15.0,6.0,5.0,1.0,7.0,12.0,3.0,3.0,1.0,1.0,0.0,0.0
2016/17,2017-03-07,Fulham,Leeds,1,1,D,0.0,1.0,A,23.0,7.0,5.0,2.0,6.0,10.0,14.0,4.0,3.0,2.0,0.0,1.0
2016/17,2017-03-07,Huddersfield,Aston Villa,1,0,H,0.0,0.0,D,9.0,9.0,2.0,1.0,14.0,12.0,2.0,4.0,3.0,4.0,0.0,0.0
2016/17,2017-03-07,Ipswich,Wolves,0,0,D,0.0,0.0,D,3.0,8.0,2.0,1.0,11.0,5.0,7.0,8.0,1.0,1.0,0.0,0.0
2016/17,2017-03-07,Nott'm Forest,Brentford,2,3,A,0.0,1.0,A,15.0,10.0,9.0,4.0,7.0,15.0,6.0,1.0,2.0,1.0,0.0,0.0
2016/17,2017-03-07,QPR,Barnsley,2,1,H,1.0,0.0,H,20.0,15.0,2.0,6.0,19.0,9.0,8.0,4.0,3.0,1.0,0.0,0.0
2016/17,2017-03-07,Reading,Newcastle,0,0,D,0.0,0.0,D,6.0,13.0,1.0,5.0,8.0,6.0,7.0,5.0,1.0,0.0,0.0,0.0
2016/17,2017-03-07,Rotherham,Brighton,0,2,A,0.0,0.0,D,8.0,22.0,3.0,7.0,10.0,6.0,2.0,8.0,1.0,0.0,0.0,0.0
2016/17,2017-03-07,Sheffield Weds,Burton,1,1,D,1.0,1.0,D,20.0,9.0,5.0,4.0,10.0,6.0,11.0,4.0,0.0,1.0,0.0,0.0
2016/17,2017-03-10,Brighton,Derby,3,0,H,2.0,0.0,H,16.0,3.0,6.0,0.0,16.0,11.0,8.0,2.0,0.0,0.0,0.0,0.0
2016/17,2017-03-11,Aston Villa,Sheffield Weds,2,0,H,1.0,0.0,H,9.0,13.0,3.0,2.0,9.0,7.0,5.0,4.0,3.0,1.0,0.0,1.0
2016/17,2017-03-11,Barnsley,Ipswich,1,1,D,0.0,0.0,D,22.0,12.0,5.0,5.0,5.0,16.0,4.0,8.0,0.0,2.0,0.0,0.0
2016/17,2017-03-11,Brentford,Huddersfield,0,1,A,0.0,1.0,A,8.0,10.0,1.0,2.0,9.0,10.0,7.0,6.0,1.0,0.0,0.0,0.0
2016/17,2017-03-11,Burton,Nott'm Forest,1,0,H,1.0,0.0,H,9.0,11.0,1.0,3.0,10.0,8.0,4.0,5.0,0.0,1.0,0.0,0.0
2016/17,2017-03-11,Cardiff,Birmingham,1,1,D,0.0,0.0,D,18.0,10.0,4.0,4.0,13.0,16.0,7.0,3.0,1.0,4.0,0.0,0.0
2016/17,2017-03-11,Leeds,QPR,0,0,D,0.0,0.0,D,6.0,13.0,0.0,3.0,8.0,12.0,6.0,5.0,4.0,2.0,0.0,0.0
2016/17,2017-03-11,Newcastle,Fulham,1,3,A,0.0,1.0,A,11.0,11.0,5.0,4.0,18.0,11.0,8.0,4.0,4.0,2.0,0.0,0.0
2016/17,2017-03-11,Norwich,Blackburn,2,2,D,1.0,0.0,H,11.0,18.0,4.0,2.0,15.0,9.0,3.0,1.0,3.0,3.0,1.0,0.0
2016/17,2017-03-11,Preston,Reading,3,0,H,2.0,0.0,H,15.0,14.0,5.0,6.0,7.0,12.0,1.0,5.0,1.0,1.0,0.0,0.0
2016/17,2017-03-11,Wigan,Bristol City,0,1,A,0.0,0.0,D,8.0,14.0,4.0,2.0,14.0,9.0,8.0,9.0,2.0,1.0,0.0,0.0
2016/17,2017-03-11,Wolves,Rotherham,1,0,H,1.0,0.0,H,10.0,12.0,5.0,2.0,9.0,15.0,8.0,3.0,1.0,1.0,0.0,0.0
2016/17,2017-03-14,Brentford,Wolves,1,2,A,1.0,0.0,H,8.0,24.0,3.0,5.0,12.0,11.0,3.0,7.0,2.0,1.0,0.0,0.0
2016/17,2017-03-14,Fulham,Blackburn,2,2,D,1.0,0.0,H,12.0,13.0,4.0,6.0,5.0,9.0,7.0,6.0,2.0,4.0,0.0,0.0
2016/17,2017-03-17,Bristol City,Huddersfield,4,0,H,2.0,0.0,H,9.0,12.0,5.0,5.0,21.0,16.0,1.0,1.0,0.0,1.0,0.0,0.0
2016/17,2017-03-17,Sheffield Weds,Reading,0,2,A,0.0,1.0,A,21.0,10.0,9.0,4.0,9.0,13.0,11.0,3.0,0.0,2.0,0.0,0.0
2016/17,2017-03-18,Birmingham,Newcastle,0,0,D,0.0,0.0,D,9.0,17.0,1.0,3.0,18.0,8.0,3.0,5.0,1.0,0.0,0.0,0.0
2016/17,2017-03-18,Blackburn,Preston,2,2,D,1.0,1.0,D,11.0,15.0,3.0,4.0,8.0,10.0,3.0,5.0,1.0,2.0,0.0,0.0
2016/17,2017-03-18,Burton,Brentford,3,5,A,3.0,1.0,H,17.0,20.0,7.0,11.0,5.0,13.0,5.0,6.0,0.0,1.0,0.0,0.0
2016/17,2017-03-18,Cardiff,Ipswich,3,1,H,1.0,1.0,D,19.0,7.0,8.0,3.0,10.0,18.0,3.0,4.0,0.0,2.0,0.0,0.0
2016/17,2017-03-18,Fulham,Wolves,1,3,A,0.0,1.0,A,15.0,9.0,4.0,5.0,3.0,10.0,5.0,2.0,0.0,3.0,0.0,0.0
2016/17,2017-03-18,Leeds,Brighton,2,0,H,0.0,0.0,D,11.0,12.0,3.0,3.0,10.0,11.0,3.0,8.0,0.0,2.0,0.0,0.0
2016/17,2017-03-18,Norwich,Barnsley,2,0,H,1.0,0.0,H,16.0,15.0,9.0,4.0,15.0,9.0,4.0,7.0,1.0,0.0,0.0,0.0
2016/17,2017-03-18,Nott'm Forest,Derby,2,2,D,1.0,0.0,H,11.0,13.0,3.0,7.0,9.0,12.0,5.0,5.0,1.0,1.0,0.0,0.0
2016/17,2017-03-18,QPR,Rotherham,5,1,H,2.0,1.0,H,11.0,2.0,7.0,1.0,10.0,11.0,2.0,2.0,0.0,1.0,0.0,0.0
2016/17,2017-03-18,Wigan,Aston Villa,0,2,A,0.0,0.0,D,15.0,8.0,6.0,3.0,11.0,14.0,9.0,7.0,1.0,2.0,0.0,0.0
2016/17,2017-03-31,Derby,QPR,1,0,H,0.0,0.0,D,17.0,8.0,4.0,2.0,12.0,13.0,6.0,2.0,0.0,1.0,0.0,0.0
2016/17,2017-04-01,Aston Villa,Norwich,2,0,H,1.0,0.0,H,13.0,15.0,4.0,4.0,14.0,9.0,2.0,10.0,1.0,0.0,0.0,1.0
2016/17,2017-04-01,Barnsley,Sheffield Weds,1,1,D,0.0,0.0,D,13.0,14.0,6.0,2.0,10.0,17.0,3.0,1.0,3.0,3.0,0.0,0.0
2016/17,2017-04-01,Brentford,Bristol City,2,0,H,2.0,0.0,H,16.0,14.0,7.0,2.0,14.0,11.0,6.0,3.0,0.0,2.0,0.0,0.0
2016/17,2017-04-01,Brighton,Blackburn,1,0,H,0.0,0.0,D,11.0,7.0,7.0,0.0,14.0,11.0,5.0,6.0,1.0,1.0,0.0,0.0
2016/17,2017-04-01,Huddersfield,Burton,0,1,A,0.0,0.0,D,18.0,10.0,5.0,4.0,12.0,13.0,9.0,4.0,1.0,6.0,1.0,0.0
2016/17,2017-04-01,Ipswich,Birmingham,1,1,D,0.0,0.0,D,11.0,8.0,3.0,4.0,9.0,11.0,5.0,4.0,0.0,1.0,0.0,0.0
2016/17,2017-04-01,Newcastle,Wigan,2,1,H,1.0,0.0,H,18.0,6.0,6.0,3.0,12.0,14.0,6.0,4.0,1.0,2.0,0.0,0.0
2016/17,2017-04-01,Preston,Nott'm Forest,1,1,D,0.0,1.0,A,9.0,19.0,4.0,5.0,10.0,10.0,4.0,1.0,3.0,3.0,0.0,0.0
2016/17,2017-04-01,Reading,Leeds,1,0,H,1.0,0.0,H,8.0,10.0,2.0,2.0,10.0,15.0,2.0,6.0,3.0,0.0,0.0,0.0
2016/17,2017-04-01,Rotherham,Fulham,0,1,A,0.0,0.0,D,8.0,10.0,2.0,2.0,10.0,14.0,5.0,4.0,1.0,1.0,0.0,0.0
2016/17,2017-04-01,Wolves,Cardiff,3,1,H,2.0,1.0,H,10.0,10.0,5.0,2.0,12.0,9.0,4.0,6.0,1.0,3.0,0.0,0.0
2016/17,2017-04-04,Aston Villa,QPR,1,0,H,1.0,0.0,H,13.0,13.0,2.0,1.0,10.0,11.0,5.0,6.0,1.0,1.0,0.0,0.0
2016/17,2017-04-04,Barnsley,Cardiff,0,0,D,0.0,0.0,D,15.0,6.0,5.0,2.0,8.0,13.0,9.0,2.0,1.0,3.0,0.0,0.0
2016/17,2017-04-04,Brentford,Leeds,2,0,H,2.0,0.0,H,23.0,15.0,9.0,4.0,9.0,11.0,4.0,8.0,2.0,0.0,0.0,0.0
2016/17,2017-04-04,Brighton,Birmingham,3,1,H,1.0,0.0,H,9.0,13.0,3.0,3.0,16.0,8.0,3.0,8.0,2.0,1.0,0.0,0.0
2016/17,2017-04-04,Derby,Fulham,4,2,H,2.0,1.0,H,11.0,12.0,10.0,3.0,10.0,9.0,2.0,2.0,1.0,3.0,0.0,0.0
2016/17,2017-04-04,Ipswich,Wigan,3,0,H,2.0,0.0,H,14.0,11.0,10.0,7.0,14.0,12.0,6.0,5.0,3.0,2.0,0.0,0.0
2016/17,2017-04-04,Preston,Bristol City,5,0,H,1.0,0.0,H,23.0,15.0,9.0,4.0,16.0,14.0,10.0,3.0,2.0,2.0,0.0,0.0
2016/17,2017-04-04,Reading,Blackburn,3,1,H,2.0,0.0,H,15.0,14.0,6.0,2.0,13.0,8.0,1.0,5.0,1.0,0.0,0.0,0.0
2016/17,2017-04-04,Rotherham,Sheffield Weds,0,2,A,0.0,2.0,A,13.0,8.0,3.0,4.0,9.0,20.0,4.0,2.0,2.0,0.0,0.0,0.0
2016/17,2017-04-04,Wolves,Nott'm Forest,1,0,H,0.0,0.0,D,13.0,8.0,5.0,4.0,13.0,6.0,5.0,4.0,2.0,0.0,0.0,1.0
2016/17,2017-04-05,Huddersfield,Norwich,3,0,H,0.0,0.0,D,17.0,5.0,9.0,2.0,6.0,15.0,5.0,3.0,1.0,3.0,0.0,0.0
2016/17,2017-04-05,Newcastle,Burton,1,0,H,0.0,0.0,D,22.0,6.0,4.0,2.0,12.0,7.0,4.0,3.0,1.0,0.0,0.0,0.0
2016/17,2017-04-07,QPR,Brighton,1,2,A,0.0,0.0,D,17.0,11.0,5.0,3.0,11.0,13.0,5.0,8.0,0.0,1.0,0.0,0.0
2016/17,2017-04-08,Birmingham,Derby,1,2,A,0.0,1.0,A,22.0,12.0,3.0,5.0,9.0,14.0,9.0,3.0,0.0,2.0,0.0,0.0
2016/17,2017-04-08,Blackburn,Barnsley,0,2,A,0.0,2.0,A,15.0,12.0,2.0,5.0,9.0,12.0,9.0,5.0,2.0,1.0,0.0,0.0
2016/17,2017-04-08,Bristol City,Wolves,3,1,H,2.0,0.0,H,6.0,10.0,4.0,4.0,9.0,18.0,3.0,5.0,1.0,1.0,0.0,0.0
2016/17,2017-04-08,Burton,Aston Villa,1,1,D,0.0,1.0,A,7.0,11.0,1.0,3.0,9.0,8.0,8.0,3.0,3.0,1.0,0.0,0.0
2016/17,2017-04-08,Cardiff,Brentford,2,1,H,0.0,1.0,A,14.0,15.0,10.0,2.0,16.0,11.0,3.0,4.0,2.0,0.0,0.0,0.0
2016/17,2017-04-08,Fulham,Ipswich,3,1,H,2.0,0.0,H,18.0,13.0,8.0,3.0,12.0,13.0,7.0,4.0,3.0,1.0,0.0,0.0
2016/17,2017-04-08,Leeds,Preston,3,0,H,2.0,0.0,H,15.0,15.0,6.0,6.0,11.0,6.0,4.0,7.0,1.0,0.0,0.0,1.0
2016/17,2017-04-08,Norwich,Reading,7,1,H,6.0,1.0,H,31.0,12.0,13.0,5.0,9.0,9.0,5.0,1.0,1.0,2.0,0.0,0.0
2016/17,2017-04-08,Nott'm Forest,Huddersfield,2,0,H,1.0,0.0,H,17.0,16.0,7.0,6.0,12.0,13.0,7.0,4.0,1.0,2.0,0.0,0.0
2016/17,2017-04-08,Sheffield Weds,Newcastle,2,1,H,0.0,0.0,D,11.0,16.0,3.0,8.0,8.0,12.0,3.0,4.0,2.0,1.0,0.0,0.0
2016/17,2017-04-08,Wigan,Rotherham,3,2,H,1.0,1.0,D,13.0,9.0,5.0,7.0,13.0,14.0,8.0,2.0,1.0,2.0,0.0,0.0
2016/17,2017-04-13,Wigan,Barnsley,3,2,H,0.0,1.0,A,25.0,8.0,7.0,3.0,10.0,24.0,6.0,1.0,3.0,4.0,0.0,0.0
2016/17,2017-04-14,Brentford,Derby,4,0,H,1.0,0.0,H,11.0,10.0,6.0,2.0,7.0,14.0,1.0,6.0,2.0,3.0,0.0,0.0
2016/17,2017-04-14,Bristol City,QPR,2,1,H,2.0,0.0,H,10.0,16.0,4.0,5.0,14.0,11.0,4.0,3.0,1.0,4.0,0.0,0.0
2016/17,2017-04-14,Burton,Ipswich,1,2,A,0.0,0.0,D,17.0,10.0,3.0,5.0,8.0,12.0,7.0,5.0,0.0,1.0,0.0,0.0
2016/17,2017-04-14,Huddersfield,Preston,3,2,H,1.0,1.0,D,14.0,3.0,6.0,2.0,8.0,15.0,6.0,0.0,1.0,5.0,0.0,0.0
2016/17,2017-04-14,Newcastle,Leeds,1,1,D,0.0,0.0,D,22.0,4.0,4.0,2.0,7.0,16.0,19.0,0.0,2.0,3.0,0.0,0.0
2016/17,2017-04-14,Norwich,Fulham,1,3,A,0.0,1.0,A,18.0,11.0,7.0,6.0,12.0,8.0,14.0,2.0,4.0,3.0,0.0,1.0
2016/17,2017-04-14,Nott'm Forest,Blackburn,0,1,A,0.0,0.0,D,12.0,7.0,3.0,1.0,17.0,13.0,7.0,4.0,3.0,4.0,0.0,0.0
2016/17,2017-04-14,Rotherham,Birmingham,1,1,D,0.0,0.0,D,12.0,13.0,3.0,4.0,17.0,10.0,3.0,4.0,2.0,3.0,0.0,0.0
2016/17,2017-04-14,Sheffield Weds,Cardiff,1,0,H,0.0,0.0,D,11.0,6.0,5.0,2.0,13.0,16.0,2.0,3.0,0.0,1.0,0.0,0.0
2016/17,2017-04-14,Wolves,Brighton,0,2,A,0.0,1.0,A,14.0,10.0,4.0,2.0,13.0,10.0,6.0,3.0,1.0,0.0,0.0,0.0
2016/17,2017-04-15,Aston Villa,Reading,1,3,A,1.0,1.0,D,15.0,13.0,4.0,8.0,7.0,10.0,6.0,6.0,1.0,3.0,0.0,0.0
2016/17,2017-04-17,Barnsley,Brentford,1,1,D,1.0,1.0,D,25.0,14.0,8.0,4.0,9.0,9.0,9.0,4.0,1.0,0.0,0.0,0.0
2016/17,2017-04-17,Birmingham,Burton,0,2,A,0.0,1.0,A,20.0,8.0,2.0,3.0,13.0,14.0,3.0,3.0,2.0,1.0,0.0,0.0
2016/17,2017-04-17,Blackburn,Bristol City,1,1,D,0.0,1.0,A,9.0,13.0,3.0,6.0,13.0,9.0,3.0,1.0,2.0,3.0,0.0,0.0
2016/17,2017-04-17,Brighton,Wigan,2,1,H,1.0,0.0,H,16.0,7.0,8.0,2.0,13.0,9.0,10.0,1.0,1.0,0.0,0.0,0.0
2016/17,2017-04-17,Cardiff,Nott'm Forest,1,0,H,0.0,0.0,D,15.0,23.0,2.0,1.0,13.0,14.0,1.0,7.0,0.0,0.0,0.0,0.0
2016/17,2017-04-17,Derby,Huddersfield,1,1,D,0.0,1.0,A,10.0,2.0,2.0,1.0,13.0,13.0,6.0,2.0,1.0,2.0,0.0,0.0
2016/17,2017-04-17,Fulham,Aston Villa,3,1,H,1.0,0.0,H,14.0,7.0,5.0,2.0,13.0,8.0,10.0,5.0,0.0,3.0,0.0,1.0
2016/17,2017-04-17,Ipswich,Newcastle,3,1,H,1.0,0.0,H,9.0,12.0,3.0,4.0,18.0,11.0,2.0,7.0,2.0,1.0,0.0,0.0
2016/17,2017-04-17,Leeds,Wolves,0,1,A,0.0,1.0,A,12.0,11.0,2.0,4.0,9.0,12.0,10.0,5.0,2.0,2.0,0.0,0.0
2016/17,2017-04-17,Preston,Norwich,1,3,A,0.0,2.0,A,16.0,23.0,3.0,10.0,10.0,17.0,6.0,8.0,0.0,1.0,0.0,0.0
2016/17,2017-04-17,QPR,Sheffield Weds,1,2,A,1.0,2.0,A,13.0,10.0,3.0,5.0,11.0,14.0,6.0,6.0,1.0,1.0,0.0,0.0
2016/17,2017-04-17,Reading,Rotherham,2,1,H,0.0,1.0,A,16.0,6.0,9.0,3.0,8.0,13.0,13.0,4.0,0.0,2.0,0.0,0.0
2016/17,2017-04-21,Norwich,Brighton,2,0,H,2.0,0.0,H,7.0,11.0,0.0,3.0,9.0,13.0,2.0,5.0,1.0,1.0,0.0,0.0
2016/17,2017-04-22,Brentford,QPR,3,1,H,1.0,0.0,H,17.0,16.0,6.0,8.0,15.0,16.0,5.0,6.0,1.0,3.0,0.0,0.0
2016/17,2017-04-22,Bristol City,Barnsley,3,2,H,0.0,1.0,A,24.0,12.0,8.0,4.0,8.0,11.0,11.0,4.0,1.0,1.0,0.0,0.0
2016/17,2017-04-22,Burton,Leeds,2,1,H,0.0,0.0,D,11.0,10.0,3.0,2.0,7.0,9.0,6.0,8.0,1.0,0.0,0.0,0.0
2016/17,2017-04-22,Huddersfield,Fulham,1,4,A,1.0,4.0,A,13.0,10.0,2.0,6.0,9.0,11.0,6.0,0.0,1.0,2.0,0.0,0.0
2016/17,2017-04-22,Nott'm Forest,Reading,3,2,H,1.0,0.0,H,19.0,10.0,10.0,3.0,11.0,11.0,11.0,4.0,2.0,2.0,0.0,0.0
2016/17,2017-04-22,Rotherham,Ipswich,1,0,H,0.0,0.0,D,18.0,10.0,4.0,5.0,17.0,12.0,6.0,7.0,2.0,1.0,0.0,0.0
2016/17,2017-04-22,Sheffield Weds,Derby,2,1,H,0.0,0.0,D,13.0,12.0,2.0,4.0,5.0,6.0,2.0,4.0,1.0,1.0,0.0,0.0
2016/17,2017-04-22,Wigan,Cardiff,0,0,D,0.0,0.0,D,11.0,4.0,1.0,0.0,10.0,12.0,10.0,4.0,0.0,1.0,0.0,0.0
2016/17,2017-04-22,Wolves,Blackburn,0,0,D,0.0,0.0,D,5.0,5.0,1.0,2.0,14.0,14.0,0.0,5.0,1.0,3.0,0.0,0.0
2016/17,2017-04-23,Aston Villa,Birmingham,1,0,H,0.0,0.0,D,4.0,6.0,1.0,1.0,15.0,15.0,1.0,3.0,1.0,2.0,0.0,0.0
2016/17,2017-04-24,Newcastle,Preston,4,1,H,2.0,1.0,H,22.0,6.0,7.0,2.0,8.0,9.0,16.0,1.0,2.0,1.0,0.0,1.0
2016/17,2017-04-25,Wolves,Huddersfield,0,1,A,0.0,1.0,A,7.0,15.0,3.0,4.0,13.0,8.0,3.0,4.0,3.0,0.0,0.0,0.0
2016/17,2017-04-28,Cardiff,Newcastle,0,2,A,0.0,0.0,D,13.0,14.0,3.0,5.0,11.0,9.0,5.0,4.0,1.0,0.0,0.0,0.0
2016/17,2017-04-29,Barnsley,Burton,1,1,D,1.0,0.0,H,15.0,10.0,5.0,3.0,13.0,8.0,6.0,3.0,1.0,2.0,0.0,0.0
2016/17,2017-04-29,Birmingham,Huddersfield,2,0,H,1.0,0.0,H,7.0,11.0,4.0,3.0,10.0,17.0,1.0,5.0,2.0,2.0,1.0,0.0
2016/17,2017-04-29,Blackburn,Aston Villa,1,0,H,0.0,0.0,D,14.0,8.0,4.0,2.0,11.0,5.0,7.0,1.0,0.0,0.0,0.0,0.0
2016/17,2017-04-29,Brighton,Bristol City,0,1,A,0.0,1.0,A,13.0,9.0,2.0,3.0,20.0,12.0,4.0,2.0,1.0,2.0,0.0,0.0
2016/17,2017-04-29,Derby,Wolves,3,1,H,2.0,1.0,H,17.0,7.0,6.0,3.0,9.0,8.0,4.0,2.0,1.0,1.0,0.0,1.0
2016/17,2017-04-29,Fulham,Brentford,1,1,D,1.0,1.0,D,18.0,10.0,7.0,6.0,8.0,9.0,11.0,1.0,1.0,0.0,0.0,0.0
2016/17,2017-04-29,Ipswich,Sheffield Weds,0,1,A,0.0,0.0,D,6.0,14.0,2.0,2.0,11.0,13.0,1.0,6.0,1.0,0.0,0.0,0.0
2016/17,2017-04-29,Leeds,Norwich,3,3,D,1.0,3.0,A,15.0,16.0,5.0,8.0,10.0,9.0,4.0,2.0,2.0,1.0,0.0,1.0
2016/17,2017-04-29,Preston,Rotherham,1,1,D,1.0,1.0,D,18.0,14.0,4.0,7.0,10.0,19.0,7.0,5.0,0.0,1.0,0.0,0.0
2016/17,2017-04-29,QPR,Nott'm Forest,2,0,H,0.0,0.0,D,13.0,14.0,6.0,8.0,14.0,11.0,5.0,8.0,2.0,3.0,0.0,0.0
2016/17,2017-04-29,Reading,Wigan,1,0,H,1.0,0.0,H,10.0,20.0,2.0,3.0,12.0,9.0,3.0,8.0,5.0,1.0,0.0,0.0
2016/17,2017-05-07,Aston Villa,Brighton,1,1,D,0.0,0.0,D,14.0,15.0,10.0,3.0,9.0,14.0,7.0,3.0,0.0,1.0,1.0,0.0
2016/17,2017-05-07,Brentford,Blackburn,1,3,A,0.0,2.0,A,22.0,16.0,5.0,5.0,7.0,4.0,10.0,4.0,0.0,1.0,1.0,0.0
2016/17,2017-05-07,Bristol City,Birmingham,0,1,A,0.0,1.0,A,20.0,14.0,1.0,7.0,18.0,14.0,7.0,6.0,1.0,7.0,0.0,0.0
2016/17,2017-05-07,Burton,Reading,2,4,A,0.0,2.0,A,16.0,14.0,7.0,10.0,16.0,17.0,9.0,4.0,1.0,0.0,0.0,0.0
2016/17,2017-05-07,Huddersfield,Cardiff,0,3,A,0.0,2.0,A,7.0,16.0,2.0,11.0,10.0,11.0,2.0,1.0,0.0,1.0,1.0,0.0
2016/17,2017-05-07,Newcastle,Barnsley,3,0,H,1.0,0.0,H,15.0,8.0,8.0,3.0,9.0,9.0,10.0,4.0,1.0,0.0,0.0,0.0
2016/17,2017-05-07,Norwich,QPR,4,0,H,1.0,0.0,H,24.0,8.0,9.0,2.0,6.0,11.0,12.0,4.0,0.0,0.0,0.0,0.0
2016/17,2017-05-07,Nott'm Forest,Ipswich,3,0,H,1.0,0.0,H,19.0,7.0,5.0,4.0,9.0,12.0,5.0,2.0,0.0,2.0,0.0,0.0
2016/17,2017-05-07,Rotherham,Derby,1,1,D,0.0,0.0,D,10.0,10.0,6.0,4.0,9.0,11.0,0.0,6.0,0.0,0.0,0.0,0.0
2016/17,2017-05-07,Sheffield Weds,Fulham,1,2,A,1.0,1.0,D,7.0,18.0,2.0,6.0,9.0,8.0,2.0,10.0,0.0,1.0,1.0,0.0
2016/17,2017-05-07,Wigan,Leeds,1,1,D,1.0,0.0,H,9.0,17.0,3.0,3.0,15.0,16.0,1.0,5.0,1.0,2.0,0.0,0.0
2016/17,2017-05-07,Wolves,Preston,1,0,H,1.0,0.0,H,13.0,11.0,3.0,2.0,18.0,13.0,5.0,3.0,1.0,2.0,0.0,0.0
2017/18,2017-08-04,Nott'm Forest,Millwall,1,0,H,1.0,0.0,H,11.0,23.0,2.0,6.0,13.0,15.0,5.0,4.0,0.0,1.0,0.0,0.0
2017/18,2017-08-04,Sunderland,Derby,1,1,D,1.0,1.0,D,20.0,11.0,4.0,4.0,12.0,11.0,6.0,7.0,1.0,0.0,0.0,0.0
2017/18,2017-08-05,Aston Villa,Hull,1,1,D,1.0,0.0,H,12.0,14.0,5.0,5.0,13.0,11.0,5.0,3.0,2.0,0.0,0.0,0.0
2017/18,2017-08-05,Bristol City,Barnsley,3,1,H,3.0,0.0,H,20.0,10.0,11.0,5.0,14.0,9.0,3.0,2.0,1.0,2.0,0.0,0.0
2017/18,2017-08-05,Burton,Cardiff,0,1,A,0.0,0.0,D,3.0,16.0,0.0,6.0,13.0,15.0,4.0,6.0,1.0,0.0,0.0,0.0
2017/18,2017-08-05,Fulham,Norwich,1,1,D,1.0,0.0,H,16.0,19.0,3.0,5.0,12.0,10.0,7.0,1.0,3.0,2.0,0.0,0.0
2017/18,2017-08-05,Ipswich,Birmingham,1,0,H,0.0,0.0,D,12.0,12.0,2.0,3.0,11.0,14.0,8.0,2.0,1.0,1.0,0.0,0.0
2017/18,2017-08-05,Preston,Sheffield Weds,1,0,H,0.0,0.0,D,11.0,6.0,3.0,1.0,17.0,18.0,6.0,3.0,2.0,3.0,0.0,0.0
2017/18,2017-08-05,QPR,Reading,2,0,H,1.0,0.0,H,11.0,4.0,4.0,2.0,17.0,12.0,10.0,1.0,1.0,2.0,0.0,1.0
2017/18,2017-08-05,Sheffield United,Brentford,1,0,H,1.0,0.0,H,9.0,12.0,2.0,5.0,6.0,9.0,6.0,3.0,0.0,0.0,0.0,0.0
2017/18,2017-08-05,Wolves,Middlesbrough,1,0,H,1.0,0.0,H,10.0,5.0,2.0,2.0,14.0,13.0,4.0,4.0,1.0,2.0,0.0,0.0
2017/18,2017-08-06,Bolton,Leeds,2,3,A,1.0,3.0,A,10.0,11.0,4.0,5.0,9.0,14.0,6.0,8.0,1.0,0.0,0.0,0.0
2017/18,2017-08-12,Barnsley,Ipswich,1,2,A,1.0,0.0,H,25.0,9.0,10.0,2.0,11.0,14.0,11.0,7.0,1.0,2.0,0.0,0.0
2017/18,2017-08-12,Birmingham,Bristol City,2,1,H,1.0,1.0,D,18.0,25.0,8.0,3.0,15.0,15.0,2.0,10.0,0.0,2.0,1.0,0.0
2017/18,2017-08-12,Brentford,Nott'm Forest,3,4,A,1.0,2.0,A,20.0,13.0,9.0,6.0,11.0,13.0,12.0,3.0,1.0,3.0,0.0,0.0
2017/18,2017-08-12,Cardiff,Aston Villa,3,0,H,1.0,0.0,H,15.0,10.0,12.0,1.0,9.0,9.0,4.0,7.0,0.0,1.0,0.0,0.0
2017/18,2017-08-12,Derby,Wolves,0,2,A,0.0,1.0,A,13.0,12.0,3.0,3.0,6.0,10.0,10.0,5.0,0.0,0.0,0.0,0.0
2017/18,2017-08-12,Hull,Burton,4,1,H,1.0,1.0,D,27.0,6.0,11.0,2.0,13.0,6.0,5.0,2.0,2.0,1.0,0.0,1.0
2017/18,2017-08-12,Leeds,Preston,0,0,D,0.0,0.0,D,12.0,9.0,4.0,1.0,14.0,14.0,6.0,4.0,1.0,1.0,0.0,1.0
2017/18,2017-08-12,Middlesbrough,Sheffield United,1,0,H,1.0,0.0,H,15.0,7.0,2.0,3.0,19.0,11.0,4.0,3.0,1.0,1.0,0.0,0.0
2017/18,2017-08-12,Millwall,Bolton,1,1,D,0.0,0.0,D,14.0,5.0,8.0,2.0,14.0,16.0,4.0,0.0,2.0,3.0,0.0,0.0
2017/18,2017-08-12,Reading,Fulham,1,1,D,0.0,0.0,D,23.0,6.0,6.0,3.0,18.0,7.0,9.0,3.0,3.0,1.0,0.0,1.0
2017/18,2017-08-12,Sheffield Weds,QPR,1,1,D,0.0,1.0,A,14.0,10.0,4.0,4.0,10.0,16.0,4.0,1.0,0.0,3.0,0.0,0.0
2017/18,2017-08-13,Norwich,Sunderland,1,3,A,0.0,1.0,A,14.0,9.0,3.0,5.0,16.0,18.0,13.0,1.0,0.0,1.0,0.0,0.0
2017/18,2017-08-15,Barnsley,Nott'm Forest,2,1,H,1.0,1.0,D,13.0,26.0,5.0,7.0,13.0,9.0,2.0,9.0,2.0,1.0,0.0,0.0
2017/18,2017-08-15,Birmingham,Bolton,0,0,D,0.0,0.0,D,10.0,12.0,0.0,2.0,13.0,8.0,7.0,4.0,1.0,1.0,0.0,0.0
2017/18,2017-08-15,Brentford,Bristol City,2,2,D,0.0,1.0,A,24.0,8.0,10.0,5.0,16.0,13.0,5.0,3.0,2.0,3.0,0.0,0.0
2017/18,2017-08-15,Cardiff,Sheffield United,2,0,H,1.0,0.0,H,19.0,13.0,6.0,4.0,11.0,8.0,7.0,6.0,2.0,1.0,0.0,0.0
2017/18,2017-08-15,Derby,Preston,1,0,H,0.0,0.0,D,15.0,9.0,5.0,4.0,14.0,15.0,4.0,4.0,2.0,3.0,0.0,0.0
2017/18,2017-08-15,Hull,Wolves,2,3,A,1.0,2.0,A,11.0,8.0,4.0,4.0,11.0,8.0,4.0,4.0,2.0,4.0,0.0,0.0
2017/18,2017-08-15,Leeds,Fulham,0,0,D,0.0,0.0,D,9.0,15.0,1.0,1.0,12.0,10.0,3.0,3.0,2.0,1.0,0.0,0.0
2017/18,2017-08-15,Middlesbrough,Burton,2,0,H,1.0,0.0,H,16.0,3.0,6.0,0.0,10.0,12.0,3.0,7.0,1.0,2.0,0.0,1.0
2017/18,2017-08-15,Millwall,Ipswich,3,4,A,2.0,3.0,A,23.0,8.0,6.0,4.0,17.0,19.0,8.0,3.0,1.0,4.0,0.0,0.0
2017/18,2017-08-15,Reading,Aston Villa,2,1,H,0.0,0.0,D,14.0,10.0,5.0,3.0,9.0,10.0,4.0,1.0,2.0,2.0,0.0,0.0
2017/18,2017-08-16,Norwich,QPR,2,0,H,0.0,0.0,D,14.0,9.0,6.0,3.0,9.0,9.0,8.0,3.0,1.0,1.0,0.0,0.0
2017/18,2017-08-16,Sheffield Weds,Sunderland,1,1,D,0.0,1.0,A,17.0,8.0,4.0,2.0,7.0,12.0,9.0,3.0,0.0,1.0,0.0,0.0
2017/18,2017-08-18,Burton,Birmingham,2,1,H,0.0,1.0,A,12.0,16.0,6.0,5.0,10.0,11.0,4.0,5.0,1.0,0.0,0.0,0.0
2017/18,2017-08-19,Aston Villa,Norwich,4,2,H,2.0,0.0,H,20.0,9.0,8.0,3.0,14.0,11.0,3.0,3.0,1.0,3.0,0.0,0.0
2017/18,2017-08-19,Bolton,Derby,1,2,A,0.0,2.0,A,7.0,10.0,1.0,2.0,12.0,10.0,3.0,2.0,2.0,1.0,0.0,0.0
2017/18,2017-08-19,Bristol City,Millwall,0,0,D,0.0,0.0,D,10.0,14.0,3.0,3.0,14.0,18.0,5.0,16.0,3.0,2.0,0.0,0.0
2017/18,2017-08-19,Fulham,Sheffield Weds,0,1,A,0.0,0.0,D,8.0,8.0,2.0,3.0,12.0,11.0,6.0,3.0,2.0,0.0,0.0,0.0
2017/18,2017-08-19,Ipswich,Brentford,2,0,H,1.0,0.0,H,5.0,22.0,3.0,6.0,14.0,10.0,6.0,11.0,1.0,2.0,0.0,0.0
2017/18,2017-08-19,Nott'm Forest,Middlesbrough,2,1,H,1.0,0.0,H,11.0,17.0,3.0,7.0,5.0,22.0,5.0,5.0,2.0,4.0,0.0,0.0
2017/18,2017-08-19,Preston,Reading,1,0,H,1.0,0.0,H,21.0,7.0,8.0,1.0,17.0,18.0,4.0,5.0,2.0,3.0,0.0,0.0
2017/18,2017-08-19,QPR,Hull,2,1,H,0.0,1.0,A,11.0,12.0,5.0,6.0,17.0,14.0,11.0,5.0,3.0,3.0,0.0,0.0
2017/18,2017-08-19,Sheffield United,Barnsley,1,0,H,1.0,0.0,H,18.0,11.0,6.0,1.0,7.0,10.0,12.0,2.0,3.0,3.0,1.0,1.0
2017/18,2017-08-19,Sunderland,Leeds,0,2,A,0.0,1.0,A,12.0,8.0,1.0,5.0,13.0,9.0,7.0,4.0,3.0,1.0,0.0,0.0
2017/18,2017-08-19,Wolves,Cardiff,1,2,A,0.0,0.0,D,12.0,17.0,3.0,5.0,14.0,13.0,2.0,4.0,2.0,4.0,0.0,0.0
2017/18,2017-08-25,Bristol City,Aston Villa,1,1,D,0.0,0.0,D,12.0,12.0,5.0,4.0,11.0,16.0,8.0,1.0,1.0,1.0,0.0,0.0
2017/18,2017-08-25,Hull,Bolton,4,0,H,3.0,0.0,H,7.0,9.0,5.0,5.0,8.0,15.0,5.0,5.0,1.0,1.0,0.0,0.0
2017/18,2017-08-26,Barnsley,Sunderland,3,0,H,2.0,0.0,H,11.0,11.0,6.0,3.0,11.0,7.0,7.0,3.0,1.0,3.0,0.0,0.0
2017/18,2017-08-26,Birmingham,Reading,0,2,A,0.0,0.0,D,14.0,13.0,2.0,5.0,10.0,5.0,4.0,3.0,0.0,0.0,0.0,0.0
2017/18,2017-08-26,Brentford,Wolves,0,0,D,0.0,0.0,D,14.0,15.0,2.0,4.0,11.0,10.0,8.0,6.0,1.0,1.0,0.0,0.0
2017/18,2017-08-26,Burton,Sheffield Weds,1,1,D,0.0,1.0,A,12.0,11.0,4.0,3.0,7.0,17.0,6.0,5.0,0.0,2.0,0.0,0.0
2017/18,2017-08-26,Cardiff,QPR,2,1,H,2.0,1.0,H,17.0,8.0,8.0,1.0,12.0,16.0,8.0,2.0,0.0,1.0,0.0,0.0
2017/18,2017-08-26,Ipswich,Fulham,0,2,A,0.0,1.0,A,6.0,18.0,2.0,7.0,18.0,12.0,5.0,6.0,1.0,0.0,0.0,0.0
2017/18,2017-08-26,Middlesbrough,Preston,0,0,D,0.0,0.0,D,5.0,12.0,1.0,3.0,13.0,16.0,3.0,8.0,1.0,2.0,0.0,0.0
2017/18,2017-08-26,Millwall,Norwich,4,0,H,3.0,0.0,H,11.0,15.0,5.0,7.0,13.0,7.0,5.0,6.0,2.0,1.0,0.0,0.0
2017/18,2017-08-26,Nott'm Forest,Leeds,0,2,A,0.0,1.0,A,5.0,18.0,1.0,4.0,10.0,11.0,4.0,2.0,3.0,2.0,0.0,0.0
2017/18,2017-08-26,Sheffield United,Derby,3,1,H,2.0,0.0,H,5.0,15.0,4.0,2.0,15.0,12.0,6.0,2.0,3.0,3.0,0.0,0.0
2017/18,2017-09-08,Derby,Hull,5,0,H,4.0,0.0,H,15.0,18.0,7.0,3.0,16.0,7.0,3.0,9.0,0.0,0.0,0.0,0.0
2017/18,2017-09-09,Aston Villa,Brentford,0,0,D,0.0,0.0,D,10.0,18.0,1.0,5.0,10.0,14.0,5.0,4.0,0.0,0.0,0.0,0.0
2017/18,2017-09-09,Bolton,Middlesbrough,0,3,A,0.0,1.0,A,9.0,14.0,4.0,5.0,10.0,14.0,4.0,7.0,1.0,1.0,0.0,0.0
2017/18,2017-09-09,Fulham,Cardiff,1,1,D,0.0,0.0,D,12.0,11.0,4.0,2.0,18.0,22.0,5.0,2.0,4.0,3.0,0.0,0.0
2017/18,2017-09-09,Leeds,Burton,5,0,H,3.0,0.0,H,30.0,1.0,10.0,0.0,11.0,12.0,10.0,1.0,0.0,1.0,0.0,0.0
2017/18,2017-09-09,Norwich,Birmingham,1,0,H,1.0,0.0,H,14.0,9.0,4.0,1.0,15.0,18.0,5.0,6.0,1.0,5.0,0.0,0.0
2017/18,2017-09-09,Preston,Barnsley,1,1,D,1.0,1.0,D,17.0,10.0,5.0,3.0,12.0,12.0,10.0,2.0,1.0,2.0,0.0,0.0
2017/18,2017-09-09,QPR,Ipswich,2,1,H,1.0,0.0,H,21.0,12.0,8.0,2.0,14.0,11.0,9.0,4.0,1.0,2.0,0.0,0.0
2017/18,2017-09-09,Reading,Bristol City,0,1,A,0.0,0.0,D,15.0,7.0,5.0,2.0,10.0,10.0,3.0,4.0,1.0,1.0,0.0,0.0
2017/18,2017-09-09,Sheffield Weds,Nott'm Forest,3,1,H,1.0,1.0,D,18.0,11.0,7.0,5.0,5.0,13.0,8.0,4.0,1.0,0.0,0.0,0.0
2017/18,2017-09-09,Sunderland,Sheffield United,1,2,A,0.0,1.0,A,5.0,8.0,1.0,5.0,13.0,13.0,2.0,4.0,1.0,2.0,0.0,0.0
2017/18,2017-09-09,Wolves,Millwall,1,0,H,1.0,0.0,H,19.0,8.0,8.0,2.0,11.0,9.0,6.0,4.0,1.0,1.0,0.0,1.0
2017/18,2017-09-12,Aston Villa,Middlesbrough,0,0,D,0.0,0.0,D,18.0,5.0,6.0,2.0,12.0,11.0,6.0,5.0,2.0,1.0,1.0,1.0
2017/18,2017-09-12,Bolton,Sheffield United,0,1,A,0.0,1.0,A,13.0,8.0,2.0,3.0,14.0,14.0,3.0,2.0,3.0,1.0,0.0,0.0
2017/18,2017-09-12,Leeds,Birmingham,2,0,H,1.0,0.0,H,17.0,14.0,5.0,5.0,8.0,14.0,2.0,8.0,1.0,3.0,0.0,0.0
2017/18,2017-09-12,Norwich,Burton,0,0,D,0.0,0.0,D,18.0,7.0,2.0,2.0,16.0,5.0,10.0,3.0,3.0,2.0,0.0,0.0
2017/18,2017-09-12,Preston,Cardiff,3,0,H,1.0,0.0,H,16.0,10.0,7.0,1.0,14.0,15.0,5.0,4.0,3.0,3.0,0.0,0.0
2017/18,2017-09-12,QPR,Millwall,2,2,D,0.0,1.0,A,31.0,14.0,14.0,5.0,15.0,18.0,7.0,5.0,2.0,5.0,0.0,1.0
2017/18,2017-09-12,Sheffield Weds,Brentford,2,1,H,1.0,1.0,D,16.0,17.0,8.0,5.0,11.0,11.0,8.0,8.0,3.0,0.0,0.0,0.0
2017/18,2017-09-12,Sunderland,Nott'm Forest,0,1,A,0.0,0.0,D,14.0,8.0,3.0,2.0,13.0,12.0,6.0,4.0,1.0,1.0,0.0,0.0
2017/18,2017-09-12,Wolves,Bristol City,3,3,D,1.0,1.0,D,21.0,12.0,6.0,4.0,15.0,9.0,9.0,8.0,1.0,2.0,0.0,0.0
2017/18,2017-09-13,Fulham,Hull,2,1,H,1.0,0.0,H,16.0,10.0,4.0,6.0,8.0,15.0,6.0,3.0,0.0,0.0,0.0,0.0
2017/18,2017-09-16,Barnsley,Aston Villa,0,3,A,0.0,2.0,A,12.0,10.0,2.0,7.0,8.0,11.0,6.0,1.0,1.0,2.0,0.0,0.0
2017/18,2017-09-16,Birmingham,Preston,1,3,A,1.0,0.0,H,6.0,14.0,2.0,6.0,7.0,18.0,7.0,5.0,2.0,4.0,0.0,0.0
2017/18,2017-09-16,Brentford,Reading,1,1,D,1.0,0.0,H,20.0,10.0,6.0,2.0,18.0,17.0,3.0,6.0,3.0,4.0,0.0,0.0
2017/18,2017-09-16,Bristol City,Derby,4,1,H,0.0,1.0,A,25.0,11.0,9.0,2.0,18.0,13.0,5.0,6.0,1.0,2.0,0.0,0.0
2017/18,2017-09-16,Burton,Fulham,2,1,H,1.0,1.0,D,11.0,15.0,6.0,2.0,11.0,11.0,2.0,8.0,1.0,1.0,0.0,0.0
2017/18,2017-09-16,Cardiff,Sheffield Weds,1,1,D,0.0,1.0,A,16.0,8.0,8.0,2.0,5.0,9.0,6.0,3.0,1.0,2.0,0.0,0.0
2017/18,2017-09-16,Hull,Sunderland,1,1,D,0.0,1.0,A,20.0,9.0,7.0,3.0,13.0,10.0,11.0,2.0,2.0,5.0,0.0,0.0
2017/18,2017-09-16,Ipswich,Bolton,2,0,H,0.0,0.0,D,13.0,16.0,5.0,3.0,15.0,11.0,6.0,8.0,1.0,3.0,0.0,0.0
2017/18,2017-09-16,Middlesbrough,QPR,3,2,H,1.0,1.0,D,16.0,10.0,8.0,2.0,17.0,14.0,6.0,1.0,4.0,4.0,0.0,0.0
2017/18,2017-09-16,Millwall,Leeds,1,0,H,0.0,0.0,D,20.0,1.0,6.0,0.0,12.0,13.0,14.0,2.0,1.0,3.0,0.0,0.0
2017/18,2017-09-16,Nott'm Forest,Wolves,1,2,A,0.0,0.0,D,7.0,11.0,6.0,6.0,4.0,15.0,1.0,4.0,2.0,2.0,0.0,0.0
2017/18,2017-09-16,Sheffield United,Norwich,0,1,A,0.0,1.0,A,17.0,11.0,4.0,3.0,7.0,14.0,6.0,2.0,2.0,5.0,0.0,0.0
2017/18,2017-09-23,Aston Villa,Nott'm Forest,2,1,H,1.0,0.0,H,11.0,13.0,4.0,5.0,14.0,9.0,3.0,4.0,1.0,3.0,0.0,0.0
2017/18,2017-09-23,Bolton,Brentford,0,3,A,0.0,1.0,A,10.0,22.0,3.0,10.0,22.0,13.0,5.0,6.0,2.0,1.0,0.0,0.0
2017/18,2017-09-23,Derby,Birmingham,1,1,D,0.0,0.0,D,10.0,10.0,4.0,2.0,14.0,10.0,4.0,6.0,1.0,1.0,0.0,0.0
2017/18,2017-09-23,Fulham,Middlesbrough,1,1,D,0.0,0.0,D,10.0,14.0,4.0,3.0,16.0,8.0,6.0,3.0,2.0,1.0,0.0,0.0
2017/18,2017-09-23,Leeds,Ipswich,3,2,H,2.0,1.0,H,9.0,14.0,2.0,3.0,11.0,11.0,6.0,12.0,1.0,2.0,0.0,0.0
2017/18,2017-09-23,Norwich,Bristol City,0,0,D,0.0,0.0,D,15.0,10.0,1.0,3.0,15.0,19.0,3.0,6.0,1.0,1.0,0.0,0.0
2017/18,2017-09-23,Preston,Millwall,0,0,D,0.0,0.0,D,12.0,10.0,2.0,1.0,18.0,16.0,7.0,6.0,3.0,1.0,0.0,0.0
2017/18,2017-09-23,QPR,Burton,0,0,D,0.0,0.0,D,13.0,5.0,4.0,1.0,17.0,11.0,8.0,6.0,0.0,0.0,0.0,0.0
2017/18,2017-09-23,Reading,Hull,1,1,D,0.0,1.0,A,13.0,5.0,3.0,2.0,11.0,6.0,9.0,1.0,0.0,0.0,0.0,0.0
2017/18,2017-09-23,Sunderland,Cardiff,1,2,A,0.0,1.0,A,11.0,20.0,4.0,7.0,18.0,19.0,1.0,8.0,3.0,3.0,0.0,0.0
2017/18,2017-09-23,Wolves,Barnsley,2,1,H,0.0,0.0,D,14.0,13.0,4.0,3.0,15.0,4.0,5.0,8.0,3.0,1.0,0.0,0.0
2017/18,2017-09-24,Sheffield Weds,Sheffield United,2,4,A,1.0,2.0,A,12.0,12.0,2.0,7.0,13.0,18.0,9.0,7.0,1.0,2.0,0.0,0.0
2017/18,2017-09-26,Barnsley,QPR,1,1,D,1.0,0.0,H,9.0,14.0,3.0,4.0,15.0,8.0,2.0,6.0,1.0,2.0,0.0,0.0
2017/18,2017-09-26,Brentford,Derby,1,1,D,0.0,1.0,A,14.0,3.0,2.0,2.0,7.0,12.0,11.0,0.0,3.0,5.0,0.0,0.0
2017/18,2017-09-26,Bristol City,Bolton,2,0,H,1.0,0.0,H,20.0,5.0,8.0,3.0,8.0,21.0,9.0,1.0,2.0,2.0,0.0,1.0
2017/18,2017-09-26,Burton,Aston Villa,0,4,A,0.0,3.0,A,10.0,10.0,2.0,5.0,8.0,12.0,4.0,4.0,0.0,0.0,0.0,0.0
2017/18,2017-09-26,Cardiff,Leeds,3,1,H,2.0,0.0,H,16.0,8.0,6.0,3.0,16.0,15.0,2.0,0.0,0.0,1.0,0.0,1.0
2017/18,2017-09-26,Hull,Preston,1,2,A,0.0,1.0,A,12.0,15.0,3.0,7.0,21.0,18.0,6.0,2.0,4.0,2.0,0.0,0.0
2017/18,2017-09-26,Ipswich,Sunderland,5,2,H,2.0,1.0,H,19.0,14.0,11.0,6.0,12.0,10.0,5.0,4.0,1.0,2.0,0.0,0.0
2017/18,2017-09-26,Middlesbrough,Norwich,0,1,A,0.0,1.0,A,21.0,5.0,5.0,2.0,8.0,16.0,13.0,1.0,1.0,4.0,0.0,0.0
2017/18,2017-09-26,Millwall,Reading,2,1,H,0.0,0.0,D,6.0,8.0,4.0,3.0,12.0,10.0,3.0,4.0,1.0,0.0,0.0,0.0
2017/18,2017-09-26,Nott'm Forest,Fulham,1,3,A,1.0,1.0,D,20.0,16.0,4.0,7.0,11.0,9.0,3.0,3.0,2.0,0.0,0.0,0.0
2017/18,2017-09-27,Birmingham,Sheffield Weds,1,0,H,0.0,0.0,D,9.0,17.0,3.0,3.0,6.0,11.0,4.0,10.0,0.0,0.0,0.0,0.0
2017/18,2017-09-27,Sheffield United,Wolves,2,0,H,1.0,0.0,H,11.0,7.0,5.0,2.0,18.0,8.0,11.0,2.0,3.0,1.0,0.0,1.0
2017/18,2017-09-29,QPR,Fulham,1,2,A,0.0,1.0,A,25.0,12.0,4.0,2.0,13.0,21.0,10.0,2.0,3.0,3.0,0.0,0.0
2017/18,2017-09-30,Aston Villa,Bolton,1,0,H,1.0,0.0,H,11.0,10.0,3.0,3.0,15.0,15.0,5.0,4.0,1.0,3.0,1.0,0.0
2017/18,2017-09-30,Burton,Wolves,0,4,A,0.0,3.0,A,11.0,14.0,2.0,6.0,10.0,12.0,9.0,4.0,1.0,0.0,0.0,0.0
2017/18,2017-09-30,Cardiff,Derby,0,0,D,0.0,0.0,D,14.0,7.0,2.0,2.0,18.0,18.0,8.0,2.0,2.0,1.0,0.0,0.0
2017/18,2017-09-30,Hull,Birmingham,6,1,H,3.0,0.0,H,17.0,13.0,11.0,3.0,12.0,12.0,3.0,4.0,0.0,0.0,0.0,0.0
2017/18,2017-09-30,Ipswich,Bristol City,1,3,A,1.0,2.0,A,9.0,16.0,3.0,5.0,14.0,13.0,1.0,4.0,2.0,2.0,0.0,0.0
2017/18,2017-09-30,Middlesbrough,Brentford,2,2,D,0.0,1.0,A,8.0,14.0,3.0,2.0,21.0,13.0,3.0,7.0,3.0,3.0,0.0,0.0
2017/18,2017-09-30,Millwall,Barnsley,1,3,A,1.0,1.0,D,14.0,16.0,6.0,9.0,12.0,16.0,9.0,2.0,2.0,3.0,0.0,0.0
2017/18,2017-09-30,Nott'm Forest,Sheffield United,2,1,H,2.0,1.0,H,14.0,16.0,5.0,4.0,7.0,12.0,4.0,9.0,3.0,4.0,0.0,0.0
2017/18,2017-09-30,Preston,Sunderland,2,2,D,0.0,1.0,A,9.0,11.0,2.0,4.0,16.0,15.0,2.0,5.0,1.0,1.0,0.0,0.0
2017/18,2017-09-30,Reading,Norwich,1,2,A,1.0,1.0,D,7.0,6.0,1.0,3.0,19.0,14.0,1.0,1.0,4.0,1.0,0.0,1.0
2017/18,2017-10-01,Sheffield Weds,Leeds,3,0,H,2.0,0.0,H,16.0,11.0,7.0,2.0,15.0,13.0,7.0,4.0,1.0,0.0,0.0,0.0
2017/18,2017-10-13,Birmingham,Cardiff,1,0,H,1.0,0.0,H,6.0,7.0,2.0,0.0,14.0,17.0,6.0,8.0,2.0,1.0,0.0,0.0
2017/18,2017-10-13,Bristol City,Burton,0,0,D,0.0,0.0,D,11.0,4.0,4.0,0.0,19.0,13.0,9.0,0.0,0.0,1.0,0.0,0.0
2017/18,2017-10-14,Barnsley,Middlesbrough,2,2,D,2.0,1.0,H,11.0,21.0,3.0,6.0,10.0,11.0,4.0,7.0,2.0,0.0,0.0,0.0
2017/18,2017-10-14,Bolton,Sheffield Weds,2,1,H,1.0,0.0,H,18.0,16.0,6.0,10.0,8.0,10.0,10.0,6.0,3.0,3.0,0.0,0.0
2017/18,2017-10-14,Brentford,Millwall,1,0,H,0.0,0.0,D,18.0,19.0,3.0,6.0,13.0,10.0,6.0,9.0,2.0,1.0,0.0,0.0
2017/18,2017-10-14,Fulham,Preston,2,2,D,0.0,2.0,A,17.0,14.0,6.0,5.0,9.0,13.0,5.0,4.0,1.0,3.0,0.0,0.0
2017/18,2017-10-14,Leeds,Reading,0,1,A,0.0,0.0,D,15.0,10.0,3.0,4.0,16.0,10.0,6.0,5.0,5.0,2.0,0.0,0.0
2017/18,2017-10-14,Norwich,Hull,1,1,D,0.0,1.0,A,25.0,8.0,6.0,3.0,6.0,17.0,10.0,7.0,1.0,2.0,0.0,1.0
2017/18,2017-10-14,Sheffield United,Ipswich,1,0,H,0.0,0.0,D,6.0,8.0,2.0,2.0,9.0,16.0,8.0,4.0,2.0,1.0,0.0,0.0
2017/18,2017-10-14,Sunderland,QPR,1,1,D,0.0,1.0,A,9.0,17.0,5.0,12.0,15.0,12.0,15.0,9.0,0.0,0.0,0.0,0.0
2017/18,2017-10-14,Wolves,Aston Villa,2,0,H,0.0,0.0,D,20.0,7.0,6.0,1.0,11.0,9.0,6.0,2.0,0.0,2.0,0.0,0.0
2017/18,2017-10-15,Derby,Nott'm Forest,2,0,H,1.0,0.0,H,14.0,19.0,4.0,5.0,10.0,6.0,7.0,7.0,0.0,1.0,0.0,0.0
2017/18,2017-10-21,Aston Villa,Fulham,2,1,H,1.0,1.0,D,15.0,9.0,6.0,2.0,14.0,14.0,2.0,5.0,1.0,2.0,0.0,0.0
2017/18,2017-10-21,Barnsley,Hull,0,1,A,0.0,0.0,D,23.0,8.0,5.0,3.0,13.0,12.0,3.0,7.0,1.0,3.0,0.0,0.0
2017/18,2017-10-21,Bolton,QPR,1,1,D,1.0,0.0,H,13.0,15.0,2.0,4.0,13.0,8.0,4.0,8.0,0.0,0.0,0.0,0.0
2017/18,2017-10-21,Brentford,Sunderland,3,3,D,1.0,3.0,A,18.0,11.0,9.0,3.0,14.0,14.0,6.0,9.0,2.0,4.0,0.0,0.0
2017/18,2017-10-21,Bristol City,Leeds,0,3,A,0.0,2.0,A,12.0,13.0,2.0,5.0,11.0,14.0,6.0,3.0,3.0,3.0,1.0,1.0
2017/18,2017-10-21,Derby,Sheffield Weds,2,0,H,1.0,0.0,H,15.0,11.0,7.0,0.0,8.0,6.0,6.0,4.0,2.0,2.0,0.0,1.0
2017/18,2017-10-21,Middlesbrough,Cardiff,0,1,A,0.0,0.0,D,11.0,8.0,2.0,3.0,19.0,12.0,8.0,2.0,2.0,2.0,0.0,0.0
2017/18,2017-10-21,Millwall,Birmingham,2,0,H,0.0,0.0,D,14.0,16.0,3.0,4.0,13.0,15.0,6.0,3.0,2.0,2.0,0.0,0.0
2017/18,2017-10-21,Nott'm Forest,Burton,2,0,H,0.0,0.0,D,13.0,10.0,6.0,1.0,13.0,11.0,4.0,6.0,0.0,2.0,0.0,0.0
2017/18,2017-10-21,Sheffield United,Reading,2,1,H,2.0,0.0,H,14.0,6.0,4.0,1.0,13.0,17.0,4.0,4.0,1.0,2.0,0.0,0.0
2017/18,2017-10-21,Wolves,Preston,3,2,H,1.0,0.0,H,11.0,10.0,6.0,2.0,11.0,17.0,3.0,3.0,3.0,3.0,0.0,1.0
2017/18,2017-10-22,Ipswich,Norwich,0,1,A,0.0,0.0,D,16.0,10.0,2.0,5.0,12.0,10.0,6.0,5.0,3.0,0.0,0.0,0.0
2017/18,2017-10-27,Leeds,Sheffield United,1,2,A,1.0,1.0,D,8.0,12.0,2.0,6.0,9.0,18.0,0.0,5.0,2.0,6.0,0.0,0.0
2017/18,2017-10-28,Burton,Ipswich,1,2,A,0.0,0.0,D,18.0,9.0,6.0,5.0,18.0,15.0,4.0,5.0,1.0,3.0,0.0,0.0
2017/18,2017-10-28,Cardiff,Millwall,0,0,D,0.0,0.0,D,13.0,7.0,4.0,2.0,12.0,10.0,5.0,6.0,2.0,1.0,0.0,0.0
2017/18,2017-10-28,Fulham,Bolton,1,1,D,0.0,1.0,A,19.0,13.0,5.0,3.0,9.0,17.0,11.0,5.0,1.0,4.0,0.0,0.0
2017/18,2017-10-28,Hull,Nott'm Forest,2,3,A,0.0,1.0,A,18.0,11.0,6.0,5.0,16.0,16.0,4.0,4.0,4.0,3.0,0.0,0.0
2017/18,2017-10-28,Norwich,Derby,1,2,A,0.0,1.0,A,18.0,12.0,4.0,5.0,15.0,13.0,6.0,3.0,1.0,3.0,0.0,0.0
2017/18,2017-10-28,Preston,Brentford,2,3,A,1.0,1.0,D,13.0,17.0,3.0,4.0,13.0,9.0,4.0,5.0,3.0,0.0,0.0,0.0
2017/18,2017-10-28,QPR,Wolves,2,1,H,1.0,1.0,D,17.0,8.0,6.0,2.0,16.0,16.0,3.0,4.0,3.0,1.0,0.0,0.0
2017/18,2017-10-28,Reading,Middlesbrough,0,2,A,0.0,1.0,A,9.0,10.0,3.0,3.0,8.0,11.0,3.0,3.0,1.0,1.0,0.0,0.0
2017/18,2017-10-28,Sheffield Weds,Barnsley,1,1,D,1.0,0.0,H,22.0,12.0,6.0,4.0,9.0,6.0,7.0,5.0,2.0,1.0,0.0,0.0
2017/18,2017-10-28,Sunderland,Bristol City,1,2,A,1.0,1.0,D,13.0,13.0,4.0,4.0,10.0,13.0,6.0,5.0,2.0,2.0,0.0,0.0
2017/18,2017-10-29,Birmingham,Aston Villa,0,0,D,0.0,0.0,D,15.0,13.0,3.0,4.0,16.0,13.0,3.0,4.0,3.0,2.0,0.0,0.0
2017/18,2017-10-31,Burton,Barnsley,2,4,A,2.0,2.0,D,14.0,9.0,4.0,6.0,13.0,12.0,5.0,4.0,0.0,1.0,0.0,0.0
2017/18,2017-10-31,Cardiff,Ipswich,3,1,H,1.0,0.0,H,19.0,9.0,8.0,2.0,13.0,13.0,5.0,7.0,1.0,1.0,0.0,0.0
2017/18,2017-10-31,Fulham,Bristol City,0,2,A,0.0,2.0,A,21.0,15.0,2.0,5.0,13.0,14.0,2.0,4.0,0.0,2.0,1.0,0.0
2017/18,2017-10-31,Hull,Middlesbrough,1,3,A,0.0,2.0,A,6.0,9.0,4.0,6.0,12.0,12.0,5.0,5.0,2.0,2.0,1.0,0.0
2017/18,2017-10-31,Leeds,Derby,1,2,A,1.0,0.0,H,7.0,8.0,1.0,3.0,14.0,16.0,5.0,8.0,2.0,2.0,0.0,0.0
2017/18,2017-10-31,Norwich,Wolves,0,2,A,0.0,1.0,A,14.0,15.0,2.0,4.0,11.0,24.0,6.0,7.0,4.0,4.0,0.0,0.0
2017/18,2017-10-31,QPR,Sheffield United,1,0,H,1.0,0.0,H,12.0,5.0,2.0,1.0,15.0,8.0,4.0,6.0,2.0,2.0,0.0,0.0
2017/18,2017-10-31,Reading,Nott'm Forest,3,1,H,1.0,0.0,H,11.0,14.0,7.0,6.0,11.0,11.0,4.0,4.0,0.0,1.0,0.0,0.0
2017/18,2017-10-31,Sheffield Weds,Millwall,2,1,H,2.0,1.0,H,17.0,13.0,5.0,3.0,10.0,11.0,8.0,5.0,0.0,0.0,0.0,1.0
2017/18,2017-10-31,Sunderland,Bolton,3,3,D,1.0,1.0,D,9.0,10.0,5.0,4.0,6.0,12.0,11.0,9.0,1.0,0.0,0.0,0.0
2017/18,2017-11-01,Birmingham,Brentford,0,2,A,0.0,0.0,D,15.0,16.0,2.0,5.0,9.0,7.0,7.0,4.0,2.0,1.0,0.0,0.0
2017/18,2017-11-01,Preston,Aston Villa,0,2,A,0.0,2.0,A,8.0,9.0,2.0,3.0,10.0,17.0,3.0,1.0,1.0,1.0,0.0,0.0
2017/18,2017-11-03,Wolves,Fulham,2,0,H,2.0,0.0,H,15.0,10.0,5.0,2.0,16.0,7.0,4.0,1.0,2.0,4.0,0.0,0.0
2017/18,2017-11-04,Aston Villa,Sheffield Weds,1,2,A,0.0,2.0,A,12.0,9.0,4.0,2.0,8.0,12.0,6.0,2.0,0.0,1.0,0.0,0.0
2017/18,2017-11-04,Barnsley,Birmingham,2,0,H,1.0,0.0,H,17.0,10.0,6.0,3.0,7.0,13.0,8.0,2.0,0.0,2.0,0.0,0.0
2017/18,2017-11-04,Bolton,Norwich,2,1,H,2.0,0.0,H,17.0,16.0,6.0,4.0,16.0,10.0,4.0,5.0,4.0,2.0,0.0,0.0
2017/18,2017-11-04,Brentford,Leeds,3,1,H,1.0,0.0,H,18.0,13.0,6.0,7.0,8.0,14.0,5.0,2.0,3.0,2.0,0.0,0.0
2017/18,2017-11-04,Bristol City,Cardiff,2,1,H,1.0,1.0,D,14.0,15.0,6.0,3.0,17.0,11.0,11.0,3.0,3.0,2.0,0.0,1.0
2017/18,2017-11-04,Derby,Reading,2,4,A,0.0,2.0,A,13.0,8.0,4.0,5.0,20.0,12.0,9.0,0.0,4.0,3.0,0.0,0.0
2017/18,2017-11-04,Ipswich,Preston,3,0,H,1.0,0.0,H,11.0,12.0,5.0,3.0,11.0,8.0,2.0,1.0,1.0,3.0,0.0,0.0
2017/18,2017-11-04,Millwall,Burton,0,1,A,0.0,0.0,D,12.0,2.0,2.0,1.0,10.0,16.0,5.0,1.0,1.0,2.0,1.0,0.0
2017/18,2017-11-04,Nott'm Forest,QPR,4,0,H,2.0,0.0,H,18.0,14.0,6.0,2.0,13.0,7.0,6.0,3.0,1.0,1.0,0.0,0.0
2017/18,2017-11-04,Sheffield United,Hull,4,1,H,0.0,1.0,A,16.0,7.0,6.0,2.0,6.0,13.0,10.0,0.0,1.0,2.0,0.0,0.0
2017/18,2017-11-05,Middlesbrough,Sunderland,1,0,H,1.0,0.0,H,6.0,10.0,4.0,3.0,13.0,17.0,1.0,5.0,1.0,4.0,0.0,0.0
2017/18,2017-11-17,Burton,Sheffield United,1,3,A,1.0,2.0,A,9.0,14.0,3.0,5.0,11.0,10.0,4.0,5.0,1.0,0.0,0.0,0.0
2017/18,2017-11-17,Preston,Bolton,0,0,D,0.0,0.0,D,12.0,9.0,4.0,3.0,13.0,12.0,5.0,6.0,2.0,3.0,0.0,0.0
2017/18,2017-11-18,Birmingham,Nott'm Forest,1,0,H,1.0,0.0,H,15.0,13.0,3.0,4.0,10.0,9.0,5.0,12.0,2.0,2.0,0.0,0.0
2017/18,2017-11-18,Cardiff,Brentford,2,0,H,2.0,0.0,H,13.0,25.0,7.0,7.0,16.0,10.0,3.0,10.0,2.0,0.0,0.0,0.0
2017/18,2017-11-18,Fulham,Derby,1,1,D,1.0,0.0,H,12.0,5.0,2.0,2.0,13.0,8.0,10.0,2.0,1.0,0.0,0.0,0.0
2017/18,2017-11-18,Hull,Ipswich,2,2,D,1.0,1.0,D,11.0,13.0,4.0,5.0,20.0,23.0,3.0,6.0,3.0,5.0,0.0,0.0
2017/18,2017-11-18,Norwich,Barnsley,1,1,D,1.0,0.0,H,12.0,17.0,2.0,6.0,11.0,7.0,6.0,5.0,1.0,2.0,0.0,0.0
2017/18,2017-11-18,QPR,Aston Villa,1,2,A,1.0,1.0,D,14.0,26.0,4.0,6.0,12.0,12.0,4.0,6.0,2.0,3.0,0.0,0.0
2017/18,2017-11-18,Reading,Wolves,0,2,A,0.0,1.0,A,16.0,10.0,6.0,4.0,7.0,14.0,6.0,8.0,2.0,2.0,0.0,0.0
2017/18,2017-11-18,Sheffield Weds,Bristol City,0,0,D,0.0,0.0,D,9.0,10.0,0.0,2.0,10.0,12.0,6.0,2.0,1.0,1.0,0.0,0.0
2017/18,2017-11-18,Sunderland,Millwall,2,2,D,1.0,2.0,A,11.0,11.0,5.0,3.0,9.0,17.0,6.0,2.0,3.0,0.0,0.0,0.0
2017/18,2017-11-19,Leeds,Middlesbrough,2,1,H,1.0,0.0,H,12.0,10.0,2.0,2.0,13.0,16.0,3.0,10.0,5.0,3.0,0.0,0.0
2017/18,2017-11-21,Aston Villa,Sunderland,2,1,H,1.0,0.0,H,8.0,5.0,5.0,2.0,11.0,11.0,2.0,2.0,0.0,0.0,0.0,0.0
2017/18,2017-11-21,Barnsley,Cardiff,0,1,A,0.0,0.0,D,9.0,9.0,1.0,4.0,11.0,13.0,4.0,4.0,0.0,2.0,0.0,0.0
2017/18,2017-11-21,Bolton,Reading,2,2,D,2.0,0.0,H,15.0,13.0,4.0,4.0,18.0,8.0,6.0,9.0,2.0,0.0,0.0,0.0
2017/18,2017-11-21,Brentford,Burton,1,1,D,0.0,0.0,D,13.0,4.0,2.0,1.0,9.0,12.0,10.0,5.0,1.0,1.0,0.0,0.0
2017/18,2017-11-21,Bristol City,Preston,1,2,A,0.0,1.0,A,13.0,13.0,4.0,5.0,6.0,16.0,5.0,0.0,1.0,3.0,0.0,0.0
2017/18,2017-11-21,Derby,QPR,2,0,H,1.0,0.0,H,13.0,9.0,4.0,1.0,8.0,14.0,4.0,2.0,2.0,3.0,0.0,0.0
2017/18,2017-11-21,Millwall,Hull,0,0,D,0.0,0.0,D,15.0,18.0,5.0,2.0,8.0,18.0,6.0,4.0,1.0,2.0,0.0,0.0
2017/18,2017-11-21,Nott'm Forest,Norwich,1,0,H,0.0,0.0,D,11.0,14.0,6.0,2.0,17.0,13.0,5.0,4.0,1.0,2.0,0.0,0.0
2017/18,2017-11-21,Sheffield United,Fulham,4,5,A,2.0,3.0,A,11.0,9.0,7.0,7.0,13.0,8.0,4.0,3.0,3.0,4.0,0.0,0.0
2017/18,2017-11-22,Ipswich,Sheffield Weds,2,2,D,0.0,0.0,D,13.0,15.0,8.0,2.0,9.0,12.0,4.0,7.0,1.0,2.0,0.0,0.0
2017/18,2017-11-22,Middlesbrough,Birmingham,2,0,H,2.0,0.0,H,17.0,12.0,7.0,2.0,7.0,7.0,9.0,5.0,1.0,1.0,0.0,0.0
2017/18,2017-11-22,Wolves,Leeds,4,1,H,2.0,0.0,H,12.0,9.0,7.0,4.0,12.0,12.0,1.0,2.0,0.0,2.0,0.0,1.0
2017/18,2017-11-25,Aston Villa,Ipswich,2,0,H,1.0,0.0,H,16.0,6.0,5.0,0.0,14.0,16.0,4.0,6.0,0.0,2.0,0.0,0.0
2017/18,2017-11-25,Barnsley,Leeds,0,2,A,0.0,2.0,A,14.0,19.0,3.0,4.0,11.0,10.0,5.0,12.0,3.0,3.0,0.0,0.0
2017/18,2017-11-25,Burton,Sunderland,0,2,A,0.0,0.0,D,15.0,13.0,1.0,5.0,4.0,12.0,7.0,7.0,0.0,3.0,0.0,0.0
2017/18,2017-11-25,Fulham,Millwall,1,0,H,1.0,0.0,H,16.0,13.0,5.0,1.0,15.0,14.0,10.0,4.0,0.0,2.0,0.0,0.0
2017/18,2017-11-25,Hull,Bristol City,2,3,A,1.0,0.0,H,16.0,11.0,3.0,5.0,13.0,20.0,2.0,2.0,1.0,2.0,0.0,0.0
2017/18,2017-11-25,Middlesbrough,Derby,0,3,A,0.0,1.0,A,16.0,13.0,2.0,8.0,12.0,10.0,11.0,6.0,1.0,2.0,1.0,0.0
2017/18,2017-11-25,Norwich,Preston,1,1,D,1.0,0.0,H,9.0,19.0,3.0,4.0,14.0,12.0,4.0,5.0,3.0,4.0,0.0,0.0
2017/18,2017-11-25,Reading,Sheffield Weds,0,0,D,0.0,0.0,D,16.0,5.0,1.0,1.0,8.0,13.0,7.0,2.0,0.0,1.0,0.0,0.0
2017/18,2017-11-25,Sheffield United,Birmingham,1,1,D,0.0,1.0,A,12.0,3.0,2.0,2.0,9.0,12.0,9.0,1.0,1.0,4.0,0.0,0.0
2017/18,2017-11-25,Wolves,Bolton,5,1,H,2.0,0.0,H,15.0,11.0,8.0,5.0,17.0,12.0,7.0,4.0,2.0,2.0,0.0,0.0
2017/18,2017-11-26,Nott'm Forest,Cardiff,0,2,A,0.0,2.0,A,12.0,9.0,2.0,2.0,10.0,10.0,8.0,4.0,1.0,2.0,0.0,0.0
2017/18,2017-11-27,QPR,Brentford,2,2,D,0.0,0.0,D,16.0,21.0,5.0,7.0,10.0,14.0,7.0,9.0,2.0,2.0,0.0,0.0
2017/18,2017-11-28,Derby,Ipswich,0,1,A,0.0,1.0,A,14.0,4.0,3.0,2.0,9.0,13.0,10.0,3.0,3.0,3.0,0.0,0.0
2017/18,2017-11-28,Reading,Barnsley,3,0,H,2.0,0.0,H,11.0,13.0,4.0,3.0,7.0,9.0,5.0,4.0,0.0,1.0,0.0,0.0
2017/18,2017-12-01,Cardiff,Norwich,3,1,H,0.0,1.0,A,11.0,14.0,6.0,5.0,14.0,9.0,3.0,7.0,1.0,2.0,0.0,0.0
2017/18,2017-12-01,Leeds,Aston Villa,1,1,D,1.0,0.0,H,7.0,8.0,1.0,4.0,15.0,16.0,5.0,1.0,2.0,3.0,0.0,0.0
2017/18,2017-12-02,Bolton,Barnsley,3,1,H,2.0,1.0,H,9.0,16.0,4.0,6.0,9.0,10.0,4.0,4.0,4.0,5.0,0.0,0.0
2017/18,2017-12-02,Brentford,Fulham,3,1,H,1.0,1.0,D,17.0,11.0,6.0,6.0,10.0,12.0,6.0,3.0,1.0,3.0,0.0,1.0
2017/18,2017-12-02,Bristol City,Middlesbrough,2,1,H,0.0,0.0,D,15.0,7.0,7.0,1.0,10.0,13.0,0.0,5.0,2.0,2.0,0.0,0.0
2017/18,2017-12-02,Derby,Burton,1,0,H,0.0,0.0,D,20.0,9.0,5.0,2.0,11.0,9.0,5.0,4.0,0.0,2.0,0.0,0.0
2017/18,2017-12-02,Ipswich,Nott'm Forest,4,2,H,2.0,2.0,D,14.0,15.0,5.0,8.0,15.0,11.0,1.0,8.0,2.0,2.0,0.0,0.0
2017/18,2017-12-02,Millwall,Sheffield United,3,1,H,1.0,1.0,D,11.0,10.0,4.0,2.0,13.0,9.0,3.0,4.0,0.0,1.0,0.0,0.0
2017/18,2017-12-02,Preston,QPR,1,0,H,0.0,0.0,D,20.0,9.0,5.0,2.0,14.0,12.0,9.0,3.0,2.0,2.0,0.0,2.0
2017/18,2017-12-02,Sheffield Weds,Hull,2,2,D,0.0,1.0,A,18.0,3.0,4.0,2.0,15.0,13.0,6.0,2.0,3.0,2.0,0.0,0.0
2017/18,2017-12-02,Sunderland,Reading,1,3,A,0.0,0.0,D,6.0,13.0,4.0,6.0,10.0,12.0,3.0,7.0,2.0,2.0,1.0,0.0
2017/18,2017-12-04,Birmingham,Wolves,0,1,A,0.0,1.0,A,6.0,9.0,0.0,5.0,13.0,8.0,3.0,1.0,2.0,2.0,1.0,0.0
2017/18,2017-12-08,Sheffield United,Bristol City,1,2,A,0.0,1.0,A,15.0,13.0,6.0,4.0,7.0,11.0,7.0,4.0,1.0,3.0,1.0,0.0
2017/18,2017-12-09,Aston Villa,Millwall,0,0,D,0.0,0.0,D,14.0,16.0,1.0,8.0,9.0,12.0,11.0,5.0,1.0,3.0,0.0,0.0
2017/18,2017-12-09,Barnsley,Derby,0,3,A,0.0,2.0,A,16.0,13.0,4.0,3.0,11.0,13.0,6.0,4.0,0.0,1.0,0.0,0.0
2017/18,2017-12-09,Burton,Preston,1,2,A,0.0,0.0,D,11.0,17.0,6.0,7.0,16.0,11.0,5.0,7.0,3.0,2.0,0.0,0.0
2017/18,2017-12-09,Fulham,Birmingham,1,0,H,1.0,0.0,H,17.0,6.0,4.0,1.0,13.0,14.0,11.0,7.0,1.0,1.0,0.0,0.0
2017/18,2017-12-09,Hull,Brentford,3,2,H,0.0,0.0,D,13.0,10.0,8.0,5.0,18.0,9.0,9.0,5.0,3.0,2.0,0.0,0.0
2017/18,2017-12-09,Middlesbrough,Ipswich,2,0,H,1.0,0.0,H,17.0,7.0,6.0,1.0,14.0,18.0,4.0,4.0,3.0,1.0,0.0,0.0
2017/18,2017-12-09,Norwich,Sheffield Weds,3,1,H,0.0,1.0,A,16.0,9.0,6.0,4.0,11.0,17.0,3.0,4.0,1.0,0.0,0.0,0.0
2017/18,2017-12-09,Nott'm Forest,Bolton,3,2,H,1.0,1.0,D,8.0,14.0,4.0,2.0,12.0,20.0,5.0,3.0,2.0,2.0,0.0,0.0
2017/18,2017-12-09,QPR,Leeds,1,3,A,0.0,0.0,D,15.0,12.0,2.0,5.0,13.0,9.0,2.0,5.0,2.0,3.0,0.0,0.0
2017/18,2017-12-09,Wolves,Sunderland,0,0,D,0.0,0.0,D,23.0,1.0,4.0,1.0,11.0,14.0,8.0,2.0,1.0,3.0,0.0,1.0
2017/18,2017-12-11,Reading,Cardiff,2,2,D,2.0,0.0,H,10.0,15.0,2.0,8.0,10.0,12.0,8.0,3.0,2.0,1.0,0.0,0.0
2017/18,2017-12-15,Sheffield Weds,Wolves,0,1,A,0.0,1.0,A,5.0,9.0,1.0,1.0,11.0,12.0,7.0,2.0,1.0,3.0,1.0,0.0
2017/18,2017-12-16,Birmingham,QPR,1,2,A,0.0,1.0,A,13.0,11.0,2.0,3.0,12.0,16.0,7.0,3.0,1.0,2.0,0.0,0.0
2017/18,2017-12-16,Bolton,Burton,0,1,A,0.0,1.0,A,15.0,9.0,4.0,4.0,13.0,13.0,8.0,3.0,0.0,0.0,0.0,0.0
2017/18,2017-12-16,Brentford,Barnsley,0,0,D,0.0,0.0,D,23.0,6.0,5.0,2.0,9.0,9.0,13.0,3.0,1.0,2.0,0.0,0.0
2017/18,2017-12-16,Bristol City,Nott'm Forest,2,1,H,2.0,0.0,H,15.0,10.0,6.0,4.0,4.0,15.0,6.0,3.0,2.0,2.0,0.0,0.0
2017/18,2017-12-16,Cardiff,Hull,1,0,H,0.0,0.0,D,12.0,11.0,4.0,2.0,10.0,12.0,3.0,2.0,1.0,0.0,0.0,0.0
2017/18,2017-12-16,Derby,Aston Villa,2,0,H,1.0,0.0,H,11.0,13.0,8.0,2.0,9.0,6.0,7.0,8.0,0.0,0.0,0.0,0.0
2017/18,2017-12-16,Ipswich,Reading,2,0,H,2.0,0.0,H,15.0,15.0,6.0,1.0,11.0,13.0,8.0,14.0,3.0,4.0,0.0,0.0
2017/18,2017-12-16,Leeds,Norwich,1,0,H,1.0,0.0,H,12.0,15.0,3.0,4.0,16.0,16.0,5.0,4.0,3.0,2.0,0.0,0.0
2017/18,2017-12-16,Millwall,Middlesbrough,2,1,H,2.0,0.0,H,14.0,12.0,8.0,3.0,11.0,17.0,7.0,2.0,3.0,2.0,0.0,0.0
2017/18,2017-12-16,Preston,Sheffield United,1,0,H,0.0,0.0,D,11.0,7.0,4.0,1.0,9.0,13.0,6.0,7.0,2.0,0.0,0.0,0.0
2017/18,2017-12-16,Sunderland,Fulham,1,0,H,0.0,0.0,D,17.0,11.0,7.0,3.0,5.0,12.0,1.0,9.0,1.0,2.0,0.0,0.0
2017/18,2017-12-22,Norwich,Brentford,1,2,A,0.0,2.0,A,22.0,15.0,8.0,7.0,15.0,9.0,2.0,3.0,2.0,2.0,0.0,0.0
2017/18,2017-12-23,Aston Villa,Sheffield United,2,2,D,2.0,2.0,D,13.0,10.0,3.0,4.0,13.0,21.0,2.0,4.0,0.0,3.0,0.0,0.0
2017/18,2017-12-23,Bolton,Cardiff,2,0,H,0.0,0.0,D,9.0,7.0,2.0,0.0,12.0,16.0,3.0,6.0,3.0,4.0,0.0,0.0
2017/18,2017-12-23,Derby,Millwall,3,0,H,3.0,0.0,H,14.0,13.0,6.0,3.0,12.0,11.0,6.0,11.0,0.0,1.0,0.0,0.0
2017/18,2017-12-23,Fulham,Barnsley,2,1,H,0.0,0.0,D,19.0,7.0,6.0,2.0,11.0,11.0,10.0,4.0,1.0,2.0,0.0,0.0
2017/18,2017-12-23,Leeds,Hull,1,0,H,1.0,0.0,H,5.0,15.0,3.0,4.0,9.0,11.0,2.0,8.0,0.0,2.0,0.0,0.0
2017/18,2017-12-23,Preston,Nott'm Forest,1,1,D,0.0,0.0,D,15.0,11.0,5.0,5.0,6.0,12.0,9.0,5.0,2.0,4.0,0.0,0.0
2017/18,2017-12-23,QPR,Bristol City,1,1,D,1.0,0.0,H,8.0,17.0,2.0,6.0,12.0,15.0,5.0,8.0,1.0,3.0,0.0,0.0
2017/18,2017-12-23,Reading,Burton,1,2,A,0.0,1.0,A,7.0,7.0,2.0,3.0,6.0,4.0,3.0,3.0,0.0,1.0,0.0,0.0
2017/18,2017-12-23,Sheffield Weds,Middlesbrough,1,2,A,1.0,0.0,H,12.0,13.0,5.0,4.0,15.0,5.0,4.0,4.0,2.0,1.0,0.0,0.0
2017/18,2017-12-23,Sunderland,Birmingham,1,1,D,1.0,1.0,D,19.0,16.0,4.0,5.0,13.0,15.0,6.0,2.0,0.0,3.0,0.0,1.0
2017/18,2017-12-23,Wolves,Ipswich,1,0,H,1.0,0.0,H,17.0,5.0,5.0,2.0,13.0,13.0,4.0,5.0,1.0,3.0,0.0,0.0
2017/18,2017-12-26,Barnsley,Preston,0,0,D,0.0,0.0,D,7.0,10.0,2.0,2.0,12.0,13.0,1.0,4.0,1.0,3.0,0.0,0.0
2017/18,2017-12-26,Birmingham,Norwich,0,2,A,0.0,1.0,A,18.0,16.0,2.0,8.0,16.0,10.0,4.0,4.0,1.0,2.0,0.0,0.0
2017/18,2017-12-26,Brentford,Aston Villa,2,1,H,1.0,1.0,D,17.0,9.0,5.0,5.0,11.0,11.0,10.0,5.0,2.0,1.0,0.0,0.0
2017/18,2017-12-26,Bristol City,Reading,2,0,H,0.0,0.0,D,9.0,11.0,6.0,3.0,12.0,13.0,6.0,5.0,3.0,2.0,0.0,0.0
2017/18,2017-12-26,Burton,Leeds,1,2,A,1.0,0.0,H,13.0,12.0,3.0,2.0,7.0,9.0,0.0,3.0,3.0,2.0,0.0,0.0
2017/18,2017-12-26,Cardiff,Fulham,2,4,A,0.0,1.0,A,15.0,9.0,6.0,6.0,17.0,11.0,7.0,2.0,1.0,4.0,0.0,0.0
2017/18,2017-12-26,Hull,Derby,0,0,D,0.0,0.0,D,10.0,7.0,2.0,3.0,4.0,19.0,4.0,3.0,2.0,3.0,0.0,0.0
2017/18,2017-12-26,Ipswich,QPR,0,0,D,0.0,0.0,D,11.0,9.0,2.0,3.0,8.0,17.0,5.0,6.0,1.0,0.0,0.0,1.0
2017/18,2017-12-26,Middlesbrough,Bolton,2,0,H,0.0,0.0,D,16.0,9.0,6.0,0.0,15.0,22.0,2.0,4.0,2.0,3.0,0.0,0.0
2017/18,2017-12-26,Millwall,Wolves,2,2,D,1.0,1.0,D,11.0,20.0,5.0,8.0,10.0,13.0,7.0,8.0,3.0,3.0,0.0,0.0
2017/18,2017-12-26,Nott'm Forest,Sheffield Weds,0,3,A,0.0,2.0,A,17.0,19.0,6.0,8.0,14.0,9.0,4.0,8.0,2.0,0.0,0.0,0.0
2017/18,2017-12-26,Sheffield United,Sunderland,3,0,H,1.0,0.0,H,10.0,7.0,4.0,0.0,12.0,11.0,6.0,0.0,1.0,2.0,0.0,0.0
2017/18,2017-12-29,Cardiff,Preston,0,1,A,0.0,0.0,D,11.0,16.0,3.0,4.0,12.0,15.0,4.0,7.0,2.0,4.0,0.0,0.0
2017/18,2017-12-29,Millwall,QPR,1,0,H,0.0,0.0,D,10.0,14.0,3.0,4.0,11.0,8.0,6.0,3.0,1.0,1.0,0.0,0.0
2017/18,2017-12-30,Barnsley,Reading,1,1,D,0.0,0.0,D,19.0,10.0,7.0,5.0,10.0,6.0,7.0,5.0,0.0,1.0,0.0,0.0
2017/18,2017-12-30,Birmingham,Leeds,1,0,H,0.0,0.0,D,12.0,9.0,3.0,2.0,12.0,12.0,8.0,3.0,1.0,2.0,0.0,0.0
2017/18,2017-12-30,Brentford,Sheffield Weds,2,0,H,1.0,0.0,H,16.0,6.0,6.0,1.0,9.0,11.0,7.0,5.0,1.0,3.0,0.0,0.0
2017/18,2017-12-30,Bristol City,Wolves,1,2,A,0.0,0.0,D,13.0,10.0,4.0,3.0,11.0,10.0,6.0,3.0,0.0,1.0,1.0,1.0
2017/18,2017-12-30,Burton,Norwich,0,0,D,0.0,0.0,D,11.0,6.0,2.0,2.0,15.0,20.0,3.0,4.0,1.0,1.0,0.0,0.0
2017/18,2017-12-30,Hull,Fulham,2,2,D,2.0,0.0,H,10.0,12.0,6.0,3.0,7.0,12.0,4.0,6.0,0.0,1.0,0.0,0.0
2017/18,2017-12-30,Ipswich,Derby,1,2,A,0.0,1.0,A,14.0,17.0,3.0,6.0,16.0,10.0,9.0,5.0,1.0,0.0,0.0,0.0
2017/18,2017-12-30,Middlesbrough,Aston Villa,0,1,A,0.0,0.0,D,13.0,11.0,1.0,5.0,16.0,12.0,5.0,9.0,3.0,4.0,0.0,0.0
2017/18,2017-12-30,Nott'm Forest,Sunderland,0,1,A,0.0,1.0,A,22.0,1.0,3.0,1.0,13.0,4.0,5.0,1.0,1.0,0.0,0.0,0.0
2017/18,2017-12-30,Sheffield United,Bolton,0,1,A,0.0,1.0,A,16.0,4.0,5.0,2.0,9.0,11.0,8.0,5.0,2.0,2.0,0.0,0.0
2017/18,2018-01-01,Aston Villa,Bristol City,5,0,H,2.0,0.0,H,13.0,5.0,6.0,1.0,13.0,11.0,5.0,3.0,0.0,1.0,0.0,0.0
2017/18,2018-01-01,Bolton,Hull,1,0,H,1.0,0.0,H,14.0,14.0,3.0,5.0,9.0,10.0,5.0,9.0,3.0,3.0,0.0,0.0
2017/18,2018-01-01,Derby,Sheffield United,1,1,D,1.0,0.0,H,6.0,10.0,1.0,3.0,12.0,8.0,2.0,13.0,1.0,3.0,0.0,0.0
2017/18,2018-01-01,Leeds,Nott'm Forest,0,0,D,0.0,0.0,D,19.0,7.0,7.0,1.0,14.0,11.0,2.0,8.0,2.0,2.0,0.0,0.0
2017/18,2018-01-01,Norwich,Millwall,2,1,H,0.0,1.0,A,17.0,7.0,5.0,2.0,8.0,20.0,5.0,4.0,0.0,1.0,0.0,0.0
2017/18,2018-01-01,Preston,Middlesbrough,2,3,A,2.0,1.0,H,20.0,7.0,7.0,4.0,12.0,9.0,7.0,4.0,2.0,4.0,0.0,0.0
2017/18,2018-01-01,QPR,Cardiff,2,1,H,0.0,0.0,D,12.0,13.0,5.0,4.0,10.0,11.0,4.0,5.0,2.0,2.0,0.0,0.0
2017/18,2018-01-01,Sheffield Weds,Burton,0,3,A,0.0,1.0,A,17.0,9.0,3.0,6.0,15.0,9.0,6.0,1.0,2.0,1.0,0.0,0.0
2017/18,2018-01-01,Sunderland,Barnsley,0,1,A,0.0,0.0,D,11.0,17.0,2.0,3.0,12.0,12.0,7.0,7.0,1.0,5.0,0.0,0.0
2017/18,2018-01-02,Fulham,Ipswich,4,1,H,0.0,1.0,A,25.0,3.0,8.0,1.0,17.0,10.0,8.0,2.0,3.0,4.0,0.0,1.0
2017/18,2018-01-02,Reading,Birmingham,0,2,A,0.0,1.0,A,12.0,13.0,5.0,4.0,9.0,13.0,9.0,7.0,1.0,0.0,0.0,0.0
2017/18,2018-01-02,Wolves,Brentford,3,0,H,0.0,0.0,D,17.0,12.0,10.0,0.0,13.0,15.0,6.0,7.0,2.0,3.0,0.0,0.0
2017/18,2018-01-12,Sheffield United,Sheffield Weds,0,0,D,0.0,0.0,D,12.0,12.0,2.0,3.0,5.0,11.0,8.0,2.0,0.0,3.0,0.0,1.0
2017/18,2018-01-13,Barnsley,Wolves,0,0,D,0.0,0.0,D,7.0,13.0,2.0,0.0,12.0,9.0,1.0,6.0,1.0,2.0,0.0,0.0
2017/18,2018-01-13,Birmingham,Derby,0,3,A,0.0,1.0,A,14.0,12.0,2.0,7.0,7.0,13.0,6.0,4.0,1.0,3.0,0.0,0.0
2017/18,2018-01-13,Brentford,Bolton,2,0,H,1.0,0.0,H,20.0,11.0,4.0,4.0,6.0,11.0,6.0,6.0,0.0,5.0,0.0,0.0
2017/18,2018-01-13,Bristol City,Norwich,0,1,A,0.0,0.0,D,14.0,14.0,6.0,3.0,9.0,15.0,8.0,4.0,1.0,5.0,0.0,0.0
2017/18,2018-01-13,Burton,QPR,1,3,A,1.0,1.0,D,4.0,14.0,2.0,6.0,6.0,11.0,5.0,3.0,3.0,2.0,0.0,0.0
2017/18,2018-01-13,Cardiff,Sunderland,4,0,H,0.0,0.0,D,21.0,3.0,9.0,0.0,23.0,14.0,8.0,1.0,1.0,2.0,0.0,1.0
2017/18,2018-01-13,Hull,Reading,0,0,D,0.0,0.0,D,13.0,6.0,5.0,2.0,13.0,9.0,6.0,7.0,1.0,0.0,0.0,0.0
2017/18,2018-01-13,Ipswich,Leeds,1,0,H,0.0,0.0,D,14.0,12.0,4.0,2.0,13.0,14.0,4.0,1.0,2.0,2.0,0.0,1.0
2017/18,2018-01-13,Middlesbrough,Fulham,0,1,A,0.0,0.0,D,9.0,12.0,0.0,2.0,13.0,12.0,5.0,1.0,4.0,3.0,0.0,0.0
2017/18,2018-01-13,Millwall,Preston,1,1,D,1.0,0.0,H,9.0,11.0,1.0,3.0,15.0,15.0,3.0,4.0,1.0,2.0,0.0,0.0
2017/18,2018-01-13,Nott'm Forest,Aston Villa,0,1,A,0.0,1.0,A,10.0,8.0,4.0,3.0,20.0,10.0,4.0,2.0,2.0,2.0,0.0,0.0
2017/18,2018-01-19,Derby,Bristol City,0,0,D,0.0,0.0,D,20.0,12.0,5.0,2.0,14.0,11.0,6.0,3.0,1.0,1.0,0.0,0.0
2017/18,2018-01-20,Aston Villa,Barnsley,3,1,H,3.0,1.0,H,13.0,21.0,6.0,6.0,11.0,11.0,8.0,6.0,0.0,2.0,0.0,0.0
2017/18,2018-01-20,Bolton,Ipswich,1,1,D,0.0,0.0,D,12.0,9.0,4.0,3.0,13.0,12.0,3.0,3.0,1.0,1.0,0.0,0.0
2017/18,2018-01-20,Fulham,Burton,6,0,H,3.0,0.0,H,21.0,6.0,10.0,0.0,8.0,9.0,3.0,1.0,0.0,2.0,0.0,0.0
2017/18,2018-01-20,Leeds,Millwall,3,4,A,0.0,2.0,A,19.0,26.0,11.0,8.0,12.0,13.0,1.0,9.0,3.0,2.0,1.0,0.0
2017/18,2018-01-20,Norwich,Sheffield United,1,2,A,0.0,1.0,A,10.0,14.0,4.0,7.0,13.0,18.0,6.0,2.0,2.0,2.0,0.0,0.0
2017/18,2018-01-20,Preston,Birmingham,1,1,D,1.0,0.0,H,6.0,17.0,3.0,3.0,11.0,9.0,4.0,8.0,2.0,2.0,0.0,0.0
2017/18,2018-01-20,QPR,Middlesbrough,0,3,A,0.0,2.0,A,13.0,12.0,2.0,5.0,11.0,7.0,3.0,2.0,0.0,0.0,0.0,0.0
2017/18,2018-01-20,Reading,Brentford,0,1,A,0.0,0.0,D,11.0,23.0,3.0,10.0,8.0,12.0,7.0,4.0,3.0,4.0,0.0,0.0
2017/18,2018-01-20,Sheffield Weds,Cardiff,0,0,D,0.0,0.0,D,14.0,15.0,2.0,4.0,8.0,17.0,3.0,5.0,1.0,3.0,0.0,0.0
2017/18,2018-01-20,Sunderland,Hull,1,0,H,1.0,0.0,H,13.0,14.0,6.0,3.0,16.0,12.0,4.0,7.0,4.0,2.0,0.0,0.0
2017/18,2018-01-20,Wolves,Nott'm Forest,0,2,A,0.0,2.0,A,6.0,5.0,1.0,4.0,16.0,7.0,5.0,4.0,3.0,3.0,0.0,0.0
2017/18,2018-01-27,Barnsley,Fulham,1,3,A,1.0,0.0,H,8.0,12.0,5.0,5.0,9.0,7.0,6.0,3.0,2.0,2.0,1.0,0.0
2017/18,2018-01-27,Brentford,Norwich,0,1,A,0.0,1.0,A,22.0,9.0,6.0,3.0,9.0,12.0,6.0,4.0,2.0,2.0,0.0,0.0
2017/18,2018-01-27,Bristol City,QPR,2,0,H,1.0,0.0,H,8.0,14.0,4.0,2.0,12.0,16.0,6.0,7.0,1.0,3.0,1.0,0.0
2017/18,2018-01-27,Ipswich,Wolves,0,1,A,0.0,1.0,A,11.0,15.0,6.0,10.0,7.0,14.0,5.0,4.0,3.0,1.0,0.0,0.0
2017/18,2018-01-30,Birmingham,Sunderland,3,1,H,2.0,0.0,H,13.0,14.0,5.0,4.0,11.0,9.0,3.0,5.0,3.0,3.0,0.0,0.0
2017/18,2018-01-30,Burton,Reading,1,3,A,0.0,1.0,A,5.0,11.0,1.0,4.0,10.0,17.0,3.0,6.0,3.0,3.0,0.0,0.0
2017/18,2018-01-30,Hull,Leeds,0,0,D,0.0,0.0,D,14.0,6.0,7.0,0.0,21.0,14.0,7.0,3.0,5.0,1.0,0.0,0.0
2017/18,2018-01-30,Middlesbrough,Sheffield Weds,0,0,D,0.0,0.0,D,21.0,12.0,7.0,1.0,8.0,6.0,9.0,3.0,0.0,2.0,0.0,0.0
2017/18,2018-01-30,Millwall,Derby,0,0,D,0.0,0.0,D,13.0,12.0,4.0,3.0,10.0,11.0,4.0,5.0,2.0,1.0,0.0,0.0
2017/18,2018-01-30,Nott'm Forest,Preston,0,3,A,0.0,1.0,A,11.0,15.0,0.0,7.0,15.0,10.0,4.0,5.0,3.0,1.0,0.0,0.0
2017/18,2018-01-30,Sheffield United,Aston Villa,0,1,A,0.0,0.0,D,16.0,9.0,6.0,3.0,12.0,9.0,9.0,7.0,2.0,0.0,0.0,0.0
2017/18,2018-02-02,Bolton,Bristol City,1,0,H,0.0,0.0,D,11.0,14.0,4.0,3.0,17.0,11.0,3.0,6.0,2.0,2.0,0.0,0.0
2017/18,2018-02-03,Aston Villa,Burton,3,2,H,1.0,0.0,H,12.0,7.0,5.0,4.0,13.0,13.0,7.0,5.0,3.0,4.0,0.0,0.0
2017/18,2018-02-03,Derby,Brentford,3,0,H,2.0,0.0,H,13.0,7.0,7.0,2.0,12.0,14.0,6.0,5.0,2.0,2.0,0.0,1.0
2017/18,2018-02-03,Fulham,Nott'm Forest,2,0,H,0.0,0.0,D,14.0,10.0,5.0,3.0,10.0,11.0,10.0,6.0,1.0,2.0,0.0,0.0
2017/18,2018-02-03,Leeds,Cardiff,1,4,A,0.0,3.0,A,8.0,11.0,4.0,5.0,14.0,20.0,5.0,5.0,0.0,4.0,1.0,0.0
2017/18,2018-02-03,Norwich,Middlesbrough,1,0,H,1.0,0.0,H,21.0,9.0,6.0,1.0,9.0,11.0,5.0,4.0,2.0,1.0,0.0,1.0
2017/18,2018-02-03,Preston,Hull,2,1,H,2.0,1.0,H,15.0,7.0,5.0,1.0,8.0,7.0,5.0,4.0,2.0,1.0,0.0,0.0
2017/18,2018-02-03,QPR,Barnsley,1,0,H,0.0,0.0,D,12.0,11.0,3.0,4.0,14.0,12.0,4.0,4.0,2.0,1.0,1.0,0.0
2017/18,2018-02-03,Reading,Millwall,0,2,A,0.0,0.0,D,9.0,16.0,1.0,6.0,12.0,19.0,6.0,6.0,3.0,3.0,0.0,0.0
2017/18,2018-02-03,Sheffield Weds,Birmingham,1,3,A,0.0,3.0,A,12.0,18.0,2.0,8.0,8.0,10.0,5.0,3.0,1.0,3.0,2.0,0.0
2017/18,2018-02-03,Sunderland,Ipswich,0,2,A,0.0,2.0,A,10.0,12.0,2.0,2.0,15.0,13.0,12.0,2.0,1.0,1.0,0.0,0.0
2017/18,2018-02-03,Wolves,Sheffield United,3,0,H,2.0,0.0,H,13.0,6.0,3.0,1.0,12.0,7.0,5.0,1.0,0.0,0.0,0.0,1.0
2017/18,2018-02-09,Millwall,Cardiff,1,1,D,1.0,1.0,D,16.0,15.0,6.0,3.0,12.0,13.0,6.0,6.0,2.0,0.0,0.0,0.0
2017/18,2018-02-10,Barnsley,Sheffield Weds,1,1,D,1.0,1.0,D,17.0,14.0,7.0,1.0,12.0,6.0,5.0,8.0,1.0,3.0,0.0,0.0
2017/18,2018-02-10,Bolton,Fulham,1,1,D,0.0,1.0,A,10.0,12.0,6.0,4.0,15.0,8.0,5.0,8.0,2.0,1.0,0.0,0.0
2017/18,2018-02-10,Brentford,Preston,1,1,D,0.0,0.0,D,12.0,10.0,5.0,1.0,14.0,16.0,11.0,5.0,2.0,2.0,0.0,1.0
2017/18,2018-02-10,Bristol City,Sunderland,3,3,D,3.0,0.0,H,13.0,13.0,4.0,3.0,13.0,11.0,2.0,4.0,3.0,1.0,0.0,0.0
2017/18,2018-02-10,Derby,Norwich,1,1,D,1.0,0.0,H,7.0,11.0,2.0,6.0,11.0,9.0,3.0,1.0,2.0,3.0,0.0,0.0
2017/18,2018-02-10,Ipswich,Burton,0,0,D,0.0,0.0,D,5.0,10.0,1.0,2.0,9.0,11.0,2.0,5.0,0.0,1.0,0.0,0.0
2017/18,2018-02-10,Middlesbrough,Reading,2,1,H,1.0,0.0,H,14.0,7.0,3.0,2.0,13.0,11.0,6.0,8.0,2.0,3.0,0.0,0.0
2017/18,2018-02-10,Nott'm Forest,Hull,0,2,A,0.0,2.0,A,5.0,9.0,1.0,4.0,13.0,12.0,2.0,2.0,1.0,1.0,0.0,0.0
2017/18,2018-02-10,Sheffield United,Leeds,2,1,H,1.0,0.0,H,9.0,14.0,3.0,3.0,12.0,17.0,8.0,5.0,3.0,2.0,0.0,0.0
2017/18,2018-02-10,Wolves,QPR,2,1,H,2.0,0.0,H,12.0,14.0,2.0,7.0,8.0,13.0,6.0,5.0,0.0,3.0,0.0,0.0
2017/18,2018-02-11,Aston Villa,Birmingham,2,0,H,0.0,0.0,D,14.0,9.0,3.0,2.0,5.0,16.0,10.0,6.0,0.0,2.0,0.0,1.0
2017/18,2018-02-13,Cardiff,Bolton,2,0,H,2.0,0.0,H,24.0,4.0,11.0,0.0,11.0,16.0,4.0,3.0,0.0,1.0,0.0,0.0
2017/18,2018-02-13,Sheffield Weds,Derby,2,0,H,1.0,0.0,H,8.0,18.0,3.0,4.0,13.0,11.0,1.0,7.0,3.0,3.0,0.0,0.0
2017/18,2018-02-17,Birmingham,Millwall,0,1,A,0.0,0.0,D,15.0,11.0,1.0,6.0,15.0,15.0,7.0,7.0,2.0,1.0,0.0,0.0
2017/18,2018-02-17,Burton,Nott'm Forest,0,0,D,0.0,0.0,D,17.0,5.0,5.0,1.0,5.0,10.0,5.0,2.0,1.0,3.0,0.0,1.0
2017/18,2018-02-17,Cardiff,Middlesbrough,1,0,H,1.0,0.0,H,18.0,8.0,4.0,1.0,13.0,10.0,5.0,3.0,0.0,1.0,0.0,0.0
2017/18,2018-02-17,Fulham,Aston Villa,2,0,H,0.0,0.0,D,14.0,7.0,7.0,2.0,7.0,11.0,1.0,0.0,1.0,1.0,0.0,0.0
2017/18,2018-02-17,Preston,Wolves,1,1,D,0.0,0.0,D,7.0,13.0,2.0,4.0,8.0,11.0,4.0,5.0,2.0,0.0,1.0,0.0
2017/18,2018-02-17,QPR,Bolton,2,0,H,0.0,0.0,D,22.0,7.0,8.0,3.0,13.0,12.0,9.0,5.0,0.0,1.0,0.0,1.0
2017/18,2018-02-17,Sunderland,Brentford,0,2,A,0.0,2.0,A,16.0,20.0,4.0,5.0,19.0,7.0,6.0,7.0,3.0,0.0,0.0,0.0
2017/18,2018-02-18,Leeds,Bristol City,2,2,D,0.0,2.0,A,13.0,12.0,3.0,5.0,14.0,13.0,5.0,6.0,2.0,3.0,0.0,0.0
2017/18,2018-02-18,Norwich,Ipswich,1,1,D,0.0,0.0,D,15.0,8.0,4.0,4.0,13.0,22.0,4.0,5.0,1.0,5.0,0.0,0.0
2017/18,2018-02-20,Aston Villa,Preston,1,1,D,0.0,1.0,A,12.0,21.0,6.0,7.0,18.0,9.0,3.0,7.0,3.0,3.0,0.0,0.0
2017/18,2018-02-20,Barnsley,Burton,1,2,A,0.0,2.0,A,19.0,5.0,3.0,2.0,12.0,10.0,5.0,0.0,1.0,4.0,0.0,0.0
2017/18,2018-02-20,Bolton,Sunderland,1,0,H,1.0,0.0,H,8.0,15.0,3.0,3.0,17.0,9.0,3.0,7.0,4.0,0.0,0.0,0.0
2017/18,2018-02-20,Brentford,Birmingham,5,0,H,2.0,0.0,H,28.0,12.0,9.0,4.0,7.0,14.0,6.0,3.0,0.0,2.0,0.0,0.0
2017/18,2018-02-20,Middlesbrough,Hull,3,1,H,2.0,1.0,H,12.0,10.0,4.0,5.0,8.0,10.0,4.0,4.0,1.0,1.0,0.0,0.0
2017/18,2018-02-20,Millwall,Sheffield Weds,2,1,H,0.0,1.0,A,13.0,5.0,5.0,1.0,11.0,12.0,4.0,3.0,0.0,4.0,0.0,0.0
2017/18,2018-02-20,Nott'm Forest,Reading,1,1,D,0.0,1.0,A,19.0,8.0,7.0,3.0,17.0,9.0,5.0,5.0,3.0,3.0,0.0,0.0
2017/18,2018-02-20,Sheffield United,QPR,2,1,H,1.0,0.0,H,14.0,13.0,4.0,6.0,6.0,17.0,9.0,4.0,1.0,0.0,0.0,0.0
2017/18,2018-02-21,Bristol City,Fulham,1,1,D,1.0,1.0,D,10.0,8.0,1.0,4.0,12.0,9.0,8.0,5.0,2.0,1.0,0.0,0.0
2017/18,2018-02-21,Derby,Leeds,2,2,D,1.0,1.0,D,25.0,8.0,4.0,3.0,8.0,9.0,10.0,2.0,0.0,1.0,0.0,0.0
2017/18,2018-02-21,Ipswich,Cardiff,0,1,A,0.0,0.0,D,16.0,14.0,2.0,1.0,9.0,8.0,8.0,5.0,0.0,1.0,0.0,0.0
2017/18,2018-02-21,Wolves,Norwich,2,2,D,2.0,1.0,H,10.0,9.0,3.0,6.0,17.0,10.0,3.0,4.0,3.0,0.0,0.0,0.0
2017/18,2018-02-23,Hull,Sheffield United,1,0,H,0.0,0.0,D,13.0,9.0,5.0,3.0,12.0,10.0,1.0,7.0,1.0,0.0,0.0,0.0
2017/18,2018-02-24,Birmingham,Barnsley,0,2,A,0.0,2.0,A,16.0,13.0,5.0,4.0,15.0,8.0,5.0,2.0,3.0,0.0,0.0,0.0
2017/18,2018-02-24,Burton,Millwall,0,1,A,0.0,0.0,D,6.0,8.0,0.0,3.0,10.0,20.0,7.0,5.0,1.0,2.0,0.0,0.0
2017/18,2018-02-24,Fulham,Wolves,2,0,H,1.0,0.0,H,14.0,12.0,6.0,2.0,10.0,11.0,3.0,0.0,1.0,2.0,0.0,0.0
2017/18,2018-02-24,Leeds,Brentford,1,0,H,1.0,0.0,H,9.0,13.0,4.0,3.0,12.0,12.0,5.0,9.0,2.0,4.0,0.0,0.0
2017/18,2018-02-24,Norwich,Bolton,0,0,D,0.0,0.0,D,15.0,7.0,3.0,0.0,13.0,19.0,8.0,4.0,2.0,5.0,0.0,0.0
2017/18,2018-02-24,Preston,Ipswich,0,1,A,0.0,1.0,A,11.0,10.0,3.0,3.0,9.0,11.0,9.0,1.0,1.0,3.0,0.0,0.0
2017/18,2018-02-24,QPR,Nott'm Forest,2,5,A,0.0,1.0,A,17.0,15.0,4.0,9.0,11.0,9.0,7.0,2.0,1.0,2.0,0.0,0.0
2017/18,2018-02-24,Reading,Derby,3,3,D,2.0,2.0,D,16.0,11.0,7.0,6.0,9.0,17.0,8.0,3.0,2.0,5.0,0.0,1.0
2017/18,2018-02-24,Sheffield Weds,Aston Villa,2,4,A,2.0,1.0,H,18.0,15.0,7.0,10.0,16.0,1.0,7.0,6.0,3.0,0.0,0.0,0.0
2017/18,2018-02-24,Sunderland,Middlesbrough,3,3,D,1.0,0.0,H,17.0,11.0,7.0,4.0,14.0,10.0,4.0,2.0,5.0,1.0,1.0,1.0
2017/18,2018-02-25,Cardiff,Bristol City,1,0,H,0.0,0.0,D,12.0,4.0,4.0,1.0,17.0,21.0,4.0,2.0,2.0,1.0,0.0,0.0
2017/18,2018-02-27,Hull,Barnsley,1,1,D,0.0,1.0,A,19.0,7.0,8.0,3.0,9.0,14.0,7.0,0.0,4.0,2.0,0.0,0.0
2017/18,2018-02-27,Reading,Sheffield United,1,3,A,0.0,2.0,A,11.0,15.0,4.0,6.0,10.0,18.0,6.0,4.0,3.0,2.0,0.0,0.0
2017/18,2018-03-02,Middlesbrough,Leeds,3,0,H,2.0,0.0,H,20.0,11.0,6.0,1.0,10.0,10.0,13.0,5.0,1.0,3.0,0.0,0.0
2017/18,2018-03-03,Bolton,Preston,1,3,A,1.0,0.0,H,8.0,12.0,5.0,5.0,13.0,10.0,4.0,4.0,2.0,4.0,0.0,0.0
2017/18,2018-03-03,Bristol City,Sheffield Weds,4,0,H,3.0,0.0,H,9.0,10.0,6.0,0.0,8.0,15.0,3.0,3.0,1.0,3.0,0.0,0.0
2017/18,2018-03-03,Derby,Fulham,1,2,A,0.0,2.0,A,18.0,12.0,4.0,4.0,12.0,9.0,7.0,6.0,3.0,2.0,0.0,0.0
2017/18,2018-03-03,Millwall,Sunderland,1,1,D,0.0,1.0,A,15.0,2.0,7.0,1.0,14.0,7.0,8.0,3.0,2.0,1.0,0.0,0.0
2017/18,2018-03-03,Nott'm Forest,Birmingham,2,1,H,1.0,0.0,H,15.0,10.0,5.0,5.0,12.0,12.0,2.0,8.0,1.0,2.0,0.0,0.0
2017/18,2018-03-06,Birmingham,Middlesbrough,0,1,A,0.0,1.0,A,9.0,8.0,2.0,3.0,7.0,12.0,5.0,5.0,1.0,0.0,0.0,0.0
2017/18,2018-03-06,Burton,Brentford,0,2,A,0.0,0.0,D,3.0,12.0,0.0,3.0,12.0,11.0,3.0,4.0,1.0,1.0,0.0,0.0
2017/18,2018-03-06,Cardiff,Barnsley,2,1,H,1.0,0.0,H,11.0,19.0,4.0,4.0,13.0,13.0,2.0,6.0,2.0,3.0,0.0,0.0
2017/18,2018-03-06,Fulham,Sheffield United,3,0,H,2.0,0.0,H,17.0,7.0,7.0,2.0,11.0,13.0,3.0,3.0,1.0,4.0,0.0,0.0
2017/18,2018-03-06,Hull,Millwall,1,2,A,0.0,2.0,A,16.0,12.0,3.0,5.0,8.0,16.0,9.0,5.0,2.0,4.0,0.0,0.0
2017/18,2018-03-06,Norwich,Nott'm Forest,0,0,D,0.0,0.0,D,15.0,9.0,5.0,1.0,15.0,11.0,7.0,4.0,2.0,5.0,0.0,0.0
2017/18,2018-03-06,Preston,Bristol City,2,1,H,1.0,0.0,H,15.0,9.0,4.0,4.0,14.0,19.0,6.0,6.0,5.0,4.0,0.0,1.0
2017/18,2018-03-06,QPR,Derby,1,1,D,0.0,1.0,A,21.0,6.0,4.0,3.0,13.0,15.0,5.0,2.0,1.0,3.0,0.0,0.0
2017/18,2018-03-06,Reading,Bolton,1,1,D,1.0,1.0,D,8.0,14.0,4.0,3.0,15.0,19.0,2.0,10.0,3.0,3.0,0.0,0.0
2017/18,2018-03-06,Sheffield Weds,Ipswich,1,2,A,0.0,0.0,D,13.0,10.0,2.0,3.0,9.0,11.0,4.0,6.0,1.0,2.0,0.0,0.0
2017/18,2018-03-06,Sunderland,Aston Villa,0,3,A,0.0,2.0,A,9.0,12.0,3.0,5.0,10.0,11.0,3.0,8.0,2.0,1.0,0.0,0.0
2017/18,2018-03-07,Leeds,Wolves,0,3,A,0.0,2.0,A,6.0,18.0,3.0,7.0,11.0,9.0,3.0,9.0,2.0,0.0,0.0,0.0
2017/18,2018-03-10,Aston Villa,Wolves,4,1,H,1.0,1.0,D,11.0,9.0,4.0,4.0,14.0,13.0,2.0,4.0,3.0,5.0,0.0,0.0
2017/18,2018-03-10,Burton,Bristol City,0,0,D,0.0,0.0,D,10.0,6.0,3.0,2.0,6.0,11.0,5.0,3.0,0.0,1.0,0.0,0.0
2017/18,2018-03-10,Cardiff,Birmingham,3,2,H,3.0,0.0,H,15.0,16.0,6.0,7.0,9.0,12.0,6.0,12.0,3.0,2.0,0.0,0.0
2017/18,2018-03-10,Hull,Norwich,4,3,H,2.0,3.0,A,23.0,12.0,15.0,6.0,17.0,19.0,5.0,4.0,2.0,3.0,0.0,0.0
2017/18,2018-03-10,Ipswich,Sheffield United,0,0,D,0.0,0.0,D,8.0,10.0,2.0,3.0,14.0,9.0,7.0,2.0,2.0,1.0,0.0,0.0
2017/18,2018-03-10,Middlesbrough,Barnsley,3,1,H,2.0,0.0,H,9.0,9.0,5.0,3.0,7.0,9.0,3.0,5.0,0.0,1.0,0.0,0.0
2017/18,2018-03-10,Millwall,Brentford,1,0,H,1.0,0.0,H,12.0,15.0,4.0,4.0,9.0,15.0,5.0,7.0,2.0,0.0,0.0,0.0
2017/18,2018-03-10,Preston,Fulham,1,2,A,0.0,0.0,D,11.0,9.0,5.0,5.0,7.0,6.0,6.0,8.0,1.0,1.0,0.0,0.0
2017/18,2018-03-10,QPR,Sunderland,1,0,H,0.0,0.0,D,12.0,8.0,5.0,0.0,14.0,16.0,5.0,6.0,2.0,1.0,0.0,1.0
2017/18,2018-03-10,Reading,Leeds,2,2,D,1.0,1.0,D,10.0,19.0,4.0,8.0,14.0,11.0,13.0,7.0,2.0,1.0,0.0,0.0
2017/18,2018-03-10,Sheffield Weds,Bolton,1,1,D,0.0,0.0,D,11.0,10.0,2.0,5.0,9.0,12.0,2.0,4.0,0.0,0.0,0.0,0.0
2017/18,2018-03-11,Nott'm Forest,Derby,0,0,D,0.0,0.0,D,6.0,15.0,0.0,2.0,14.0,19.0,6.0,6.0,4.0,1.0,0.0,1.0
2017/18,2018-03-13,Aston Villa,QPR,1,3,A,0.0,2.0,A,15.0,11.0,4.0,7.0,11.0,12.0,14.0,2.0,1.0,2.0,0.0,0.0
2017/18,2018-03-13,Barnsley,Norwich,1,1,D,1.0,0.0,H,20.0,12.0,5.0,3.0,11.0,11.0,4.0,4.0,2.0,1.0,0.0,0.0
2017/18,2018-03-13,Brentford,Cardiff,1,3,A,1.0,2.0,A,24.0,14.0,6.0,9.0,8.0,19.0,7.0,6.0,1.0,3.0,0.0,0.0
2017/18,2018-03-13,Ipswich,Hull,0,3,A,0.0,2.0,A,10.0,10.0,2.0,6.0,9.0,13.0,5.0,1.0,1.0,0.0,0.0,0.0
2017/18,2018-03-13,Sheffield United,Burton,2,0,H,1.0,0.0,H,12.0,5.0,4.0,3.0,10.0,10.0,7.0,7.0,2.0,1.0,0.0,0.0
2017/18,2018-03-13,Wolves,Reading,3,0,H,1.0,0.0,H,14.0,2.0,8.0,0.0,11.0,11.0,8.0,2.0,1.0,2.0,0.0,0.0
2017/18,2018-03-17,Barnsley,Millwall,0,2,A,0.0,1.0,A,19.0,10.0,7.0,3.0,12.0,10.0,9.0,3.0,0.0,0.0,0.0,0.0
2017/18,2018-03-17,Birmingham,Hull,3,0,H,1.0,0.0,H,13.0,6.0,8.0,1.0,14.0,8.0,8.0,5.0,1.0,0.0,0.0,0.0
2017/18,2018-03-17,Bolton,Aston Villa,1,0,H,1.0,0.0,H,11.0,11.0,3.0,3.0,19.0,14.0,9.0,6.0,1.0,2.0,0.0,0.0
2017/18,2018-03-17,Brentford,Middlesbrough,1,1,D,1.0,1.0,D,24.0,9.0,6.0,4.0,10.0,19.0,9.0,4.0,2.0,4.0,1.0,0.0
2017/18,2018-03-17,Bristol City,Ipswich,1,0,H,0.0,0.0,D,9.0,9.0,5.0,2.0,13.0,12.0,2.0,4.0,1.0,1.0,0.0,0.0
2017/18,2018-03-17,Fulham,QPR,2,2,D,2.0,1.0,H,11.0,13.0,5.0,6.0,8.0,13.0,8.0,2.0,2.0,3.0,0.0,0.0
2017/18,2018-03-17,Leeds,Sheffield Weds,1,2,A,0.0,0.0,D,12.0,11.0,3.0,5.0,4.0,13.0,10.0,4.0,0.0,4.0,0.0,0.0
2017/18,2018-03-17,Norwich,Reading,3,2,H,3.0,1.0,H,13.0,12.0,5.0,7.0,12.0,16.0,8.0,2.0,2.0,5.0,0.0,0.0
2017/18,2018-03-17,Sheffield United,Nott'm Forest,0,0,D,0.0,0.0,D,12.0,14.0,4.0,4.0,15.0,12.0,3.0,5.0,1.0,3.0,0.0,0.0
2017/18,2018-03-17,Sunderland,Preston,0,2,A,0.0,0.0,D,7.0,12.0,4.0,5.0,12.0,12.0,4.0,5.0,0.0,1.0,1.0,0.0
2017/18,2018-03-17,Wolves,Burton,3,1,H,2.0,1.0,H,15.0,3.0,5.0,1.0,10.0,13.0,4.0,4.0,0.0,1.0,0.0,0.0
2017/18,2018-03-30,Barnsley,Bristol City,2,2,D,1.0,1.0,D,23.0,8.0,8.0,2.0,9.0,11.0,6.0,8.0,1.0,1.0,0.0,0.0
2017/18,2018-03-30,Brentford,Sheffield United,1,1,D,0.0,0.0,D,7.0,11.0,4.0,7.0,10.0,16.0,4.0,2.0,0.0,2.0,1.0,1.0
2017/18,2018-03-30,Cardiff,Burton,3,1,H,2.0,1.0,H,17.0,11.0,8.0,4.0,15.0,12.0,6.0,4.0,1.0,2.0,0.0,0.0
2017/18,2018-03-30,Derby,Sunderland,1,4,A,1.0,2.0,A,7.0,14.0,1.0,6.0,18.0,16.0,3.0,7.0,2.0,4.0,0.0,0.0
2017/18,2018-03-30,Leeds,Bolton,2,1,H,1.0,0.0,H,16.0,9.0,6.0,3.0,13.0,10.0,9.0,5.0,2.0,2.0,0.0,0.0
2017/18,2018-03-30,Middlesbrough,Wolves,1,2,A,0.0,2.0,A,17.0,7.0,3.0,6.0,10.0,13.0,6.0,2.0,3.0,3.0,0.0,2.0
2017/18,2018-03-30,Millwall,Nott'm Forest,2,0,H,2.0,0.0,H,11.0,18.0,5.0,3.0,9.0,13.0,6.0,6.0,3.0,3.0,0.0,0.0
2017/18,2018-03-30,Norwich,Fulham,0,2,A,0.0,0.0,D,14.0,10.0,2.0,5.0,11.0,11.0,5.0,2.0,3.0,4.0,0.0,0.0
2017/18,2018-03-30,Reading,QPR,1,0,H,1.0,0.0,H,5.0,27.0,1.0,3.0,14.0,17.0,4.0,7.0,2.0,3.0,1.0,0.0
2017/18,2018-03-30,Sheffield Weds,Preston,4,1,H,0.0,0.0,D,16.0,10.0,5.0,2.0,12.0,8.0,2.0,4.0,2.0,1.0,0.0,0.0
2017/18,2018-03-31,Birmingham,Ipswich,1,0,H,1.0,0.0,H,13.0,8.0,3.0,1.0,9.0,11.0,7.0,6.0,2.0,3.0,0.0,0.0
2017/18,2018-03-31,Hull,Aston Villa,0,0,D,0.0,0.0,D,9.0,11.0,1.0,3.0,11.0,9.0,4.0,8.0,1.0,2.0,0.0,0.0
2017/18,2018-04-02,Bristol City,Brentford,0,1,A,0.0,0.0,D,2.0,27.0,0.0,7.0,15.0,13.0,1.0,9.0,3.0,2.0,0.0,0.0
2017/18,2018-04-02,Burton,Middlesbrough,1,1,D,1.0,0.0,H,13.0,13.0,1.0,3.0,9.0,12.0,5.0,5.0,3.0,0.0,0.0,0.0
2017/18,2018-04-02,Ipswich,Millwall,2,2,D,0.0,1.0,A,10.0,21.0,6.0,5.0,11.0,10.0,4.0,5.0,4.0,0.0,0.0,0.0
2017/18,2018-04-02,Preston,Derby,0,1,A,0.0,0.0,D,19.0,2.0,3.0,1.0,11.0,16.0,7.0,2.0,2.0,1.0,0.0,0.0
2017/18,2018-04-02,QPR,Norwich,4,1,H,1.0,1.0,D,11.0,16.0,7.0,3.0,15.0,14.0,3.0,9.0,2.0,4.0,0.0,0.0
2017/18,2018-04-02,Sheffield United,Cardiff,1,1,D,1.0,0.0,H,21.0,8.0,7.0,5.0,12.0,8.0,10.0,1.0,1.0,1.0,0.0,0.0
2017/18,2018-04-02,Sunderland,Sheffield Weds,1,3,A,0.0,0.0,D,16.0,13.0,6.0,3.0,8.0,15.0,8.0,3.0,0.0,1.0,0.0,0.0
2017/18,2018-04-03,Aston Villa,Reading,3,0,H,0.0,0.0,D,28.0,4.0,13.0,0.0,6.0,7.0,6.0,2.0,0.0,0.0,0.0,1.0
2017/18,2018-04-03,Bolton,Birmingham,0,1,A,0.0,1.0,A,8.0,10.0,0.0,3.0,14.0,7.0,8.0,6.0,1.0,1.0,0.0,1.0
2017/18,2018-04-03,Fulham,Leeds,2,0,H,1.0,0.0,H,17.0,9.0,4.0,2.0,9.0,10.0,6.0,5.0,3.0,2.0,0.0,0.0
2017/18,2018-04-03,Wolves,Hull,2,2,D,1.0,1.0,D,12.0,10.0,5.0,2.0,13.0,12.0,5.0,1.0,0.0,3.0,0.0,0.0
2017/18,2018-04-06,Cardiff,Wolves,0,1,A,0.0,0.0,D,16.0,13.0,3.0,6.0,6.0,11.0,8.0,3.0,2.0,3.0,0.0,0.0
2017/18,2018-04-07,Barnsley,Sheffield United,3,2,H,1.0,0.0,H,13.0,19.0,6.0,5.0,10.0,7.0,3.0,11.0,2.0,2.0,0.0,0.0
2017/18,2018-04-07,Birmingham,Burton,1,1,D,0.0,0.0,D,25.0,6.0,13.0,2.0,9.0,11.0,9.0,3.0,2.0,2.0,0.0,0.0
2017/18,2018-04-07,Brentford,Ipswich,1,0,H,0.0,0.0,D,12.0,7.0,4.0,2.0,14.0,19.0,6.0,4.0,2.0,3.0,0.0,0.0
2017/18,2018-04-07,Derby,Bolton,3,0,H,2.0,0.0,H,9.0,9.0,5.0,2.0,15.0,7.0,5.0,5.0,1.0,1.0,0.0,0.0
2017/18,2018-04-07,Hull,QPR,4,0,H,2.0,0.0,H,12.0,9.0,4.0,0.0,12.0,14.0,4.0,10.0,3.0,2.0,0.0,1.0
2017/18,2018-04-07,Leeds,Sunderland,1,1,D,0.0,0.0,D,16.0,20.0,4.0,9.0,14.0,11.0,6.0,13.0,3.0,3.0,1.0,0.0
2017/18,2018-04-07,Middlesbrough,Nott'm Forest,2,0,H,2.0,0.0,H,13.0,14.0,8.0,3.0,9.0,7.0,5.0,8.0,1.0,2.0,0.0,0.0
2017/18,2018-04-07,Millwall,Bristol City,2,0,H,1.0,0.0,H,12.0,11.0,6.0,0.0,14.0,6.0,3.0,7.0,1.0,0.0,0.0,0.0
2017/18,2018-04-07,Norwich,Aston Villa,3,1,H,1.0,0.0,H,14.0,10.0,6.0,2.0,18.0,13.0,5.0,7.0,4.0,3.0,0.0,0.0
2017/18,2018-04-07,Reading,Preston,1,0,H,1.0,0.0,H,5.0,17.0,1.0,3.0,16.0,20.0,2.0,4.0,2.0,2.0,0.0,0.0
2017/18,2018-04-07,Sheffield Weds,Fulham,0,1,A,0.0,0.0,D,4.0,22.0,0.0,8.0,18.0,7.0,1.0,11.0,2.0,0.0,0.0,0.0
2017/18,2018-04-10,Aston Villa,Cardiff,1,0,H,0.0,0.0,D,13.0,11.0,4.0,4.0,13.0,19.0,8.0,3.0,4.0,5.0,0.0,0.0
2017/18,2018-04-10,Bolton,Millwall,0,2,A,0.0,1.0,A,13.0,13.0,3.0,6.0,18.0,18.0,6.0,5.0,0.0,0.0,0.0,0.0
2017/18,2018-04-10,Bristol City,Birmingham,3,1,H,2.0,1.0,H,10.0,18.0,4.0,7.0,8.0,16.0,4.0,6.0,0.0,1.0,0.0,0.0
2017/18,2018-04-10,Burton,Hull,0,5,A,0.0,2.0,A,11.0,14.0,2.0,6.0,9.0,13.0,2.0,4.0,0.0,2.0,0.0,0.0
2017/18,2018-04-10,Fulham,Reading,1,0,H,1.0,0.0,H,14.0,3.0,5.0,0.0,11.0,14.0,6.0,2.0,1.0,1.0,0.0,1.0
2017/18,2018-04-10,Ipswich,Barnsley,1,0,H,0.0,0.0,D,16.0,19.0,4.0,2.0,15.0,15.0,5.0,5.0,1.0,1.0,0.0,0.0
2017/18,2018-04-10,Nott'm Forest,Brentford,0,1,A,0.0,0.0,D,16.0,11.0,2.0,2.0,11.0,9.0,4.0,8.0,2.0,0.0,0.0,0.0
2017/18,2018-04-10,Preston,Leeds,3,1,H,0.0,1.0,A,17.0,9.0,7.0,5.0,14.0,10.0,9.0,9.0,3.0,2.0,0.0,0.0
2017/18,2018-04-10,QPR,Sheffield Weds,4,2,H,3.0,0.0,H,16.0,13.0,8.0,6.0,13.0,18.0,7.0,4.0,1.0,1.0,0.0,0.0
2017/18,2018-04-10,Sheffield United,Middlesbrough,2,1,H,2.0,0.0,H,11.0,7.0,3.0,2.0,5.0,20.0,5.0,1.0,1.0,3.0,0.0,1.0
2017/18,2018-04-10,Sunderland,Norwich,1,1,D,0.0,0.0,D,25.0,18.0,5.0,4.0,12.0,8.0,5.0,6.0,0.0,0.0,0.0,0.0
2017/18,2018-04-11,Wolves,Derby,2,0,H,1.0,0.0,H,12.0,6.0,5.0,1.0,11.0,10.0,7.0,3.0,1.0,0.0,0.0,0.0
2017/18,2018-04-13,Aston Villa,Leeds,1,0,H,1.0,0.0,H,17.0,9.0,5.0,2.0,7.0,10.0,5.0,4.0,0.0,0.0,0.0,0.0
2017/18,2018-04-14,Barnsley,Bolton,2,2,D,1.0,0.0,H,15.0,15.0,6.0,4.0,14.0,19.0,4.0,9.0,5.0,4.0,0.0,0.0
2017/18,2018-04-14,Burton,Derby,3,1,H,2.0,1.0,H,10.0,9.0,6.0,2.0,16.0,12.0,2.0,5.0,3.0,1.0,0.0,0.0
2017/18,2018-04-14,Fulham,Brentford,1,1,D,0.0,0.0,D,12.0,17.0,2.0,5.0,13.0,9.0,4.0,7.0,1.0,2.0,0.0,0.0
2017/18,2018-04-14,Hull,Sheffield Weds,0,1,A,0.0,1.0,A,24.0,8.0,3.0,3.0,10.0,8.0,11.0,5.0,1.0,1.0,0.0,0.0
2017/18,2018-04-14,Middlesbrough,Bristol City,2,1,H,1.0,1.0,D,21.0,10.0,3.0,3.0,16.0,17.0,4.0,2.0,4.0,2.0,0.0,0.0
2017/18,2018-04-14,Norwich,Cardiff,0,2,A,0.0,0.0,D,17.0,15.0,4.0,6.0,8.0,23.0,10.0,6.0,1.0,2.0,0.0,0.0
2017/18,2018-04-14,Nott'm Forest,Ipswich,2,1,H,0.0,1.0,A,19.0,10.0,8.0,3.0,7.0,9.0,8.0,9.0,1.0,1.0,0.0,0.0
2017/18,2018-04-14,QPR,Preston,1,2,A,1.0,1.0,D,5.0,14.0,3.0,7.0,23.0,13.0,5.0,10.0,3.0,1.0,0.0,0.0
2017/18,2018-04-14,Reading,Sunderland,2,2,D,1.0,0.0,H,12.0,22.0,6.0,6.0,11.0,14.0,3.0,8.0,1.0,1.0,0.0,0.0
2017/18,2018-04-14,Sheffield United,Millwall,1,1,D,0.0,0.0,D,17.0,12.0,8.0,3.0,10.0,17.0,8.0,9.0,2.0,3.0,0.0,0.0
2017/18,2018-04-15,Wolves,Birmingham,2,0,H,1.0,0.0,H,13.0,9.0,6.0,4.0,11.0,10.0,4.0,4.0,0.0,2.0,0.0,1.0
2017/18,2018-04-20,Millwall,Fulham,0,3,A,0.0,0.0,D,7.0,17.0,4.0,5.0,17.0,8.0,2.0,1.0,4.0,1.0,0.0,0.0
2017/18,2018-04-21,Birmingham,Sheffield United,2,1,H,1.0,1.0,D,16.0,7.0,7.0,3.0,15.0,14.0,4.0,3.0,1.0,2.0,0.0,0.0
2017/18,2018-04-21,Bolton,Wolves,0,4,A,0.0,2.0,A,9.0,21.0,2.0,9.0,12.0,17.0,2.0,5.0,1.0,1.0,0.0,0.0
2017/18,2018-04-21,Brentford,QPR,2,1,H,1.0,1.0,D,17.0,13.0,9.0,3.0,14.0,12.0,11.0,4.0,2.0,4.0,0.0,0.0
2017/18,2018-04-21,Bristol City,Hull,5,5,D,2.0,1.0,H,20.0,13.0,6.0,8.0,9.0,9.0,6.0,1.0,1.0,4.0,0.0,0.0
2017/18,2018-04-21,Cardiff,Nott'm Forest,2,1,H,1.0,0.0,H,14.0,8.0,5.0,3.0,9.0,15.0,6.0,2.0,0.0,3.0,0.0,0.0
2017/18,2018-04-21,Derby,Middlesbrough,1,2,A,0.0,1.0,A,16.0,14.0,7.0,4.0,13.0,11.0,12.0,6.0,3.0,2.0,0.0,0.0
2017/18,2018-04-21,Ipswich,Aston Villa,0,4,A,0.0,1.0,A,3.0,21.0,1.0,6.0,12.0,10.0,4.0,8.0,0.0,0.0,1.0,0.0
2017/18,2018-04-21,Leeds,Barnsley,2,1,H,1.0,1.0,D,15.0,11.0,3.0,3.0,8.0,10.0,5.0,9.0,1.0,1.0,0.0,0.0
2017/18,2018-04-21,Preston,Norwich,0,0,D,0.0,0.0,D,10.0,12.0,2.0,0.0,16.0,11.0,5.0,5.0,3.0,5.0,0.0,0.0
2017/18,2018-04-21,Sheffield Weds,Reading,3,0,H,1.0,0.0,H,14.0,7.0,6.0,1.0,9.0,8.0,4.0,2.0,0.0,0.0,0.0,1.0
2017/18,2018-04-21,Sunderland,Burton,1,2,A,1.0,0.0,H,14.0,14.0,2.0,8.0,15.0,7.0,2.0,8.0,6.0,2.0,0.0,0.0
2017/18,2018-04-24,Derby,Cardiff,3,1,H,0.0,1.0,A,17.0,12.0,4.0,2.0,10.0,11.0,9.0,6.0,1.0,4.0,0.0,0.0
2017/18,2018-04-24,Nott'm Forest,Barnsley,3,0,H,2.0,0.0,H,19.0,14.0,8.0,3.0,11.0,8.0,8.0,5.0,2.0,1.0,0.0,0.0
2017/18,2018-04-27,Fulham,Sunderland,2,1,H,1.0,1.0,D,14.0,8.0,5.0,2.0,15.0,10.0,4.0,2.0,2.0,4.0,0.0,0.0
2017/18,2018-04-28,Aston Villa,Derby,1,1,D,0.0,1.0,A,24.0,7.0,6.0,3.0,4.0,8.0,9.0,2.0,0.0,1.0,0.0,0.0
2017/18,2018-04-28,Barnsley,Brentford,2,0,H,1.0,0.0,H,12.0,12.0,4.0,2.0,9.0,9.0,3.0,2.0,0.0,1.0,0.0,0.0
2017/18,2018-04-28,Burton,Bolton,2,0,H,2.0,0.0,H,16.0,9.0,8.0,0.0,15.0,15.0,8.0,5.0,2.0,2.0,0.0,0.0
2017/18,2018-04-28,Hull,Cardiff,0,2,A,0.0,1.0,A,8.0,12.0,0.0,6.0,15.0,15.0,3.0,5.0,3.0,2.0,0.0,0.0
2017/18,2018-04-28,Middlesbrough,Millwall,2,0,H,1.0,0.0,H,17.0,8.0,3.0,3.0,8.0,11.0,3.0,8.0,2.0,3.0,0.0,0.0
2017/18,2018-04-28,Norwich,Leeds,2,1,H,1.0,1.0,D,18.0,15.0,5.0,5.0,9.0,15.0,9.0,3.0,1.0,2.0,0.0,0.0
2017/18,2018-04-28,Nott'm Forest,Bristol City,0,0,D,0.0,0.0,D,24.0,6.0,6.0,0.0,13.0,12.0,6.0,2.0,1.0,1.0,0.0,0.0
2017/18,2018-04-28,QPR,Birmingham,3,1,H,1.0,1.0,D,18.0,16.0,13.0,6.0,11.0,16.0,3.0,11.0,2.0,1.0,0.0,0.0
2017/18,2018-04-28,Reading,Ipswich,0,4,A,0.0,0.0,D,15.0,11.0,6.0,7.0,7.0,13.0,12.0,4.0,0.0,0.0,0.0,0.0
2017/18,2018-04-28,Sheffield United,Preston,0,1,A,0.0,0.0,D,17.0,8.0,4.0,3.0,21.0,14.0,13.0,3.0,4.0,3.0,0.0,0.0
2017/18,2018-04-28,Wolves,Sheffield Weds,0,0,D,0.0,0.0,D,17.0,2.0,4.0,0.0,6.0,5.0,9.0,4.0,1.0,0.0,0.0,0.0
2017/18,2018-05-06,Birmingham,Fulham,3,1,H,2.0,0.0,H,11.0,13.0,7.0,5.0,14.0,8.0,3.0,4.0,2.0,3.0,0.0,0.0
2017/18,2018-05-06,Bolton,Nott'm Forest,3,2,H,0.0,0.0,D,24.0,12.0,9.0,4.0,12.0,11.0,6.0,2.0,3.0,4.0,0.0,0.0
2017/18,2018-05-06,Brentford,Hull,1,1,D,1.0,1.0,D,22.0,7.0,5.0,4.0,10.0,12.0,14.0,1.0,0.0,0.0,0.0,0.0
2017/18,2018-05-06,Bristol City,Sheffield United,2,3,A,0.0,3.0,A,10.0,5.0,5.0,3.0,16.0,16.0,2.0,3.0,4.0,2.0,0.0,0.0
2017/18,2018-05-06,Cardiff,Reading,0,0,D,0.0,0.0,D,16.0,1.0,3.0,1.0,16.0,11.0,4.0,2.0,1.0,2.0,0.0,0.0
2017/18,2018-05-06,Derby,Barnsley,4,1,H,1.0,0.0,H,16.0,14.0,5.0,3.0,7.0,8.0,5.0,3.0,1.0,2.0,0.0,0.0
2017/18,2018-05-06,Ipswich,Middlesbrough,2,2,D,1.0,0.0,H,16.0,28.0,8.0,6.0,7.0,12.0,6.0,11.0,3.0,1.0,0.0,0.0
2017/18,2018-05-06,Leeds,QPR,2,0,H,1.0,0.0,H,14.0,7.0,6.0,1.0,19.0,12.0,9.0,4.0,3.0,3.0,0.0,0.0
2017/18,2018-05-06,Millwall,Aston Villa,1,0,H,1.0,0.0,H,13.0,14.0,3.0,5.0,12.0,6.0,5.0,5.0,1.0,0.0,0.0,0.0
2017/18,2018-05-06,Preston,Burton,2,1,H,1.0,0.0,H,18.0,21.0,6.0,5.0,10.0,12.0,6.0,8.0,1.0,2.0,1.0,0.0
2017/18,2018-05-06,Sheffield Weds,Norwich,5,1,H,2.0,0.0,H,12.0,21.0,8.0,2.0,14.0,12.0,1.0,10.0,2.0,1.0,0.0,0.0
2017/18,2018-05-06,Sunderland,Wolves,3,0,H,2.0,0.0,H,19.0,7.0,7.0,1.0,7.0,16.0,7.0,7.0,0.0,0.0,0.0,0.0
2018/19,2018-08-03,Reading,Derby,1,2,A,0.0,0.0,D,8.0,11.0,5.0,3.0,14.0,16.0,2.0,4.0,3.0,4.0,0.0,0.0
2018/19,2018-08-04,Birmingham,Norwich,2,2,D,0.0,0.0,D,16.0,16.0,7.0,7.0,15.0,10.0,4.0,4.0,0.0,3.0,0.0,0.0
2018/19,2018-08-04,Brentford,Rotherham,5,1,H,2.0,0.0,H,14.0,9.0,10.0,5.0,15.0,10.0,13.0,3.0,0.0,2.0,0.0,0.0
2018/19,2018-08-04,Bristol City,Nott'm Forest,1,1,D,1.0,0.0,H,18.0,16.0,6.0,6.0,8.0,17.0,7.0,9.0,0.0,4.0,0.0,0.0
2018/19,2018-08-04,Ipswich,Blackburn,2,2,D,1.0,2.0,A,9.0,6.0,3.0,2.0,11.0,21.0,3.0,0.0,2.0,3.0,0.0,0.0
2018/19,2018-08-04,Millwall,Middlesbrough,2,2,D,2.0,0.0,H,9.0,12.0,2.0,3.0,13.0,6.0,6.0,6.0,3.0,2.0,0.0,0.0
2018/19,2018-08-04,Preston,QPR,1,0,H,0.0,0.0,D,15.0,8.0,3.0,2.0,15.0,13.0,6.0,4.0,0.0,2.0,0.0,0.0
2018/19,2018-08-04,Sheffield United,Swansea,1,2,A,0.0,0.0,D,12.0,9.0,2.0,4.0,6.0,6.0,5.0,1.0,0.0,0.0,0.0,0.0
2018/19,2018-08-04,West Brom,Bolton,1,2,A,1.0,1.0,D,20.0,11.0,3.0,4.0,9.0,14.0,10.0,6.0,1.0,0.0,0.0,0.0
2018/19,2018-08-04,Wigan,Sheffield Weds,3,2,H,2.0,1.0,H,21.0,8.0,10.0,4.0,12.0,12.0,3.0,3.0,1.0,3.0,0.0,1.0
2018/19,2018-08-05,Leeds,Stoke,3,1,H,2.0,0.0,H,11.0,9.0,5.0,5.0,14.0,8.0,3.0,3.0,0.0,0.0,0.0,0.0
2018/19,2018-08-06,Hull,Aston Villa,1,3,A,1.0,1.0,D,11.0,9.0,3.0,5.0,12.0,9.0,4.0,2.0,0.0,2.0,0.0,0.0
2018/19,2018-08-07,Middlesbrough,Sheffield United,3,0,H,3.0,0.0,H,13.0,17.0,5.0,4.0,10.0,13.0,7.0,6.0,0.0,3.0,0.0,0.0
2018/19,2018-08-07,Nott'm Forest,West Brom,1,1,D,0.0,0.0,D,20.0,10.0,5.0,2.0,12.0,10.0,7.0,6.0,2.0,1.0,0.0,0.0
2018/19,2018-08-11,Aston Villa,Wigan,3,2,H,1.0,1.0,D,17.0,10.0,6.0,3.0,17.0,16.0,3.0,4.0,1.0,4.0,0.0,0.0
2018/19,2018-08-11,Blackburn,Millwall,0,0,D,0.0,0.0,D,10.0,7.0,4.0,0.0,13.0,13.0,7.0,1.0,0.0,1.0,0.0,0.0
2018/19,2018-08-11,Bolton,Bristol City,2,2,D,0.0,0.0,D,7.0,16.0,2.0,5.0,20.0,6.0,4.0,10.0,6.0,2.0,0.0,0.0
2018/19,2018-08-11,Derby,Leeds,1,4,A,1.0,2.0,A,12.0,17.0,4.0,7.0,10.0,19.0,3.0,5.0,4.0,2.0,0.0,0.0
2018/19,2018-08-11,Middlesbrough,Birmingham,1,0,H,1.0,0.0,H,10.0,11.0,2.0,4.0,9.0,11.0,3.0,9.0,0.0,1.0,0.0,1.0
2018/19,2018-08-11,Norwich,West Brom,3,4,A,1.0,1.0,D,20.0,13.0,10.0,7.0,12.0,14.0,4.0,2.0,0.0,0.0,0.0,0.0
2018/19,2018-08-11,Nott'm Forest,Reading,1,0,H,0.0,0.0,D,12.0,8.0,3.0,3.0,15.0,11.0,6.0,4.0,0.0,1.0,0.0,0.0
2018/19,2018-08-11,QPR,Sheffield United,1,2,A,1.0,1.0,D,14.0,8.0,6.0,5.0,12.0,11.0,4.0,6.0,1.0,1.0,0.0,0.0
2018/19,2018-08-11,Rotherham,Ipswich,1,0,H,0.0,0.0,D,10.0,16.0,4.0,3.0,8.0,9.0,0.0,12.0,2.0,0.0,0.0,0.0
2018/19,2018-08-11,Sheffield Weds,Hull,1,1,D,0.0,1.0,A,12.0,16.0,6.0,4.0,5.0,7.0,5.0,6.0,3.0,1.0,0.0,0.0
2018/19,2018-08-11,Stoke,Brentford,1,1,D,1.0,0.0,H,9.0,17.0,3.0,5.0,15.0,6.0,2.0,6.0,2.0,0.0,0.0,0.0
2018/19,2018-08-11,Swansea,Preston,1,0,H,1.0,0.0,H,10.0,12.0,7.0,5.0,6.0,14.0,4.0,5.0,0.0,1.0,0.0,0.0
2018/19,2018-08-17,Birmingham,Swansea,0,0,D,0.0,0.0,D,17.0,6.0,6.0,0.0,13.0,11.0,10.0,1.0,1.0,1.0,0.0,0.0
2018/19,2018-08-18,Bristol City,Middlesbrough,0,2,A,0.0,2.0,A,18.0,13.0,4.0,3.0,9.0,11.0,4.0,4.0,1.0,2.0,0.0,0.0
2018/19,2018-08-18,Hull,Blackburn,0,1,A,0.0,1.0,A,10.0,16.0,3.0,7.0,12.0,13.0,5.0,1.0,1.0,3.0,0.0,0.0
2018/19,2018-08-18,Ipswich,Aston Villa,1,1,D,1.0,1.0,D,9.0,10.0,1.0,3.0,13.0,15.0,2.0,7.0,1.0,2.0,1.0,0.0
2018/19,2018-08-18,Leeds,Rotherham,2,0,H,0.0,0.0,D,17.0,9.0,7.0,4.0,10.0,8.0,7.0,1.0,0.0,1.0,0.0,0.0
2018/19,2018-08-18,Millwall,Derby,2,1,H,2.0,0.0,H,12.0,12.0,4.0,4.0,15.0,10.0,4.0,10.0,1.0,1.0,0.0,0.0
2018/19,2018-08-18,Preston,Stoke,2,2,D,2.0,1.0,H,15.0,8.0,6.0,3.0,13.0,15.0,4.0,2.0,2.0,3.0,0.0,0.0
2018/19,2018-08-18,Reading,Bolton,0,1,A,0.0,0.0,D,15.0,9.0,3.0,4.0,11.0,15.0,5.0,3.0,2.0,1.0,0.0,0.0
2018/19,2018-08-18,Sheffield United,Norwich,2,1,H,1.0,1.0,D,14.0,11.0,5.0,2.0,15.0,7.0,9.0,4.0,2.0,2.0,0.0,0.0
2018/19,2018-08-18,West Brom,QPR,7,1,H,1.0,1.0,D,15.0,6.0,9.0,2.0,14.0,15.0,3.0,5.0,2.0,1.0,0.0,0.0
2018/19,2018-08-18,Wigan,Nott'm Forest,2,2,D,2.0,1.0,H,17.0,9.0,4.0,4.0,18.0,18.0,8.0,14.0,2.0,4.0,0.0,0.0
2018/19,2018-08-19,Brentford,Sheffield Weds,2,0,H,1.0,0.0,H,14.0,4.0,9.0,1.0,11.0,9.0,9.0,0.0,1.0,1.0,0.0,0.0
2018/19,2018-08-21,Derby,Ipswich,2,0,H,0.0,0.0,D,10.0,11.0,2.0,2.0,10.0,10.0,4.0,4.0,2.0,2.0,0.0,0.0
2018/19,2018-08-21,QPR,Bristol City,0,3,A,0.0,1.0,A,14.0,11.0,4.0,5.0,16.0,10.0,2.0,3.0,1.0,3.0,0.0,0.0
2018/19,2018-08-21,Rotherham,Hull,2,3,A,1.0,2.0,A,15.0,14.0,4.0,6.0,11.0,10.0,7.0,4.0,1.0,1.0,0.0,0.0
2018/19,2018-08-21,Swansea,Leeds,2,2,D,1.0,1.0,D,12.0,8.0,4.0,3.0,13.0,17.0,2.0,5.0,0.0,4.0,0.0,0.0
2018/19,2018-08-22,Aston Villa,Brentford,2,2,D,1.0,1.0,D,16.0,13.0,7.0,7.0,9.0,18.0,13.0,6.0,3.0,2.0,0.0,0.0
2018/19,2018-08-22,Blackburn,Reading,2,2,D,0.0,2.0,A,16.0,8.0,4.0,4.0,7.0,9.0,6.0,1.0,1.0,0.0,0.0,0.0
2018/19,2018-08-22,Bolton,Birmingham,1,0,H,0.0,0.0,D,8.0,18.0,4.0,6.0,11.0,15.0,3.0,10.0,2.0,3.0,0.0,0.0
2018/19,2018-08-22,Norwich,Preston,2,0,H,0.0,0.0,D,12.0,9.0,4.0,3.0,13.0,16.0,11.0,4.0,2.0,2.0,0.0,0.0
2018/19,2018-08-22,Sheffield Weds,Millwall,2,1,H,1.0,0.0,H,13.0,12.0,3.0,4.0,8.0,10.0,7.0,4.0,2.0,0.0,0.0,0.0
2018/19,2018-08-22,Stoke,Wigan,0,3,A,0.0,2.0,A,9.0,10.0,0.0,4.0,16.0,16.0,4.0,3.0,3.0,2.0,1.0,0.0
2018/19,2018-08-24,Middlesbrough,West Brom,1,0,H,0.0,0.0,D,18.0,13.0,4.0,2.0,12.0,11.0,10.0,4.0,3.0,2.0,0.0,0.0
2018/19,2018-08-25,Aston Villa,Reading,1,1,D,0.0,0.0,D,21.0,10.0,8.0,7.0,9.0,13.0,4.0,9.0,0.0,2.0,0.0,0.0
2018/19,2018-08-25,Blackburn,Brentford,1,0,H,0.0,0.0,D,2.0,8.0,1.0,3.0,12.0,10.0,3.0,4.0,0.0,1.0,0.0,0.0
2018/19,2018-08-25,Bolton,Sheffield United,0,3,A,0.0,2.0,A,10.0,17.0,2.0,6.0,6.0,14.0,8.0,10.0,2.0,1.0,0.0,0.0
2018/19,2018-08-25,Derby,Preston,2,0,H,1.0,0.0,H,15.0,6.0,4.0,4.0,17.0,10.0,9.0,4.0,3.0,1.0,0.0,0.0
2018/19,2018-08-25,Norwich,Leeds,0,3,A,0.0,2.0,A,10.0,12.0,2.0,5.0,13.0,16.0,10.0,4.0,1.0,2.0,0.0,0.0
2018/19,2018-08-25,Nott'm Forest,Birmingham,2,2,D,0.0,1.0,A,9.0,9.0,3.0,3.0,17.0,20.0,0.0,4.0,4.0,0.0,0.0,0.0
2018/19,2018-08-25,QPR,Wigan,1,0,H,1.0,0.0,H,12.0,18.0,3.0,5.0,17.0,14.0,7.0,3.0,2.0,1.0,0.0,0.0
2018/19,2018-08-25,Sheffield Weds,Ipswich,2,1,H,1.0,1.0,D,13.0,13.0,3.0,3.0,13.0,15.0,7.0,7.0,2.0,2.0,0.0,1.0
2018/19,2018-08-25,Stoke,Hull,2,0,H,1.0,0.0,H,11.0,4.0,5.0,0.0,8.0,11.0,8.0,5.0,1.0,0.0,0.0,1.0
2018/19,2018-08-25,Swansea,Bristol City,0,1,A,0.0,1.0,A,12.0,10.0,3.0,6.0,8.0,11.0,4.0,5.0,0.0,1.0,0.0,0.0
2018/19,2018-08-26,Rotherham,Millwall,1,0,H,1.0,0.0,H,12.0,12.0,3.0,5.0,14.0,9.0,2.0,9.0,1.0,2.0,0.0,0.0
2018/19,2018-08-31,Leeds,Middlesbrough,0,0,D,0.0,0.0,D,11.0,9.0,3.0,3.0,11.0,16.0,6.0,5.0,4.0,4.0,0.0,0.0
2018/19,2018-09-01,Birmingham,QPR,0,0,D,0.0,0.0,D,5.0,12.0,1.0,5.0,22.0,19.0,5.0,2.0,2.0,0.0,0.0,0.0
2018/19,2018-09-01,Brentford,Nott'm Forest,2,1,H,1.0,0.0,H,20.0,6.0,6.0,2.0,10.0,16.0,9.0,2.0,5.0,7.0,0.0,0.0
2018/19,2018-09-01,Hull,Derby,1,2,A,0.0,1.0,A,18.0,11.0,2.0,5.0,10.0,16.0,7.0,10.0,2.0,1.0,0.0,0.0
2018/19,2018-09-01,Millwall,Swansea,1,2,A,0.0,0.0,D,11.0,8.0,2.0,2.0,12.0,8.0,5.0,3.0,1.0,1.0,0.0,1.0
2018/19,2018-09-01,Preston,Bolton,2,2,D,2.0,2.0,D,12.0,14.0,4.0,6.0,8.0,11.0,7.0,4.0,1.0,3.0,1.0,0.0
2018/19,2018-09-01,Reading,Sheffield Weds,1,2,A,0.0,1.0,A,12.0,10.0,4.0,4.0,12.0,20.0,9.0,6.0,1.0,1.0,0.0,0.0
2018/19,2018-09-01,Sheffield United,Aston Villa,4,1,H,3.0,0.0,H,9.0,9.0,6.0,2.0,18.0,12.0,9.0,1.0,1.0,1.0,0.0,0.0
2018/19,2018-09-01,West Brom,Stoke,2,1,H,1.0,0.0,H,12.0,16.0,6.0,5.0,9.0,14.0,3.0,7.0,3.0,1.0,0.0,0.0
2018/19,2018-09-01,Wigan,Rotherham,1,0,H,0.0,0.0,D,16.0,16.0,5.0,4.0,10.0,13.0,3.0,6.0,2.0,3.0,0.0,0.0
2018/19,2018-09-02,Bristol City,Blackburn,4,1,H,1.0,1.0,D,19.0,13.0,11.0,2.0,8.0,8.0,8.0,5.0,0.0,0.0,0.0,0.0
2018/19,2018-09-02,Ipswich,Norwich,1,1,D,0.0,0.0,D,19.0,11.0,6.0,2.0,12.0,21.0,7.0,6.0,2.0,1.0,0.0,0.0
2018/19,2018-09-14,Birmingham,West Brom,1,1,D,1.0,1.0,D,13.0,15.0,4.0,3.0,15.0,14.0,6.0,3.0,2.0,1.0,0.0,0.0
2018/19,2018-09-15,Blackburn,Aston Villa,1,1,D,0.0,0.0,D,13.0,15.0,3.0,5.0,8.0,11.0,8.0,3.0,3.0,2.0,0.0,0.0
2018/19,2018-09-15,Bolton,QPR,1,2,A,0.0,1.0,A,9.0,11.0,3.0,2.0,13.0,14.0,12.0,1.0,1.0,0.0,0.0,0.0
2018/19,2018-09-15,Brentford,Wigan,2,0,H,1.0,0.0,H,20.0,8.0,10.0,1.0,11.0,15.0,9.0,3.0,2.0,3.0,0.0,1.0
2018/19,2018-09-15,Bristol City,Sheffield United,1,0,H,0.0,0.0,D,11.0,11.0,3.0,1.0,13.0,15.0,3.0,4.0,1.0,4.0,0.0,0.0
2018/19,2018-09-15,Hull,Ipswich,2,0,H,1.0,0.0,H,13.0,6.0,7.0,1.0,12.0,21.0,7.0,5.0,2.0,0.0,0.0,0.0
2018/19,2018-09-15,Millwall,Leeds,1,1,D,0.0,0.0,D,16.0,11.0,2.0,4.0,14.0,7.0,6.0,4.0,1.0,0.0,0.0,0.0
2018/19,2018-09-15,Norwich,Middlesbrough,1,0,H,0.0,0.0,D,16.0,8.0,6.0,2.0,13.0,12.0,0.0,4.0,3.0,1.0,0.0,0.0
2018/19,2018-09-15,Preston,Reading,2,3,A,1.0,1.0,D,23.0,9.0,10.0,5.0,11.0,9.0,9.0,2.0,1.0,1.0,0.0,0.0
2018/19,2018-09-15,Rotherham,Derby,1,0,H,0.0,0.0,D,16.0,12.0,6.0,4.0,15.0,12.0,9.0,5.0,4.0,4.0,0.0,1.0
2018/19,2018-09-15,Sheffield Weds,Stoke,2,2,D,1.0,2.0,A,12.0,14.0,4.0,4.0,11.0,7.0,7.0,13.0,1.0,0.0,0.0,0.0
2018/19,2018-09-15,Swansea,Nott'm Forest,0,0,D,0.0,0.0,D,5.0,16.0,2.0,4.0,4.0,13.0,3.0,10.0,0.0,3.0,0.0,0.0
2018/19,2018-09-18,Aston Villa,Rotherham,2,0,H,1.0,0.0,H,14.0,13.0,4.0,3.0,9.0,16.0,3.0,3.0,2.0,2.0,0.0,0.0
2018/19,2018-09-18,Derby,Blackburn,0,0,D,0.0,0.0,D,22.0,6.0,3.0,2.0,18.0,13.0,3.0,1.0,2.0,3.0,0.0,0.0
2018/19,2018-09-18,Ipswich,Brentford,1,1,D,0.0,1.0,A,10.0,14.0,5.0,6.0,16.0,9.0,8.0,6.0,1.0,2.0,0.0,0.0
2018/19,2018-09-18,Leeds,Preston,3,0,H,1.0,0.0,H,17.0,5.0,5.0,3.0,12.0,12.0,4.0,3.0,1.0,2.0,0.0,0.0
2018/19,2018-09-18,Stoke,Swansea,1,0,H,0.0,0.0,D,8.0,14.0,3.0,5.0,13.0,13.0,1.0,3.0,2.0,1.0,0.0,0.0
2018/19,2018-09-18,West Brom,Bristol City,4,2,H,3.0,0.0,H,11.0,23.0,7.0,8.0,11.0,13.0,2.0,7.0,2.0,1.0,0.0,0.0
2018/19,2018-09-18,Wigan,Hull,2,1,H,2.0,1.0,H,18.0,7.0,7.0,4.0,12.0,10.0,7.0,3.0,1.0,3.0,0.0,0.0
2018/19,2018-09-19,Middlesbrough,Bolton,2,0,H,1.0,0.0,H,19.0,7.0,4.0,2.0,7.0,13.0,10.0,1.0,1.0,4.0,0.0,0.0
2018/19,2018-09-19,Nott'm Forest,Sheffield Weds,2,1,H,1.0,0.0,H,13.0,6.0,6.0,3.0,13.0,12.0,2.0,2.0,2.0,0.0,0.0,0.0
2018/19,2018-09-19,QPR,Millwall,2,0,H,2.0,0.0,H,20.0,14.0,9.0,2.0,15.0,18.0,3.0,5.0,3.0,2.0,0.0,0.0
2018/19,2018-09-19,Reading,Norwich,1,2,A,0.0,1.0,A,13.0,11.0,2.0,5.0,9.0,16.0,6.0,7.0,2.0,3.0,0.0,0.0
2018/19,2018-09-19,Sheffield United,Birmingham,0,0,D,0.0,0.0,D,6.0,13.0,3.0,5.0,10.0,11.0,9.0,5.0,1.0,0.0,0.0,0.0
2018/19,2018-09-21,Wigan,Bristol City,1,0,H,0.0,0.0,D,9.0,9.0,1.0,3.0,12.0,13.0,2.0,4.0,2.0,1.0,0.0,0.0
2018/19,2018-09-22,Aston Villa,Sheffield Weds,1,2,A,0.0,0.0,D,18.0,13.0,4.0,5.0,15.0,12.0,3.0,7.0,2.0,1.0,0.0,0.0
2018/19,2018-09-22,Derby,Brentford,3,1,H,3.0,1.0,H,16.0,16.0,6.0,2.0,9.0,9.0,3.0,9.0,2.0,1.0,0.0,0.0
2018/19,2018-09-22,Ipswich,Bolton,0,0,D,0.0,0.0,D,9.0,7.0,2.0,0.0,14.0,9.0,6.0,4.0,2.0,0.0,0.0,1.0
2018/19,2018-09-22,Leeds,Birmingham,1,2,A,0.0,2.0,A,17.0,4.0,5.0,3.0,13.0,21.0,7.0,4.0,2.0,4.0,0.0,0.0
2018/19,2018-09-22,Middlesbrough,Swansea,0,0,D,0.0,0.0,D,16.0,5.0,5.0,2.0,13.0,11.0,10.0,3.0,3.0,0.0,0.0,0.0
2018/19,2018-09-22,Nott'm Forest,Rotherham,1,0,H,0.0,0.0,D,9.0,4.0,2.0,1.0,11.0,20.0,4.0,4.0,1.0,3.0,0.0,0.0
2018/19,2018-09-22,QPR,Norwich,0,1,A,0.0,0.0,D,10.0,9.0,3.0,4.0,17.0,12.0,2.0,2.0,0.0,2.0,0.0,0.0
2018/19,2018-09-22,Reading,Hull,3,0,H,1.0,0.0,H,14.0,9.0,6.0,2.0,12.0,10.0,4.0,4.0,0.0,2.0,1.0,0.0
2018/19,2018-09-22,Sheffield United,Preston,3,2,H,1.0,0.0,H,13.0,10.0,3.0,3.0,10.0,6.0,4.0,3.0,1.0,2.0,0.0,0.0
2018/19,2018-09-22,Stoke,Blackburn,2,3,A,0.0,2.0,A,17.0,8.0,3.0,4.0,11.0,14.0,9.0,2.0,2.0,1.0,0.0,0.0
2018/19,2018-09-22,West Brom,Millwall,2,0,H,0.0,0.0,D,14.0,10.0,4.0,2.0,7.0,6.0,7.0,2.0,0.0,0.0,0.0,0.0
2018/19,2018-09-28,Bristol City,Aston Villa,1,1,D,1.0,1.0,D,7.0,12.0,3.0,5.0,15.0,18.0,3.0,8.0,2.0,2.0,0.0,0.0
2018/19,2018-09-28,Sheffield Weds,Leeds,1,1,D,1.0,0.0,H,10.0,25.0,4.0,7.0,14.0,9.0,3.0,11.0,2.0,1.0,0.0,0.0
2018/19,2018-09-29,Birmingham,Ipswich,2,2,D,0.0,2.0,A,22.0,7.0,9.0,3.0,11.0,16.0,10.0,2.0,0.0,1.0,0.0,1.0
2018/19,2018-09-29,Blackburn,Nott'm Forest,2,2,D,0.0,0.0,D,17.0,17.0,9.0,5.0,5.0,11.0,6.0,8.0,0.0,1.0,0.0,0.0
2018/19,2018-09-29,Bolton,Derby,1,0,H,1.0,0.0,H,8.0,17.0,2.0,1.0,16.0,8.0,2.0,9.0,3.0,1.0,0.0,0.0
2018/19,2018-09-29,Brentford,Reading,2,2,D,1.0,1.0,D,13.0,10.0,3.0,4.0,17.0,17.0,6.0,4.0,4.0,1.0,1.0,0.0
2018/19,2018-09-29,Hull,Middlesbrough,1,1,D,0.0,0.0,D,10.0,12.0,3.0,4.0,9.0,17.0,2.0,4.0,3.0,2.0,0.0,0.0
2018/19,2018-09-29,Millwall,Sheffield United,2,3,A,0.0,1.0,A,11.0,15.0,5.0,7.0,11.0,10.0,5.0,10.0,2.0,3.0,0.0,0.0
2018/19,2018-09-29,Norwich,Wigan,1,0,H,0.0,0.0,D,14.0,11.0,4.0,0.0,12.0,19.0,9.0,4.0,1.0,3.0,0.0,0.0
2018/19,2018-09-29,Preston,West Brom,2,3,A,0.0,0.0,D,13.0,12.0,4.0,7.0,10.0,12.0,2.0,2.0,0.0,4.0,0.0,0.0
2018/19,2018-09-29,Rotherham,Stoke,2,2,D,0.0,0.0,D,13.0,19.0,2.0,7.0,8.0,7.0,6.0,8.0,0.0,0.0,0.0,0.0
2018/19,2018-09-29,Swansea,QPR,3,0,H,1.0,0.0,H,10.0,14.0,4.0,1.0,6.0,13.0,5.0,5.0,0.0,3.0,0.0,0.0
2018/19,2018-10-02,Aston Villa,Preston,3,3,D,2.0,0.0,H,12.0,19.0,6.0,7.0,13.0,13.0,4.0,4.0,2.0,4.0,1.0,0.0
2018/19,2018-10-02,Brentford,Birmingham,1,1,D,1.0,1.0,D,18.0,14.0,7.0,6.0,13.0,13.0,9.0,7.0,3.0,5.0,0.0,1.0
2018/19,2018-10-02,Hull,Leeds,0,1,A,0.0,0.0,D,10.0,11.0,1.0,1.0,13.0,9.0,3.0,4.0,1.0,3.0,0.0,0.0
2018/19,2018-10-02,Ipswich,Middlesbrough,0,2,A,0.0,2.0,A,7.0,14.0,1.0,4.0,9.0,10.0,5.0,1.0,0.0,0.0,1.0,1.0
2018/19,2018-10-02,Reading,QPR,0,1,A,0.0,0.0,D,14.0,10.0,1.0,4.0,14.0,14.0,4.0,5.0,3.0,0.0,0.0,0.0
2018/19,2018-10-02,Stoke,Bolton,2,0,H,1.0,0.0,H,14.0,6.0,7.0,1.0,16.0,17.0,9.0,3.0,1.0,2.0,0.0,0.0
2018/19,2018-10-02,Wigan,Swansea,0,0,D,0.0,0.0,D,10.0,17.0,1.0,5.0,14.0,8.0,4.0,9.0,1.0,0.0,0.0,0.0
2018/19,2018-10-03,Blackburn,Sheffield United,0,2,A,0.0,0.0,D,13.0,13.0,2.0,7.0,16.0,9.0,4.0,7.0,1.0,2.0,0.0,0.0
2018/19,2018-10-03,Derby,Norwich,1,1,D,0.0,0.0,D,14.0,14.0,6.0,5.0,12.0,17.0,7.0,8.0,1.0,2.0,0.0,0.0
2018/19,2018-10-03,Nott'm Forest,Millwall,2,2,D,1.0,0.0,H,7.0,20.0,2.0,10.0,16.0,11.0,2.0,7.0,1.0,2.0,0.0,0.0
2018/19,2018-10-03,Rotherham,Bristol City,0,0,D,0.0,0.0,D,21.0,13.0,6.0,3.0,12.0,15.0,6.0,3.0,2.0,3.0,0.0,0.0
2018/19,2018-10-03,Sheffield Weds,West Brom,2,2,D,2.0,0.0,H,14.0,19.0,5.0,4.0,12.0,15.0,3.0,4.0,2.0,3.0,0.0,0.0
2018/19,2018-10-06,Birmingham,Rotherham,3,1,H,2.0,0.0,H,13.0,11.0,6.0,6.0,13.0,13.0,3.0,5.0,0.0,1.0,0.0,0.0
2018/19,2018-10-06,Bolton,Blackburn,0,1,A,0.0,1.0,A,13.0,7.0,4.0,4.0,14.0,11.0,7.0,3.0,3.0,3.0,0.0,0.0
2018/19,2018-10-06,Leeds,Brentford,1,1,D,0.0,0.0,D,13.0,13.0,3.0,7.0,18.0,15.0,2.0,3.0,2.0,2.0,1.0,0.0
2018/19,2018-10-06,Middlesbrough,Nott'm Forest,0,2,A,0.0,0.0,D,17.0,16.0,4.0,5.0,15.0,16.0,11.0,4.0,2.0,1.0,0.0,1.0
2018/19,2018-10-06,Millwall,Aston Villa,2,1,H,1.0,1.0,D,18.0,6.0,4.0,3.0,13.0,10.0,9.0,4.0,0.0,1.0,0.0,0.0
2018/19,2018-10-06,Norwich,Stoke,0,1,A,0.0,1.0,A,15.0,6.0,3.0,2.0,14.0,15.0,5.0,1.0,0.0,1.0,0.0,0.0
2018/19,2018-10-06,Preston,Wigan,4,0,H,1.0,0.0,H,16.0,11.0,3.0,3.0,11.0,15.0,6.0,5.0,3.0,3.0,0.0,1.0
2018/19,2018-10-06,QPR,Derby,1,1,D,0.0,1.0,A,13.0,14.0,3.0,5.0,19.0,12.0,1.0,10.0,3.0,2.0,0.0,0.0
2018/19,2018-10-06,Sheffield United,Hull,1,0,H,0.0,0.0,D,12.0,8.0,3.0,3.0,11.0,9.0,7.0,5.0,2.0,1.0,0.0,0.0
2018/19,2018-10-06,Swansea,Ipswich,2,3,A,1.0,2.0,A,18.0,8.0,3.0,3.0,5.0,13.0,13.0,6.0,1.0,2.0,0.0,0.0
2018/19,2018-10-06,West Brom,Reading,4,1,H,0.0,1.0,A,14.0,15.0,5.0,6.0,10.0,11.0,7.0,7.0,2.0,3.0,0.0,0.0
2018/19,2018-10-07,Bristol City,Sheffield Weds,1,2,A,0.0,0.0,D,12.0,9.0,5.0,5.0,7.0,22.0,5.0,5.0,1.0,5.0,0.0,0.0
2018/19,2018-10-19,Sheffield Weds,Middlesbrough,1,2,A,0.0,0.0,D,14.0,15.0,3.0,5.0,14.0,19.0,3.0,8.0,1.0,3.0,0.0,0.0
2018/19,2018-10-20,Aston Villa,Swansea,1,0,H,1.0,0.0,H,11.0,15.0,5.0,4.0,13.0,8.0,3.0,8.0,1.0,1.0,0.0,0.0
2018/19,2018-10-20,Blackburn,Leeds,2,1,H,1.0,1.0,D,18.0,20.0,6.0,6.0,10.0,16.0,7.0,11.0,3.0,2.0,0.0,0.0
2018/19,2018-10-20,Brentford,Bristol City,0,1,A,0.0,0.0,D,11.0,12.0,4.0,5.0,17.0,17.0,8.0,7.0,3.0,3.0,1.0,0.0
2018/19,2018-10-20,Derby,Sheffield United,2,1,H,1.0,1.0,D,12.0,13.0,4.0,4.0,8.0,12.0,4.0,9.0,0.0,1.0,0.0,0.0
2018/19,2018-10-20,Hull,Preston,1,1,D,0.0,0.0,D,14.0,14.0,5.0,4.0,9.0,11.0,8.0,3.0,1.0,4.0,0.0,0.0
2018/19,2018-10-20,Ipswich,QPR,0,2,A,0.0,2.0,A,3.0,13.0,1.0,5.0,9.0,17.0,2.0,12.0,0.0,1.0,0.0,0.0
2018/19,2018-10-20,Nott'm Forest,Norwich,1,2,A,1.0,0.0,H,7.0,19.0,2.0,7.0,17.0,11.0,0.0,12.0,3.0,3.0,0.0,0.0
2018/19,2018-10-20,Reading,Millwall,3,1,H,2.0,1.0,H,9.0,26.0,4.0,11.0,15.0,9.0,6.0,14.0,1.0,2.0,0.0,0.0
2018/19,2018-10-20,Rotherham,Bolton,1,1,D,0.0,0.0,D,16.0,12.0,3.0,3.0,21.0,18.0,5.0,4.0,2.0,2.0,0.0,0.0
2018/19,2018-10-20,Stoke,Birmingham,0,1,A,0.0,0.0,D,19.0,13.0,3.0,6.0,11.0,17.0,11.0,4.0,1.0,2.0,0.0,0.0
2018/19,2018-10-20,Wigan,West Brom,1,0,H,0.0,0.0,D,11.0,7.0,3.0,1.0,12.0,14.0,4.0,3.0,3.0,4.0,0.0,1.0
2018/19,2018-10-23,Birmingham,Reading,2,1,H,0.0,0.0,D,14.0,11.0,5.0,7.0,11.0,8.0,7.0,8.0,1.0,2.0,0.0,0.0
2018/19,2018-10-23,Middlesbrough,Rotherham,0,0,D,0.0,0.0,D,20.0,8.0,5.0,2.0,6.0,11.0,13.0,7.0,0.0,1.0,0.0,0.0
2018/19,2018-10-23,Millwall,Wigan,2,1,H,0.0,1.0,A,21.0,9.0,5.0,1.0,17.0,17.0,10.0,2.0,3.0,2.0,0.0,0.0
2018/19,2018-10-23,Norwich,Aston Villa,2,1,H,0.0,1.0,A,10.0,8.0,2.0,1.0,15.0,13.0,7.0,7.0,2.0,1.0,0.0,0.0
2018/19,2018-10-23,QPR,Sheffield Weds,3,0,H,1.0,0.0,H,22.0,14.0,8.0,4.0,10.0,10.0,4.0,9.0,0.0,0.0,0.0,0.0
2018/19,2018-10-23,Sheffield United,Stoke,1,1,D,0.0,0.0,D,22.0,10.0,6.0,4.0,13.0,10.0,14.0,4.0,1.0,1.0,0.0,0.0
2018/19,2018-10-23,Swansea,Blackburn,3,1,H,0.0,1.0,A,16.0,9.0,2.0,3.0,11.0,13.0,5.0,4.0,0.0,2.0,0.0,0.0
2018/19,2018-10-24,Bolton,Nott'm Forest,0,3,A,0.0,1.0,A,10.0,12.0,1.0,8.0,10.0,13.0,4.0,4.0,1.0,2.0,0.0,0.0
2018/19,2018-10-24,Bristol City,Hull,1,0,H,0.0,0.0,D,17.0,13.0,7.0,2.0,10.0,11.0,7.0,7.0,1.0,1.0,0.0,0.0
2018/19,2018-10-24,Leeds,Ipswich,2,0,H,1.0,0.0,H,18.0,3.0,5.0,2.0,10.0,12.0,15.0,0.0,1.0,3.0,0.0,0.0
2018/19,2018-10-24,Preston,Brentford,4,3,H,3.0,1.0,H,15.0,15.0,8.0,8.0,8.0,16.0,4.0,6.0,2.0,2.0,0.0,0.0
2018/19,2018-10-24,West Brom,Derby,1,4,A,0.0,2.0,A,16.0,20.0,5.0,9.0,9.0,16.0,4.0,2.0,1.0,2.0,0.0,0.0
2018/19,2018-10-26,QPR,Aston Villa,1,0,H,1.0,0.0,H,16.0,18.0,7.0,5.0,23.0,12.0,5.0,9.0,3.0,0.0,0.0,0.0
2018/19,2018-10-27,Birmingham,Sheffield Weds,3,1,H,1.0,1.0,D,16.0,12.0,4.0,4.0,2.0,12.0,10.0,6.0,0.0,1.0,0.0,0.0
2018/19,2018-10-27,Bolton,Hull,0,1,A,0.0,1.0,A,16.0,7.0,3.0,2.0,12.0,13.0,3.0,2.0,1.0,2.0,0.0,0.0
2018/19,2018-10-27,Bristol City,Stoke,0,1,A,0.0,1.0,A,22.0,8.0,8.0,3.0,9.0,11.0,7.0,11.0,1.0,2.0,0.0,0.0
2018/19,2018-10-27,Leeds,Nott'm Forest,1,1,D,0.0,1.0,A,18.0,3.0,3.0,1.0,11.0,17.0,6.0,3.0,1.0,4.0,0.0,0.0
2018/19,2018-10-27,Middlesbrough,Derby,1,1,D,0.0,1.0,A,10.0,18.0,0.0,7.0,12.0,10.0,9.0,4.0,1.0,1.0,0.0,0.0
2018/19,2018-10-27,Millwall,Ipswich,3,0,H,1.0,0.0,H,7.0,4.0,4.0,0.0,21.0,13.0,4.0,2.0,0.0,1.0,0.0,0.0
2018/19,2018-10-27,Norwich,Brentford,1,0,H,1.0,0.0,H,11.0,11.0,3.0,5.0,14.0,13.0,4.0,5.0,0.0,1.0,0.0,0.0
2018/19,2018-10-27,Preston,Rotherham,1,1,D,1.0,0.0,H,15.0,12.0,6.0,5.0,8.0,15.0,8.0,7.0,1.0,1.0,0.0,0.0
2018/19,2018-10-27,Sheffield United,Wigan,4,2,H,2.0,1.0,H,12.0,15.0,4.0,7.0,15.0,12.0,6.0,11.0,3.0,2.0,0.0,0.0
2018/19,2018-10-27,Swansea,Reading,2,0,H,1.0,0.0,H,25.0,14.0,9.0,4.0,5.0,14.0,7.0,8.0,2.0,1.0,0.0,0.0
2018/19,2018-10-27,West Brom,Blackburn,1,1,D,1.0,0.0,H,19.0,9.0,7.0,5.0,8.0,6.0,6.0,3.0,1.0,1.0,0.0,0.0
2018/19,2018-11-02,Aston Villa,Bolton,2,0,H,1.0,0.0,H,17.0,11.0,3.0,3.0,8.0,16.0,2.0,8.0,0.0,3.0,0.0,0.0
2018/19,2018-11-03,Blackburn,QPR,1,0,H,0.0,0.0,D,10.0,5.0,2.0,1.0,13.0,16.0,5.0,2.0,4.0,4.0,0.0,0.0
2018/19,2018-11-03,Brentford,Millwall,2,0,H,0.0,0.0,D,18.0,10.0,4.0,1.0,8.0,11.0,9.0,3.0,1.0,1.0,0.0,0.0
2018/19,2018-11-03,Derby,Birmingham,3,1,H,0.0,1.0,A,18.0,6.0,10.0,3.0,5.0,11.0,6.0,7.0,0.0,3.0,0.0,0.0
2018/19,2018-11-03,Hull,West Brom,1,0,H,1.0,0.0,H,13.0,9.0,3.0,2.0,8.0,10.0,4.0,4.0,1.0,0.0,0.0,0.0
2018/19,2018-11-03,Ipswich,Preston,1,1,D,1.0,0.0,H,13.0,8.0,2.0,3.0,17.0,9.0,8.0,6.0,4.0,2.0,0.0,1.0
2018/19,2018-11-03,Nott'm Forest,Sheffield United,1,0,H,0.0,0.0,D,12.0,11.0,2.0,1.0,12.0,9.0,4.0,9.0,3.0,1.0,0.0,0.0
2018/19,2018-11-03,Reading,Bristol City,3,2,H,2.0,2.0,D,8.0,21.0,3.0,7.0,11.0,10.0,1.0,6.0,5.0,2.0,0.0,0.0
2018/19,2018-11-03,Rotherham,Swansea,2,1,H,0.0,1.0,A,7.0,12.0,4.0,4.0,17.0,12.0,3.0,2.0,2.0,4.0,0.0,0.0
2018/19,2018-11-03,Sheffield Weds,Norwich,0,4,A,0.0,0.0,D,16.0,16.0,4.0,10.0,20.0,4.0,4.0,6.0,4.0,2.0,0.0,0.0
2018/19,2018-11-03,Stoke,Middlesbrough,0,0,D,0.0,0.0,D,13.0,11.0,1.0,4.0,8.0,10.0,7.0,2.0,1.0,1.0,0.0,0.0
2018/19,2018-11-04,Wigan,Leeds,1,2,A,1.0,1.0,D,6.0,12.0,1.0,4.0,12.0,15.0,4.0,6.0,2.0,2.0,0.0,0.0
2018/19,2018-11-09,Sheffield United,Sheffield Weds,0,0,D,0.0,0.0,D,19.0,7.0,5.0,1.0,5.0,11.0,12.0,4.0,0.0,3.0,0.0,0.0
2018/19,2018-11-10,Birmingham,Hull,3,3,D,2.0,0.0,H,11.0,12.0,4.0,5.0,9.0,11.0,3.0,3.0,1.0,3.0,0.0,0.0
2018/19,2018-11-10,Blackburn,Rotherham,1,1,D,0.0,0.0,D,25.0,13.0,9.0,1.0,9.0,10.0,11.0,3.0,0.0,1.0,0.0,0.0
2018/19,2018-11-10,Bolton,Swansea,0,1,A,0.0,1.0,A,12.0,10.0,3.0,2.0,14.0,9.0,2.0,6.0,3.0,3.0,0.0,0.0
2018/19,2018-11-10,Bristol City,Preston,0,1,A,0.0,1.0,A,6.0,9.0,1.0,3.0,15.0,14.0,3.0,2.0,1.0,2.0,0.0,0.0
2018/19,2018-11-10,Derby,Aston Villa,0,3,A,0.0,0.0,D,11.0,21.0,5.0,5.0,17.0,10.0,2.0,5.0,3.0,2.0,0.0,0.0
2018/19,2018-11-10,Middlesbrough,Wigan,2,0,H,2.0,0.0,H,19.0,13.0,4.0,1.0,16.0,12.0,4.0,4.0,1.0,2.0,0.0,0.0
2018/19,2018-11-10,Norwich,Millwall,4,3,H,0.0,1.0,A,21.0,8.0,7.0,4.0,11.0,17.0,6.0,3.0,2.0,5.0,0.0,0.0
2018/19,2018-11-10,Nott'm Forest,Stoke,0,0,D,0.0,0.0,D,12.0,8.0,4.0,2.0,11.0,10.0,4.0,4.0,1.0,0.0,0.0,0.0
2018/19,2018-11-10,QPR,Brentford,3,2,H,0.0,1.0,A,17.0,12.0,7.0,6.0,13.0,12.0,2.0,5.0,2.0,1.0,0.0,0.0
2018/19,2018-11-10,Reading,Ipswich,2,2,D,1.0,2.0,A,12.0,11.0,4.0,5.0,6.0,10.0,4.0,5.0,1.0,2.0,0.0,0.0
2018/19,2018-11-10,West Brom,Leeds,4,1,H,0.0,0.0,D,20.0,15.0,6.0,3.0,10.0,12.0,3.0,3.0,2.0,0.0,0.0,0.0
2018/19,2018-11-23,Ipswich,West Brom,1,2,A,0.0,1.0,A,12.0,13.0,2.0,3.0,9.0,13.0,8.0,5.0,1.0,3.0,0.0,0.0
2018/19,2018-11-24,Brentford,Middlesbrough,1,2,A,0.0,0.0,D,17.0,11.0,9.0,4.0,6.0,11.0,9.0,4.0,1.0,2.0,0.0,0.0
2018/19,2018-11-24,Hull,Nott'm Forest,0,2,A,0.0,0.0,D,7.0,15.0,1.0,6.0,10.0,6.0,6.0,5.0,2.0,0.0,0.0,0.0
2018/19,2018-11-24,Leeds,Bristol City,2,0,H,0.0,0.0,D,20.0,7.0,6.0,1.0,7.0,9.0,10.0,8.0,1.0,0.0,0.0,1.0
2018/19,2018-11-24,Millwall,Bolton,1,1,D,0.0,1.0,A,13.0,9.0,5.0,4.0,12.0,12.0,10.0,4.0,1.0,2.0,0.0,0.0
2018/19,2018-11-24,Preston,Blackburn,4,1,H,2.0,0.0,H,15.0,11.0,5.0,6.0,8.0,7.0,4.0,5.0,1.0,2.0,0.0,0.0
2018/19,2018-11-24,Rotherham,Sheffield United,2,2,D,0.0,1.0,A,26.0,6.0,8.0,4.0,14.0,12.0,6.0,5.0,0.0,1.0,0.0,0.0
2018/19,2018-11-24,Sheffield Weds,Derby,1,2,A,1.0,2.0,A,14.0,9.0,3.0,3.0,11.0,14.0,6.0,9.0,0.0,3.0,0.0,0.0
2018/19,2018-11-24,Stoke,QPR,2,2,D,1.0,1.0,D,14.0,8.0,3.0,4.0,8.0,13.0,6.0,2.0,1.0,4.0,0.0,0.0
2018/19,2018-11-24,Swansea,Norwich,1,4,A,1.0,3.0,A,13.0,11.0,6.0,7.0,11.0,13.0,7.0,2.0,0.0,2.0,0.0,0.0
2018/19,2018-11-24,Wigan,Reading,0,0,D,0.0,0.0,D,18.0,8.0,5.0,2.0,14.0,14.0,9.0,7.0,3.0,1.0,0.0,0.0
2018/19,2018-11-25,Aston Villa,Birmingham,4,2,H,2.0,1.0,H,12.0,10.0,5.0,3.0,9.0,20.0,3.0,6.0,2.0,3.0,0.0,0.0
2018/19,2018-11-27,Brentford,Sheffield United,2,3,A,1.0,2.0,A,14.0,18.0,3.0,5.0,6.0,7.0,2.0,9.0,1.0,1.0,0.0,0.0
2018/19,2018-11-27,Hull,Norwich,0,0,D,0.0,0.0,D,14.0,18.0,4.0,4.0,9.0,8.0,4.0,7.0,0.0,0.0,0.0,0.0
2018/19,2018-11-27,Leeds,Reading,1,0,H,0.0,0.0,D,19.0,9.0,5.0,2.0,12.0,9.0,3.0,3.0,3.0,2.0,0.0,0.0
2018/19,2018-11-27,Preston,Middlesbrough,1,1,D,1.0,0.0,H,13.0,11.0,4.0,3.0,15.0,14.0,7.0,5.0,1.0,4.0,0.0,0.0
2018/19,2018-11-27,Rotherham,QPR,2,2,D,2.0,1.0,H,13.0,17.0,7.0,6.0,15.0,10.0,3.0,6.0,0.0,2.0,0.0,0.0
2018/19,2018-11-27,Sheffield Weds,Bolton,1,0,H,0.0,0.0,D,13.0,8.0,1.0,1.0,13.0,19.0,6.0,5.0,1.0,0.0,0.0,0.0
2018/19,2018-11-28,Aston Villa,Nott'm Forest,5,5,D,3.0,3.0,D,26.0,8.0,12.0,5.0,9.0,18.0,12.0,2.0,3.0,3.0,0.0,1.0
2018/19,2018-11-28,Ipswich,Bristol City,2,3,A,1.0,0.0,H,10.0,9.0,3.0,4.0,13.0,9.0,6.0,2.0,3.0,1.0,0.0,0.0
2018/19,2018-11-28,Millwall,Birmingham,0,2,A,0.0,1.0,A,5.0,13.0,3.0,3.0,8.0,12.0,6.0,4.0,1.0,2.0,1.0,0.0
2018/19,2018-11-28,Stoke,Derby,2,1,H,1.0,0.0,H,8.0,16.0,4.0,8.0,12.0,10.0,6.0,7.0,2.0,3.0,1.0,0.0
2018/19,2018-11-28,Swansea,West Brom,1,2,A,1.0,2.0,A,19.0,11.0,4.0,3.0,11.0,11.0,8.0,4.0,2.0,0.0,0.0,0.0
2018/19,2018-11-28,Wigan,Blackburn,3,1,H,1.0,0.0,H,17.0,6.0,9.0,2.0,10.0,15.0,5.0,4.0,3.0,1.0,0.0,0.0
2018/19,2018-12-01,Birmingham,Preston,3,0,H,0.0,0.0,D,16.0,8.0,7.0,4.0,10.0,8.0,9.0,2.0,0.0,0.0,0.0,0.0
2018/19,2018-12-01,Blackburn,Sheffield Weds,4,2,H,1.0,0.0,H,18.0,7.0,7.0,2.0,14.0,14.0,9.0,7.0,1.0,1.0,0.0,0.0
2018/19,2018-12-01,Bolton,Wigan,1,1,D,1.0,1.0,D,11.0,7.0,1.0,2.0,12.0,14.0,5.0,6.0,3.0,2.0,0.0,0.0
2018/19,2018-12-01,Derby,Swansea,2,1,H,2.0,0.0,H,16.0,7.0,4.0,2.0,7.0,7.0,5.0,5.0,0.0,0.0,0.0,0.0
2018/19,2018-12-01,Middlesbrough,Aston Villa,0,3,A,0.0,1.0,A,10.0,20.0,3.0,7.0,12.0,11.0,2.0,7.0,1.0,0.0,0.0,0.0
2018/19,2018-12-01,Norwich,Rotherham,3,1,H,0.0,1.0,A,19.0,10.0,7.0,4.0,7.0,14.0,7.0,5.0,0.0,0.0,0.0,0.0
2018/19,2018-12-01,Nott'm Forest,Ipswich,2,0,H,2.0,0.0,H,17.0,9.0,6.0,2.0,11.0,14.0,3.0,4.0,2.0,1.0,0.0,0.0
2018/19,2018-12-01,QPR,Hull,2,3,A,1.0,2.0,A,22.0,16.0,7.0,7.0,10.0,11.0,9.0,4.0,2.0,1.0,0.0,0.0
2018/19,2018-12-01,Reading,Stoke,2,2,D,1.0,0.0,H,13.0,14.0,3.0,6.0,7.0,6.0,5.0,5.0,2.0,1.0,0.0,0.0
2018/19,2018-12-01,Sheffield United,Leeds,0,1,A,0.0,0.0,D,12.0,11.0,2.0,6.0,14.0,9.0,9.0,3.0,4.0,3.0,0.0,0.0
2018/19,2018-12-02,Bristol City,Millwall,1,1,D,0.0,0.0,D,14.0,3.0,1.0,3.0,8.0,12.0,4.0,2.0,2.0,3.0,0.0,0.0
2018/19,2018-12-03,West Brom,Brentford,1,1,D,0.0,0.0,D,23.0,13.0,5.0,2.0,9.0,9.0,7.0,3.0,0.0,2.0,0.0,0.0
2018/19,2018-12-07,West Brom,Aston Villa,2,2,D,1.0,1.0,D,14.0,15.0,6.0,7.0,17.0,12.0,5.0,2.0,2.0,1.0,0.0,0.0
2018/19,2018-12-08,Birmingham,Bristol City,0,1,A,0.0,0.0,D,8.0,6.0,3.0,2.0,16.0,12.0,6.0,4.0,4.0,3.0,0.0,0.0
2018/19,2018-12-08,Brentford,Swansea,2,3,A,1.0,3.0,A,18.0,13.0,5.0,5.0,11.0,9.0,11.0,3.0,1.0,2.0,0.0,0.0
2018/19,2018-12-08,Leeds,QPR,2,1,H,1.0,1.0,D,20.0,10.0,7.0,4.0,11.0,21.0,3.0,2.0,2.0,4.0,0.0,0.0
2018/19,2018-12-08,Middlesbrough,Blackburn,1,1,D,0.0,1.0,A,12.0,15.0,5.0,5.0,14.0,12.0,4.0,8.0,2.0,2.0,1.0,0.0
2018/19,2018-12-08,Millwall,Hull,2,2,D,1.0,1.0,D,16.0,7.0,4.0,2.0,7.0,11.0,8.0,3.0,0.0,2.0,0.0,0.0
2018/19,2018-12-08,Norwich,Bolton,3,2,H,1.0,0.0,H,21.0,12.0,7.0,4.0,7.0,13.0,6.0,0.0,1.0,1.0,0.0,1.0
2018/19,2018-12-08,Nott'm Forest,Preston,0,1,A,0.0,0.0,D,14.0,8.0,3.0,3.0,11.0,12.0,10.0,2.0,1.0,1.0,0.0,0.0
2018/19,2018-12-08,Reading,Sheffield United,0,2,A,0.0,0.0,D,6.0,13.0,0.0,5.0,10.0,17.0,4.0,9.0,1.0,1.0,0.0,0.0
2018/19,2018-12-08,Sheffield Weds,Rotherham,2,2,D,1.0,0.0,H,12.0,15.0,4.0,4.0,12.0,7.0,4.0,2.0,1.0,0.0,0.0,0.0
2018/19,2018-12-08,Stoke,Ipswich,2,0,H,1.0,0.0,H,6.0,9.0,2.0,2.0,16.0,15.0,1.0,5.0,0.0,1.0,0.0,0.0
2018/19,2018-12-08,Wigan,Derby,0,1,A,0.0,1.0,A,7.0,16.0,2.0,5.0,9.0,14.0,1.0,6.0,1.0,2.0,1.0,0.0
2018/19,2018-12-14,Sheffield United,West Brom,1,2,A,1.0,1.0,D,10.0,14.0,3.0,5.0,8.0,12.0,5.0,5.0,1.0,0.0,0.0,0.0
2018/19,2018-12-15,Aston Villa,Stoke,2,2,D,0.0,0.0,D,9.0,16.0,5.0,8.0,10.0,16.0,8.0,3.0,2.0,4.0,0.0,0.0
2018/19,2018-12-15,Blackburn,Birmingham,2,2,D,1.0,0.0,H,8.0,12.0,5.0,6.0,11.0,13.0,2.0,2.0,1.0,2.0,0.0,0.0
2018/19,2018-12-15,Bolton,Leeds,0,1,A,0.0,0.0,D,4.0,12.0,0.0,4.0,14.0,11.0,4.0,10.0,2.0,1.0,0.0,0.0
2018/19,2018-12-15,Bristol City,Norwich,2,2,D,1.0,1.0,D,13.0,9.0,6.0,5.0,10.0,16.0,7.0,1.0,1.0,3.0,0.0,0.0
2018/19,2018-12-15,Hull,Brentford,2,0,H,2.0,0.0,H,7.0,16.0,3.0,1.0,6.0,10.0,3.0,7.0,0.0,1.0,0.0,0.0
2018/19,2018-12-15,Ipswich,Wigan,1,0,H,0.0,0.0,D,3.0,16.0,1.0,2.0,14.0,9.0,3.0,7.0,3.0,2.0,0.0,0.0
2018/19,2018-12-15,Preston,Millwall,3,2,H,2.0,0.0,H,14.0,17.0,7.0,4.0,10.0,10.0,8.0,10.0,1.0,3.0,0.0,0.0
2018/19,2018-12-15,QPR,Middlesbrough,2,1,H,1.0,0.0,H,17.0,8.0,2.0,1.0,17.0,12.0,7.0,5.0,0.0,3.0,0.0,0.0
2018/19,2018-12-15,Rotherham,Reading,1,1,D,0.0,1.0,A,26.0,20.0,10.0,5.0,19.0,12.0,13.0,4.0,1.0,2.0,0.0,0.0
2018/19,2018-12-15,Swansea,Sheffield Weds,2,1,H,0.0,0.0,D,12.0,11.0,4.0,2.0,6.0,13.0,7.0,8.0,0.0,2.0,0.0,0.0
2018/19,2018-12-17,Derby,Nott'm Forest,0,0,D,0.0,0.0,D,12.0,14.0,3.0,4.0,21.0,11.0,2.0,4.0,3.0,3.0,0.0,0.0
2018/19,2018-12-22,Blackburn,Norwich,0,1,A,0.0,0.0,D,10.0,11.0,1.0,4.0,12.0,14.0,6.0,4.0,2.0,3.0,0.0,0.0
2018/19,2018-12-22,Brentford,Bolton,1,0,H,0.0,0.0,D,13.0,10.0,4.0,1.0,8.0,19.0,7.0,4.0,1.0,3.0,0.0,0.0
2018/19,2018-12-22,Derby,Bristol City,1,1,D,1.0,1.0,D,21.0,15.0,7.0,3.0,9.0,8.0,9.0,3.0,0.0,1.0,0.0,0.0
2018/19,2018-12-22,Hull,Swansea,3,2,H,0.0,1.0,A,13.0,15.0,8.0,4.0,13.0,8.0,7.0,2.0,1.0,2.0,0.0,0.0
2018/19,2018-12-22,Ipswich,Sheffield United,1,1,D,1.0,0.0,H,7.0,16.0,3.0,3.0,16.0,11.0,6.0,5.0,2.0,2.0,0.0,0.0
2018/19,2018-12-22,Nott'm Forest,QPR,0,1,A,0.0,1.0,A,12.0,7.0,2.0,2.0,13.0,8.0,4.0,3.0,3.0,1.0,0.0,0.0
2018/19,2018-12-22,Reading,Middlesbrough,0,1,A,0.0,0.0,D,12.0,16.0,4.0,6.0,12.0,5.0,9.0,8.0,2.0,2.0,0.0,0.0
2018/19,2018-12-22,Rotherham,West Brom,0,4,A,0.0,3.0,A,18.0,11.0,4.0,5.0,6.0,13.0,8.0,3.0,1.0,2.0,0.0,0.0
2018/19,2018-12-22,Sheffield Weds,Preston,1,0,H,0.0,0.0,D,16.0,4.0,4.0,1.0,22.0,13.0,5.0,4.0,1.0,3.0,0.0,1.0
2018/19,2018-12-22,Stoke,Millwall,1,0,H,0.0,0.0,D,8.0,9.0,2.0,2.0,6.0,17.0,8.0,4.0,1.0,3.0,0.0,0.0
2018/19,2018-12-22,Wigan,Birmingham,0,3,A,0.0,2.0,A,6.0,10.0,1.0,3.0,11.0,15.0,4.0,3.0,1.0,2.0,0.0,0.0
2018/19,2018-12-23,Aston Villa,Leeds,2,3,A,2.0,0.0,H,10.0,16.0,2.0,7.0,12.0,13.0,6.0,8.0,2.0,3.0,0.0,0.0
2018/19,2018-12-26,Birmingham,Stoke,2,0,H,1.0,0.0,H,20.0,14.0,6.0,4.0,11.0,10.0,10.0,5.0,1.0,4.0,0.0,0.0
2018/19,2018-12-26,Bolton,Rotherham,2,1,H,1.0,1.0,D,12.0,12.0,4.0,2.0,8.0,12.0,2.0,4.0,1.0,1.0,0.0,0.0
2018/19,2018-12-26,Bristol City,Brentford,1,1,D,1.0,0.0,H,7.0,14.0,2.0,3.0,8.0,14.0,3.0,4.0,0.0,1.0,0.0,0.0
2018/19,2018-12-26,Leeds,Blackburn,3,2,H,1.0,0.0,H,24.0,8.0,10.0,2.0,13.0,13.0,6.0,2.0,2.0,2.0,0.0,0.0
2018/19,2018-12-26,Middlesbrough,Sheffield Weds,0,1,A,0.0,1.0,A,12.0,4.0,3.0,2.0,13.0,12.0,5.0,1.0,3.0,2.0,0.0,0.0
2018/19,2018-12-26,Millwall,Reading,1,0,H,1.0,0.0,H,17.0,8.0,4.0,2.0,18.0,16.0,8.0,4.0,3.0,1.0,0.0,2.0
2018/19,2018-12-26,Norwich,Nott'm Forest,3,3,D,0.0,1.0,A,27.0,9.0,11.0,7.0,11.0,18.0,4.0,1.0,4.0,4.0,0.0,0.0
2018/19,2018-12-26,Preston,Hull,1,2,A,0.0,1.0,A,22.0,10.0,6.0,4.0,6.0,9.0,6.0,7.0,0.0,1.0,0.0,0.0
2018/19,2018-12-26,QPR,Ipswich,3,0,H,2.0,0.0,H,13.0,7.0,8.0,2.0,17.0,14.0,5.0,5.0,1.0,2.0,0.0,0.0
2018/19,2018-12-26,Sheffield United,Derby,3,1,H,1.0,0.0,H,16.0,9.0,6.0,3.0,13.0,10.0,2.0,6.0,3.0,5.0,0.0,0.0
2018/19,2018-12-26,Swansea,Aston Villa,0,1,A,0.0,0.0,D,19.0,13.0,5.0,5.0,8.0,11.0,9.0,4.0,2.0,2.0,0.0,0.0
2018/19,2018-12-26,West Brom,Wigan,2,0,H,1.0,0.0,H,17.0,18.0,5.0,3.0,13.0,13.0,6.0,6.0,2.0,2.0,0.0,0.0
2018/19,2018-12-29,Birmingham,Brentford,0,0,D,0.0,0.0,D,5.0,7.0,1.0,2.0,13.0,12.0,4.0,3.0,0.0,5.0,0.0,0.0
2018/19,2018-12-29,Bolton,Stoke,0,0,D,0.0,0.0,D,13.0,11.0,5.0,3.0,15.0,9.0,1.0,6.0,2.0,3.0,0.0,0.0
2018/19,2018-12-29,Bristol City,Rotherham,1,0,H,0.0,0.0,D,22.0,18.0,8.0,3.0,7.0,17.0,13.0,8.0,2.0,1.0,0.0,2.0
2018/19,2018-12-29,Leeds,Hull,0,2,A,0.0,1.0,A,22.0,9.0,7.0,3.0,13.0,14.0,8.0,2.0,3.0,2.0,0.0,0.0
2018/19,2018-12-29,Middlesbrough,Ipswich,2,0,H,1.0,0.0,H,19.0,6.0,9.0,4.0,16.0,12.0,5.0,3.0,1.0,2.0,0.0,0.0
2018/19,2018-12-29,Millwall,Nott'm Forest,1,0,H,1.0,0.0,H,10.0,9.0,1.0,4.0,11.0,8.0,10.0,5.0,2.0,2.0,0.0,0.0
2018/19,2018-12-29,Norwich,Derby,3,4,A,2.0,2.0,D,24.0,19.0,7.0,5.0,13.0,12.0,5.0,7.0,3.0,3.0,0.0,0.0
2018/19,2018-12-29,Preston,Aston Villa,1,1,D,0.0,1.0,A,13.0,15.0,4.0,5.0,14.0,10.0,6.0,5.0,2.0,2.0,0.0,0.0
2018/19,2018-12-29,QPR,Reading,0,0,D,0.0,0.0,D,16.0,13.0,4.0,5.0,16.0,12.0,7.0,7.0,3.0,2.0,0.0,0.0
2018/19,2018-12-29,Sheffield United,Blackburn,3,0,H,0.0,0.0,D,14.0,10.0,5.0,1.0,18.0,9.0,6.0,4.0,4.0,1.0,1.0,1.0
2018/19,2018-12-29,Swansea,Wigan,2,2,D,0.0,2.0,A,13.0,16.0,6.0,5.0,16.0,18.0,7.0,5.0,3.0,4.0,0.0,0.0
2018/19,2018-12-29,West Brom,Sheffield Weds,1,1,D,0.0,1.0,A,10.0,9.0,3.0,5.0,6.0,8.0,10.0,4.0,2.0,2.0,1.0,0.0
2018/19,2019-01-01,Aston Villa,QPR,2,2,D,1.0,1.0,D,22.0,11.0,5.0,4.0,10.0,21.0,9.0,1.0,2.0,5.0,0.0,0.0
2018/19,2019-01-01,Blackburn,West Brom,2,1,H,0.0,0.0,D,10.0,14.0,4.0,6.0,14.0,12.0,3.0,6.0,3.0,3.0,0.0,1.0
2018/19,2019-01-01,Brentford,Norwich,1,1,D,1.0,0.0,H,16.0,8.0,4.0,3.0,10.0,16.0,5.0,8.0,4.0,2.0,0.0,0.0
2018/19,2019-01-01,Derby,Middlesbrough,1,1,D,1.0,0.0,H,8.0,11.0,2.0,2.0,8.0,12.0,4.0,5.0,0.0,2.0,0.0,0.0
2018/19,2019-01-01,Hull,Bolton,6,0,H,1.0,0.0,H,20.0,5.0,10.0,0.0,16.0,12.0,6.0,1.0,2.0,2.0,0.0,0.0
2018/19,2019-01-01,Ipswich,Millwall,2,3,A,1.0,0.0,H,14.0,10.0,5.0,4.0,8.0,13.0,6.0,3.0,0.0,1.0,0.0,0.0
2018/19,2019-01-01,Nott'm Forest,Leeds,4,2,H,1.0,0.0,H,13.0,14.0,6.0,7.0,13.0,13.0,6.0,8.0,2.0,0.0,0.0,1.0
2018/19,2019-01-01,Reading,Swansea,1,4,A,0.0,3.0,A,16.0,8.0,5.0,5.0,13.0,12.0,7.0,1.0,2.0,1.0,0.0,0.0
2018/19,2019-01-01,Rotherham,Preston,2,1,H,1.0,0.0,H,8.0,17.0,3.0,5.0,13.0,9.0,3.0,5.0,5.0,1.0,0.0,0.0
2018/19,2019-01-01,Sheffield Weds,Birmingham,1,1,D,1.0,0.0,H,15.0,11.0,7.0,1.0,13.0,15.0,6.0,4.0,1.0,3.0,0.0,0.0
2018/19,2019-01-01,Stoke,Bristol City,0,2,A,0.0,1.0,A,16.0,6.0,7.0,2.0,17.0,15.0,7.0,0.0,3.0,1.0,0.0,0.0
2018/19,2019-01-01,Wigan,Sheffield United,0,3,A,0.0,1.0,A,13.0,13.0,2.0,4.0,7.0,14.0,7.0,8.0,2.0,2.0,0.0,0.0
2018/19,2019-01-11,Leeds,Derby,2,0,H,1.0,0.0,H,15.0,7.0,5.0,2.0,12.0,14.0,8.0,2.0,1.0,4.0,0.0,0.0
2018/19,2019-01-12,Birmingham,Middlesbrough,1,2,A,0.0,1.0,A,15.0,8.0,4.0,5.0,11.0,11.0,2.0,4.0,2.0,1.0,0.0,0.0
2018/19,2019-01-12,Brentford,Stoke,3,1,H,2.0,1.0,H,16.0,2.0,5.0,1.0,13.0,13.0,6.0,3.0,0.0,2.0,0.0,0.0
2018/19,2019-01-12,Bristol City,Bolton,2,1,H,0.0,0.0,D,20.0,8.0,5.0,4.0,11.0,18.0,9.0,0.0,0.0,2.0,0.0,0.0
2018/19,2019-01-12,Hull,Sheffield Weds,3,0,H,1.0,0.0,H,17.0,3.0,7.0,0.0,5.0,13.0,5.0,1.0,0.0,2.0,0.0,0.0
2018/19,2019-01-12,Ipswich,Rotherham,1,0,H,1.0,0.0,H,3.0,18.0,1.0,2.0,17.0,10.0,1.0,4.0,2.0,1.0,0.0,0.0
2018/19,2019-01-12,Millwall,Blackburn,0,2,A,0.0,0.0,D,7.0,5.0,2.0,2.0,14.0,13.0,2.0,1.0,0.0,0.0,0.0,0.0
2018/19,2019-01-12,Preston,Swansea,1,1,D,0.0,0.0,D,8.0,12.0,5.0,3.0,16.0,16.0,3.0,4.0,0.0,3.0,1.0,0.0
2018/19,2019-01-12,Reading,Nott'm Forest,2,0,H,1.0,0.0,H,13.0,8.0,5.0,3.0,14.0,16.0,6.0,2.0,3.0,3.0,0.0,1.0
2018/19,2019-01-12,Sheffield United,QPR,1,0,H,1.0,0.0,H,10.0,6.0,2.0,2.0,18.0,11.0,6.0,2.0,2.0,1.0,0.0,0.0
2018/19,2019-01-12,West Brom,Norwich,1,1,D,1.0,0.0,H,14.0,12.0,5.0,4.0,15.0,12.0,6.0,5.0,3.0,4.0,0.0,0.0
2018/19,2019-01-12,Wigan,Aston Villa,3,0,H,1.0,0.0,H,13.0,4.0,6.0,0.0,12.0,13.0,8.0,6.0,3.0,2.0,0.0,0.0
2018/19,2019-01-18,Norwich,Birmingham,3,1,H,3.0,1.0,H,10.0,8.0,4.0,4.0,5.0,22.0,5.0,6.0,0.0,4.0,0.0,0.0
2018/19,2019-01-19,Aston Villa,Hull,2,2,D,1.0,2.0,A,18.0,12.0,2.0,4.0,14.0,11.0,7.0,5.0,2.0,3.0,0.0,0.0
2018/19,2019-01-19,Blackburn,Ipswich,2,0,H,0.0,0.0,D,16.0,11.0,4.0,3.0,14.0,18.0,6.0,5.0,2.0,1.0,0.0,0.0
2018/19,2019-01-19,Derby,Reading,2,1,H,2.0,0.0,H,10.0,9.0,4.0,2.0,9.0,10.0,4.0,3.0,2.0,1.0,0.0,0.0
2018/19,2019-01-19,Middlesbrough,Millwall,1,1,D,0.0,1.0,A,16.0,7.0,2.0,3.0,13.0,10.0,8.0,4.0,3.0,1.0,0.0,0.0
2018/19,2019-01-19,Nott'm Forest,Bristol City,0,1,A,0.0,0.0,D,15.0,13.0,4.0,7.0,12.0,8.0,10.0,4.0,2.0,0.0,0.0,0.0
2018/19,2019-01-19,QPR,Preston,1,4,A,0.0,1.0,A,13.0,13.0,5.0,6.0,10.0,12.0,5.0,6.0,3.0,2.0,0.0,0.0
2018/19,2019-01-19,Rotherham,Brentford,2,4,A,1.0,1.0,D,13.0,15.0,4.0,7.0,12.0,12.0,5.0,1.0,1.0,0.0,0.0,0.0
2018/19,2019-01-19,Sheffield Weds,Wigan,1,0,H,0.0,0.0,D,21.0,8.0,8.0,1.0,12.0,16.0,9.0,1.0,0.0,2.0,0.0,0.0
2018/19,2019-01-19,Stoke,Leeds,2,1,H,0.0,0.0,D,12.0,17.0,5.0,4.0,11.0,10.0,6.0,8.0,1.0,2.0,0.0,1.0
2018/19,2019-01-19,Swansea,Sheffield United,1,0,H,0.0,0.0,D,11.0,12.0,3.0,4.0,8.0,17.0,3.0,7.0,0.0,4.0,0.0,0.0
2018/19,2019-01-21,Bolton,West Brom,0,2,A,0.0,1.0,A,10.0,12.0,3.0,3.0,16.0,8.0,10.0,5.0,2.0,2.0,0.0,0.0
2018/19,2019-01-26,Aston Villa,Ipswich,2,1,H,1.0,0.0,H,23.0,8.0,13.0,4.0,14.0,19.0,9.0,3.0,3.0,1.0,0.0,0.0
2018/19,2019-01-26,Blackburn,Hull,3,0,H,2.0,0.0,H,11.0,4.0,4.0,2.0,15.0,9.0,6.0,3.0,1.0,1.0,0.0,0.0
2018/19,2019-01-26,Norwich,Sheffield United,2,2,D,1.0,1.0,D,7.0,17.0,5.0,3.0,16.0,14.0,10.0,3.0,3.0,2.0,0.0,0.0
2018/19,2019-01-26,Nott'm Forest,Wigan,3,1,H,1.0,1.0,D,12.0,12.0,3.0,7.0,16.0,13.0,3.0,4.0,4.0,2.0,0.0,0.0
2018/19,2019-01-26,Rotherham,Leeds,1,2,A,1.0,0.0,H,5.0,14.0,3.0,4.0,16.0,13.0,4.0,5.0,1.0,2.0,0.0,0.0
2018/19,2019-01-26,Stoke,Preston,0,2,A,0.0,1.0,A,10.0,12.0,1.0,5.0,11.0,11.0,9.0,8.0,2.0,1.0,0.0,0.0
2018/19,2019-01-29,Bolton,Reading,1,1,D,0.0,0.0,D,13.0,16.0,6.0,7.0,12.0,11.0,3.0,2.0,2.0,3.0,0.0,0.0
2018/19,2019-01-29,Swansea,Birmingham,3,3,D,1.0,1.0,D,16.0,9.0,7.0,3.0,15.0,15.0,12.0,4.0,2.0,4.0,0.0,1.0
2018/19,2019-02-01,Preston,Derby,0,0,D,0.0,0.0,D,23.0,7.0,3.0,0.0,8.0,17.0,11.0,1.0,1.0,1.0,0.0,0.0
2018/19,2019-02-02,Birmingham,Nott'm Forest,2,0,H,1.0,0.0,H,14.0,12.0,5.0,3.0,13.0,11.0,4.0,5.0,2.0,1.0,0.0,1.0
2018/19,2019-02-02,Brentford,Blackburn,5,2,H,1.0,2.0,A,20.0,10.0,9.0,4.0,6.0,12.0,5.0,5.0,1.0,1.0,0.0,0.0
2018/19,2019-02-02,Bristol City,Swansea,2,0,H,0.0,0.0,D,13.0,11.0,4.0,4.0,9.0,10.0,6.0,3.0,0.0,1.0,0.0,0.0
2018/19,2019-02-02,Hull,Stoke,2,0,H,1.0,0.0,H,7.0,9.0,3.0,2.0,11.0,15.0,3.0,3.0,2.0,2.0,0.0,0.0
2018/19,2019-02-02,Ipswich,Sheffield Weds,0,1,A,0.0,0.0,D,8.0,17.0,2.0,3.0,16.0,16.0,3.0,2.0,1.0,2.0,0.0,0.0
2018/19,2019-02-02,Leeds,Norwich,1,3,A,0.0,2.0,A,21.0,14.0,6.0,5.0,16.0,14.0,4.0,4.0,3.0,2.0,0.0,0.0
2018/19,2019-02-02,Millwall,Rotherham,0,0,D,0.0,0.0,D,9.0,8.0,1.0,3.0,16.0,21.0,7.0,6.0,0.0,4.0,0.0,0.0
2018/19,2019-02-02,Reading,Aston Villa,0,0,D,0.0,0.0,D,7.0,13.0,2.0,3.0,16.0,17.0,5.0,6.0,3.0,4.0,0.0,0.0
2018/19,2019-02-02,Sheffield United,Bolton,2,0,H,0.0,0.0,D,12.0,6.0,2.0,1.0,8.0,14.0,13.0,3.0,0.0,1.0,0.0,0.0
2018/19,2019-02-02,West Brom,Middlesbrough,2,3,A,1.0,1.0,D,19.0,14.0,6.0,5.0,6.0,21.0,9.0,1.0,1.0,4.0,0.0,0.0
2018/19,2019-02-02,Wigan,QPR,2,1,H,1.0,0.0,H,7.0,21.0,3.0,5.0,11.0,12.0,3.0,6.0,3.0,1.0,0.0,0.0
2018/19,2019-02-08,Aston Villa,Sheffield United,3,3,D,0.0,1.0,A,11.0,11.0,4.0,7.0,11.0,17.0,2.0,2.0,3.0,3.0,0.0,0.0
2018/19,2019-02-09,Blackburn,Bristol City,0,1,A,0.0,0.0,D,10.0,13.0,2.0,6.0,8.0,7.0,4.0,8.0,1.0,3.0,0.0,0.0
2018/19,2019-02-09,Bolton,Preston,1,2,A,0.0,1.0,A,7.0,16.0,3.0,7.0,13.0,5.0,4.0,10.0,2.0,0.0,0.0,0.0
2018/19,2019-02-09,Derby,Hull,2,0,H,1.0,0.0,H,20.0,7.0,10.0,1.0,8.0,11.0,5.0,3.0,1.0,1.0,0.0,0.0
2018/19,2019-02-09,Middlesbrough,Leeds,1,1,D,0.0,0.0,D,9.0,17.0,3.0,4.0,11.0,8.0,2.0,9.0,2.0,1.0,0.0,0.0
2018/19,2019-02-09,Nott'm Forest,Brentford,2,1,H,1.0,0.0,H,9.0,21.0,6.0,7.0,14.0,13.0,2.0,10.0,2.0,1.0,0.0,0.0
2018/19,2019-02-09,QPR,Birmingham,3,4,A,1.0,4.0,A,20.0,12.0,11.0,7.0,14.0,15.0,6.0,3.0,1.0,1.0,0.0,0.0
2018/19,2019-02-09,Rotherham,Wigan,1,1,D,1.0,1.0,D,17.0,8.0,5.0,3.0,17.0,12.0,12.0,2.0,1.0,3.0,0.0,0.0
2018/19,2019-02-09,Sheffield Weds,Reading,0,0,D,0.0,0.0,D,20.0,12.0,7.0,5.0,11.0,10.0,5.0,6.0,0.0,0.0,0.0,0.0
2018/19,2019-02-09,Stoke,West Brom,0,1,A,0.0,1.0,A,13.0,11.0,1.0,2.0,11.0,11.0,5.0,4.0,1.0,2.0,0.0,0.0
2018/19,2019-02-09,Swansea,Millwall,1,0,H,1.0,0.0,H,15.0,11.0,5.0,3.0,8.0,10.0,9.0,5.0,0.0,2.0,0.0,0.0
2018/19,2019-02-10,Norwich,Ipswich,3,0,H,1.0,0.0,H,11.0,15.0,3.0,2.0,14.0,19.0,5.0,7.0,4.0,3.0,0.0,0.0
2018/19,2019-02-12,Birmingham,Bolton,0,1,A,0.0,0.0,D,13.0,6.0,3.0,2.0,10.0,14.0,3.0,4.0,1.0,2.0,0.0,0.0
2018/19,2019-02-12,Bristol City,QPR,2,1,H,0.0,1.0,A,15.0,11.0,7.0,3.0,12.0,21.0,8.0,1.0,2.0,6.0,0.0,0.0
2018/19,2019-02-12,Hull,Rotherham,2,2,D,2.0,0.0,H,8.0,14.0,3.0,5.0,6.0,13.0,5.0,5.0,0.0,1.0,0.0,0.0
2018/19,2019-02-12,Millwall,Sheffield Weds,0,0,D,0.0,0.0,D,10.0,9.0,6.0,2.0,14.0,13.0,5.0,4.0,1.0,2.0,0.0,0.0
2018/19,2019-02-12,West Brom,Nott'm Forest,2,2,D,0.0,1.0,A,14.0,7.0,4.0,3.0,12.0,11.0,7.0,3.0,2.0,2.0,0.0,0.0
2018/19,2019-02-13,Brentford,Aston Villa,1,0,H,0.0,0.0,D,23.0,6.0,6.0,3.0,7.0,10.0,8.0,5.0,0.0,1.0,0.0,0.0
2018/19,2019-02-13,Ipswich,Derby,1,1,D,0.0,1.0,A,16.0,15.0,3.0,5.0,18.0,16.0,7.0,4.0,3.0,4.0,0.0,0.0
2018/19,2019-02-13,Leeds,Swansea,2,1,H,2.0,0.0,H,19.0,9.0,7.0,4.0,12.0,5.0,6.0,4.0,1.0,0.0,0.0,0.0
2018/19,2019-02-13,Preston,Norwich,3,1,H,2.0,0.0,H,11.0,22.0,4.0,10.0,13.0,13.0,3.0,8.0,3.0,2.0,0.0,0.0
2018/19,2019-02-13,Reading,Blackburn,2,1,H,1.0,0.0,H,12.0,15.0,4.0,5.0,13.0,6.0,4.0,5.0,1.0,1.0,0.0,0.0
2018/19,2019-02-13,Sheffield United,Middlesbrough,1,0,H,0.0,0.0,D,15.0,10.0,5.0,4.0,6.0,14.0,4.0,4.0,2.0,1.0,0.0,1.0
2018/19,2019-02-13,Wigan,Stoke,0,0,D,0.0,0.0,D,8.0,11.0,3.0,2.0,11.0,13.0,6.0,7.0,1.0,3.0,0.0,0.0
2018/19,2019-02-16,Aston Villa,West Brom,0,2,A,0.0,2.0,A,11.0,10.0,2.0,3.0,9.0,14.0,9.0,2.0,3.0,2.0,0.0,0.0
2018/19,2019-02-16,Bolton,Norwich,0,4,A,0.0,3.0,A,12.0,23.0,3.0,12.0,20.0,14.0,3.0,8.0,1.0,0.0,0.0,0.0
2018/19,2019-02-16,Ipswich,Stoke,1,1,D,0.0,1.0,A,9.0,11.0,3.0,1.0,12.0,8.0,5.0,6.0,0.0,1.0,0.0,0.0
2018/19,2019-02-16,Preston,Nott'm Forest,0,0,D,0.0,0.0,D,10.0,10.0,3.0,2.0,10.0,18.0,4.0,6.0,1.0,0.0,0.0,0.0
2018/19,2019-02-16,Rotherham,Sheffield Weds,2,2,D,1.0,1.0,D,25.0,11.0,6.0,4.0,15.0,13.0,5.0,4.0,4.0,1.0,0.0,1.0
2018/19,2019-02-16,Sheffield United,Reading,4,0,H,3.0,0.0,H,14.0,10.0,10.0,2.0,14.0,12.0,4.0,5.0,2.0,1.0,0.0,0.0
2018/19,2019-02-17,Blackburn,Middlesbrough,0,1,A,0.0,1.0,A,5.0,26.0,1.0,7.0,8.0,9.0,4.0,5.0,1.0,0.0,1.0,0.0
2018/19,2019-02-19,QPR,West Brom,2,3,A,1.0,1.0,D,13.0,11.0,4.0,6.0,12.0,9.0,4.0,9.0,0.0,1.0,0.0,0.0
2018/19,2019-02-20,Derby,Millwall,0,1,A,0.0,0.0,D,13.0,4.0,1.0,1.0,13.0,11.0,6.0,1.0,2.0,3.0,0.0,0.0
2018/19,2019-02-23,Birmingham,Blackburn,2,2,D,1.0,0.0,H,16.0,6.0,7.0,3.0,11.0,18.0,8.0,3.0,0.0,2.0,0.0,0.0
2018/19,2019-02-23,Brentford,Hull,5,1,H,3.0,1.0,H,25.0,7.0,10.0,3.0,10.0,18.0,3.0,6.0,1.0,3.0,0.0,0.0
2018/19,2019-02-23,Leeds,Bolton,2,1,H,1.0,1.0,D,21.0,12.0,8.0,6.0,10.0,14.0,8.0,4.0,1.0,4.0,0.0,0.0
2018/19,2019-02-23,Middlesbrough,QPR,2,0,H,2.0,0.0,H,10.0,9.0,4.0,4.0,13.0,11.0,4.0,3.0,2.0,1.0,0.0,0.0
2018/19,2019-02-23,Millwall,Preston,1,3,A,0.0,3.0,A,12.0,12.0,3.0,5.0,12.0,11.0,4.0,6.0,2.0,1.0,0.0,0.0
2018/19,2019-02-23,Norwich,Bristol City,3,2,H,1.0,2.0,A,23.0,12.0,8.0,6.0,7.0,17.0,10.0,4.0,1.0,3.0,0.0,0.0
2018/19,2019-02-23,Reading,Rotherham,1,1,D,1.0,0.0,H,15.0,13.0,5.0,2.0,10.0,14.0,5.0,6.0,1.0,3.0,0.0,0.0
2018/19,2019-02-23,Sheffield Weds,Swansea,3,1,H,3.0,0.0,H,16.0,12.0,7.0,6.0,7.0,6.0,4.0,1.0,1.0,0.0,0.0,0.0
2018/19,2019-02-23,Stoke,Aston Villa,1,1,D,1.0,0.0,H,7.0,10.0,4.0,3.0,18.0,13.0,2.0,6.0,3.0,1.0,0.0,0.0
2018/19,2019-02-23,West Brom,Sheffield United,0,1,A,0.0,1.0,A,17.0,7.0,3.0,4.0,8.0,8.0,5.0,3.0,2.0,3.0,0.0,0.0
2018/19,2019-02-23,Wigan,Ipswich,1,1,D,0.0,1.0,A,27.0,12.0,6.0,4.0,3.0,16.0,5.0,4.0,2.0,2.0,0.0,1.0
2018/19,2019-02-25,Nott'm Forest,Derby,1,0,H,1.0,0.0,H,15.0,6.0,2.0,2.0,17.0,13.0,2.0,3.0,2.0,3.0,0.0,0.0
2018/19,2019-02-26,Bristol City,Birmingham,1,2,A,0.0,1.0,A,9.0,11.0,2.0,5.0,12.0,13.0,4.0,1.0,3.0,2.0,0.0,0.0
2018/19,2019-02-26,Hull,Millwall,2,1,H,2.0,1.0,H,13.0,16.0,3.0,6.0,10.0,10.0,3.0,3.0,1.0,2.0,0.0,0.0
2018/19,2019-02-26,QPR,Leeds,1,0,H,0.0,0.0,D,13.0,11.0,5.0,4.0,14.0,14.0,2.0,13.0,4.0,1.0,0.0,0.0
2018/19,2019-02-26,Sheffield Weds,Brentford,2,0,H,1.0,0.0,H,16.0,8.0,6.0,3.0,12.0,9.0,5.0,5.0,1.0,0.0,0.0,0.0
2018/19,2019-03-01,Leeds,West Brom,4,0,H,2.0,0.0,H,13.0,7.0,9.0,1.0,13.0,14.0,3.0,4.0,0.0,1.0,0.0,0.0
2018/19,2019-03-02,Aston Villa,Derby,4,0,H,4.0,0.0,H,13.0,3.0,6.0,0.0,5.0,14.0,8.0,1.0,2.0,2.0,0.0,0.0
2018/19,2019-03-02,Brentford,QPR,3,0,H,0.0,0.0,D,11.0,10.0,6.0,1.0,10.0,17.0,3.0,5.0,2.0,2.0,0.0,0.0
2018/19,2019-03-02,Hull,Birmingham,2,0,H,1.0,0.0,H,12.0,18.0,7.0,5.0,7.0,17.0,1.0,8.0,2.0,1.0,0.0,0.0
2018/19,2019-03-02,Ipswich,Reading,1,2,A,0.0,1.0,A,17.0,12.0,6.0,4.0,19.0,13.0,3.0,1.0,3.0,4.0,0.0,0.0
2018/19,2019-03-02,Millwall,Norwich,1,3,A,1.0,1.0,D,17.0,11.0,8.0,7.0,11.0,11.0,8.0,6.0,2.0,0.0,0.0,0.0
2018/19,2019-03-02,Preston,Bristol City,1,1,D,1.0,0.0,H,17.0,15.0,3.0,3.0,9.0,16.0,5.0,5.0,0.0,3.0,0.0,0.0
2018/19,2019-03-02,Rotherham,Blackburn,3,2,H,1.0,0.0,H,13.0,15.0,4.0,5.0,10.0,10.0,1.0,4.0,3.0,1.0,0.0,0.0
2018/19,2019-03-02,Stoke,Nott'm Forest,2,0,H,1.0,0.0,H,8.0,14.0,4.0,2.0,16.0,12.0,6.0,3.0,2.0,2.0,0.0,0.0
2018/19,2019-03-02,Swansea,Bolton,2,0,H,0.0,0.0,D,29.0,5.0,11.0,3.0,9.0,15.0,6.0,1.0,1.0,0.0,0.0,2.0
2018/19,2019-03-02,Wigan,Middlesbrough,0,0,D,0.0,0.0,D,6.0,15.0,2.0,1.0,11.0,14.0,5.0,7.0,1.0,2.0,0.0,0.0
2018/19,2019-03-04,Sheffield Weds,Sheffield United,0,0,D,0.0,0.0,D,9.0,7.0,1.0,1.0,16.0,18.0,2.0,10.0,0.0,0.0,0.0,0.0
2018/19,2019-03-05,Derby,Wigan,2,1,H,0.0,1.0,A,17.0,13.0,5.0,3.0,16.0,13.0,6.0,5.0,4.0,1.0,0.0,0.0
2018/19,2019-03-08,Norwich,Swansea,1,0,H,0.0,0.0,D,8.0,12.0,1.0,5.0,13.0,15.0,7.0,8.0,1.0,1.0,0.0,0.0
2018/19,2019-03-09,Blackburn,Preston,0,1,A,0.0,1.0,A,20.0,6.0,5.0,3.0,11.0,7.0,8.0,5.0,2.0,0.0,0.0,1.0
2018/19,2019-03-09,Bolton,Millwall,2,1,H,0.0,0.0,D,15.0,11.0,4.0,4.0,11.0,17.0,5.0,8.0,0.0,3.0,0.0,0.0
2018/19,2019-03-09,Bristol City,Leeds,0,1,A,0.0,1.0,A,4.0,16.0,1.0,3.0,15.0,18.0,1.0,2.0,4.0,4.0,0.0,0.0
2018/19,2019-03-09,Derby,Sheffield Weds,1,1,D,1.0,0.0,H,10.0,13.0,5.0,3.0,12.0,18.0,6.0,2.0,2.0,3.0,0.0,0.0
2018/19,2019-03-09,Middlesbrough,Brentford,1,2,A,1.0,0.0,H,19.0,14.0,6.0,3.0,14.0,10.0,3.0,3.0,5.0,1.0,0.0,0.0
2018/19,2019-03-09,Nott'm Forest,Hull,3,0,H,0.0,0.0,D,20.0,10.0,7.0,3.0,14.0,15.0,4.0,2.0,2.0,1.0,0.0,0.0
2018/19,2019-03-09,QPR,Stoke,0,0,D,0.0,0.0,D,17.0,7.0,4.0,0.0,16.0,9.0,8.0,1.0,1.0,2.0,1.0,1.0
2018/19,2019-03-09,Reading,Wigan,3,2,H,1.0,1.0,D,9.0,18.0,4.0,8.0,12.0,16.0,3.0,3.0,3.0,3.0,0.0,0.0
2018/19,2019-03-09,Sheffield United,Rotherham,2,0,H,1.0,0.0,H,19.0,3.0,11.0,0.0,9.0,9.0,5.0,3.0,0.0,0.0,0.0,1.0
2018/19,2019-03-09,West Brom,Ipswich,1,1,D,1.0,0.0,H,16.0,22.0,5.0,7.0,12.0,9.0,8.0,7.0,3.0,2.0,0.0,0.0
2018/19,2019-03-10,Birmingham,Aston Villa,0,1,A,0.0,0.0,D,14.0,9.0,4.0,3.0,15.0,12.0,6.0,3.0,3.0,3.0,0.0,0.0
2018/19,2019-03-12,Blackburn,Wigan,3,0,H,1.0,0.0,H,18.0,11.0,9.0,1.0,12.0,13.0,5.0,6.0,3.0,4.0,0.0,0.0
2018/19,2019-03-12,Bolton,Sheffield Weds,0,2,A,0.0,1.0,A,11.0,10.0,2.0,7.0,10.0,18.0,3.0,3.0,0.0,0.0,0.0,0.0
2018/19,2019-03-12,Bristol City,Ipswich,1,1,D,1.0,0.0,H,12.0,7.0,1.0,4.0,13.0,11.0,5.0,5.0,1.0,3.0,0.0,0.0
2018/19,2019-03-12,Reading,Leeds,0,3,A,0.0,3.0,A,9.0,13.0,5.0,6.0,17.0,12.0,3.0,3.0,1.0,3.0,0.0,0.0
2018/19,2019-03-12,Sheffield United,Brentford,2,0,H,1.0,0.0,H,10.0,29.0,4.0,5.0,6.0,8.0,3.0,12.0,1.0,0.0,1.0,0.0
2018/19,2019-03-13,Birmingham,Millwall,0,2,A,0.0,2.0,A,11.0,6.0,1.0,2.0,13.0,12.0,7.0,3.0,1.0,2.0,0.0,0.0
2018/19,2019-03-13,Derby,Stoke,0,0,D,0.0,0.0,D,19.0,5.0,4.0,0.0,9.0,11.0,4.0,3.0,0.0,2.0,0.0,0.0
2018/19,2019-03-13,Middlesbrough,Preston,1,2,A,1.0,0.0,H,22.0,17.0,4.0,6.0,9.0,8.0,10.0,7.0,0.0,2.0,1.0,0.0
2018/19,2019-03-13,Norwich,Hull,3,2,H,2.0,1.0,H,17.0,6.0,7.0,2.0,11.0,17.0,8.0,2.0,1.0,3.0,0.0,0.0
2018/19,2019-03-13,Nott'm Forest,Aston Villa,1,3,A,1.0,2.0,A,14.0,11.0,2.0,4.0,17.0,13.0,8.0,6.0,3.0,3.0,0.0,0.0
2018/19,2019-03-13,QPR,Rotherham,1,2,A,0.0,0.0,D,9.0,12.0,3.0,4.0,13.0,8.0,5.0,3.0,2.0,1.0,0.0,0.0
2018/19,2019-03-13,West Brom,Swansea,3,0,H,1.0,0.0,H,17.0,15.0,5.0,6.0,10.0,5.0,4.0,4.0,0.0,0.0,0.0,0.0
2018/19,2019-03-16,Aston Villa,Middlesbrough,3,0,H,2.0,0.0,H,18.0,4.0,5.0,1.0,9.0,16.0,6.0,2.0,0.0,1.0,0.0,0.0
2018/19,2019-03-16,Brentford,West Brom,0,1,A,0.0,0.0,D,13.0,11.0,7.0,6.0,12.0,15.0,6.0,14.0,2.0,1.0,0.0,0.0
2018/19,2019-03-16,Hull,QPR,2,2,D,2.0,0.0,H,14.0,16.0,6.0,5.0,12.0,16.0,4.0,4.0,2.0,3.0,0.0,0.0
2018/19,2019-03-16,Ipswich,Nott'm Forest,1,1,D,1.0,1.0,D,16.0,12.0,6.0,5.0,16.0,12.0,6.0,5.0,0.0,2.0,0.0,0.0
2018/19,2019-03-16,Leeds,Sheffield United,0,1,A,0.0,0.0,D,17.0,10.0,0.0,1.0,9.0,12.0,3.0,6.0,0.0,2.0,1.0,0.0
2018/19,2019-03-16,Preston,Birmingham,1,0,H,0.0,0.0,D,12.0,11.0,1.0,3.0,13.0,18.0,3.0,6.0,3.0,3.0,0.0,0.0
2018/19,2019-03-16,Rotherham,Norwich,1,2,A,0.0,1.0,A,13.0,13.0,5.0,4.0,13.0,7.0,4.0,6.0,2.0,2.0,0.0,0.0
2018/19,2019-03-16,Sheffield Weds,Blackburn,4,2,H,1.0,0.0,H,10.0,8.0,4.0,4.0,14.0,11.0,2.0,3.0,4.0,0.0,0.0,0.0
2018/19,2019-03-16,Stoke,Reading,0,0,D,0.0,0.0,D,11.0,8.0,3.0,1.0,14.0,13.0,6.0,2.0,3.0,3.0,0.0,0.0
2018/19,2019-03-16,Wigan,Bolton,5,2,H,1.0,0.0,H,10.0,13.0,7.0,4.0,13.0,16.0,4.0,9.0,0.0,1.0,0.0,0.0
2018/19,2019-03-29,West Brom,Birmingham,3,2,H,0.0,1.0,A,11.0,12.0,3.0,4.0,7.0,13.0,6.0,7.0,2.0,4.0,0.0,0.0
2018/19,2019-03-30,Aston Villa,Blackburn,2,1,H,1.0,0.0,H,15.0,12.0,10.0,2.0,8.0,15.0,4.0,5.0,1.0,1.0,0.0,0.0
2018/19,2019-03-30,Derby,Rotherham,6,1,H,3.0,0.0,H,15.0,8.0,7.0,4.0,9.0,12.0,1.0,5.0,0.0,1.0,0.0,0.0
2018/19,2019-03-30,Ipswich,Hull,0,2,A,0.0,1.0,A,15.0,7.0,6.0,3.0,13.0,7.0,5.0,3.0,1.0,2.0,0.0,0.0
2018/19,2019-03-30,Leeds,Millwall,3,2,H,1.0,1.0,D,18.0,7.0,8.0,3.0,14.0,11.0,7.0,2.0,3.0,4.0,0.0,0.0
2018/19,2019-03-30,Middlesbrough,Norwich,0,1,A,0.0,0.0,D,17.0,16.0,6.0,5.0,17.0,9.0,4.0,6.0,3.0,4.0,0.0,0.0
2018/19,2019-03-30,Nott'm Forest,Swansea,2,1,H,0.0,0.0,D,11.0,14.0,3.0,6.0,15.0,8.0,7.0,5.0,4.0,1.0,0.0,0.0
2018/19,2019-03-30,QPR,Bolton,1,2,A,0.0,1.0,A,21.0,12.0,7.0,6.0,9.0,12.0,9.0,1.0,0.0,1.0,0.0,0.0
2018/19,2019-03-30,Reading,Preston,2,1,H,2.0,0.0,H,13.0,11.0,3.0,2.0,10.0,8.0,1.0,6.0,0.0,1.0,0.0,0.0
2018/19,2019-03-30,Sheffield United,Bristol City,2,3,A,1.0,1.0,D,12.0,14.0,5.0,9.0,11.0,10.0,4.0,2.0,1.0,4.0,0.0,0.0
2018/19,2019-03-30,Stoke,Sheffield Weds,0,0,D,0.0,0.0,D,12.0,3.0,3.0,1.0,9.0,18.0,13.0,2.0,1.0,3.0,0.0,0.0
2018/19,2019-03-30,Wigan,Brentford,0,0,D,0.0,0.0,D,10.0,13.0,3.0,1.0,19.0,14.0,6.0,5.0,1.0,2.0,0.0,0.0
2018/19,2019-04-02,Middlesbrough,Bristol City,0,1,A,0.0,1.0,A,23.0,15.0,7.0,5.0,10.0,9.0,5.0,6.0,1.0,3.0,0.0,0.0
2018/19,2019-04-02,Swansea,Brentford,3,0,H,2.0,0.0,H,13.0,6.0,6.0,1.0,9.0,15.0,1.0,2.0,0.0,4.0,0.0,0.0
2018/19,2019-04-06,Birmingham,Leeds,1,0,H,1.0,0.0,H,10.0,9.0,7.0,1.0,11.0,13.0,4.0,8.0,1.0,3.0,0.0,0.0
2018/19,2019-04-06,Blackburn,Stoke,0,1,A,0.0,1.0,A,11.0,8.0,3.0,3.0,12.0,9.0,5.0,4.0,2.0,0.0,0.0,0.0
2018/19,2019-04-06,Bolton,Ipswich,1,2,A,0.0,2.0,A,12.0,5.0,2.0,3.0,16.0,20.0,5.0,4.0,0.0,0.0,0.0,0.0
2018/19,2019-04-06,Brentford,Derby,3,3,D,2.0,2.0,D,15.0,12.0,6.0,8.0,17.0,22.0,7.0,3.0,3.0,5.0,0.0,0.0
2018/19,2019-04-06,Bristol City,Wigan,2,2,D,0.0,1.0,A,15.0,17.0,6.0,6.0,12.0,14.0,13.0,8.0,1.0,1.0,0.0,0.0
2018/19,2019-04-06,Hull,Reading,3,1,H,0.0,1.0,A,16.0,7.0,4.0,3.0,12.0,8.0,5.0,3.0,3.0,2.0,0.0,0.0
2018/19,2019-04-06,Millwall,West Brom,2,0,H,1.0,0.0,H,16.0,9.0,6.0,1.0,10.0,15.0,6.0,7.0,3.0,2.0,0.0,1.0
2018/19,2019-04-06,Norwich,QPR,4,0,H,3.0,0.0,H,17.0,6.0,8.0,4.0,8.0,25.0,5.0,4.0,0.0,2.0,1.0,0.0
2018/19,2019-04-06,Preston,Sheffield United,0,1,A,0.0,1.0,A,11.0,15.0,3.0,5.0,7.0,16.0,5.0,8.0,3.0,1.0,0.0,0.0
2018/19,2019-04-06,Rotherham,Nott'm Forest,2,1,H,1.0,1.0,D,17.0,13.0,5.0,4.0,10.0,14.0,4.0,4.0,0.0,1.0,0.0,0.0
2018/19,2019-04-06,Sheffield Weds,Aston Villa,1,3,A,1.0,1.0,D,12.0,9.0,3.0,5.0,13.0,8.0,6.0,3.0,1.0,3.0,0.0,0.0
2018/19,2019-04-06,Swansea,Middlesbrough,3,1,H,2.0,0.0,H,16.0,13.0,7.0,1.0,11.0,13.0,3.0,4.0,1.0,1.0,0.0,0.0
2018/19,2019-04-09,Blackburn,Derby,2,0,H,0.0,0.0,D,23.0,6.0,5.0,1.0,10.0,13.0,9.0,3.0,2.0,0.0,0.0,0.0
2018/19,2019-04-09,Bolton,Middlesbrough,0,2,A,0.0,2.0,A,14.0,18.0,2.0,5.0,11.0,6.0,8.0,9.0,0.0,0.0,0.0,0.0
2018/19,2019-04-09,Bristol City,West Brom,3,2,H,3.0,0.0,H,14.0,13.0,6.0,5.0,8.0,15.0,4.0,5.0,2.0,1.0,0.0,0.0
2018/19,2019-04-09,Preston,Leeds,0,2,A,0.0,0.0,D,5.0,22.0,0.0,7.0,7.0,16.0,3.0,6.0,1.0,2.0,1.0,0.0
2018/19,2019-04-09,Sheffield Weds,Nott'm Forest,3,0,H,0.0,0.0,D,14.0,14.0,5.0,6.0,14.0,15.0,1.0,2.0,2.0,2.0,0.0,0.0
2018/19,2019-04-09,Swansea,Stoke,3,1,H,2.0,1.0,H,31.0,2.0,8.0,1.0,5.0,17.0,6.0,1.0,0.0,1.0,0.0,2.0
2018/19,2019-04-10,Birmingham,Sheffield United,1,1,D,1.0,1.0,D,8.0,8.0,5.0,3.0,10.0,9.0,5.0,4.0,2.0,0.0,0.0,0.0
2018/19,2019-04-10,Brentford,Ipswich,2,0,H,2.0,0.0,H,16.0,4.0,4.0,0.0,5.0,17.0,6.0,1.0,1.0,1.0,0.0,0.0
2018/19,2019-04-10,Hull,Wigan,2,1,H,0.0,1.0,A,14.0,11.0,4.0,2.0,10.0,15.0,12.0,2.0,2.0,1.0,0.0,0.0
2018/19,2019-04-10,Millwall,QPR,0,0,D,0.0,0.0,D,7.0,15.0,3.0,3.0,13.0,15.0,9.0,3.0,2.0,3.0,0.0,0.0
2018/19,2019-04-10,Norwich,Reading,2,2,D,0.0,1.0,A,23.0,5.0,7.0,2.0,6.0,17.0,13.0,2.0,0.0,2.0,0.0,0.0
2018/19,2019-04-10,Rotherham,Aston Villa,1,2,A,1.0,0.0,H,19.0,15.0,6.0,8.0,17.0,8.0,8.0,7.0,3.0,1.0,0.0,1.0
2018/19,2019-04-13,Aston Villa,Bristol City,2,1,H,0.0,0.0,D,25.0,11.0,11.0,1.0,7.0,13.0,10.0,4.0,1.0,6.0,0.0,0.0
2018/19,2019-04-13,Derby,Bolton,4,0,H,2.0,0.0,H,20.0,8.0,9.0,2.0,14.0,8.0,10.0,3.0,1.0,1.0,0.0,0.0
2018/19,2019-04-13,Ipswich,Birmingham,1,1,D,0.0,1.0,A,12.0,17.0,3.0,5.0,18.0,14.0,7.0,5.0,5.0,1.0,0.0,0.0
2018/19,2019-04-13,Leeds,Sheffield Weds,1,0,H,0.0,0.0,D,28.0,8.0,6.0,2.0,7.0,13.0,8.0,2.0,2.0,2.0,0.0,0.0
2018/19,2019-04-13,Middlesbrough,Hull,1,0,H,1.0,0.0,H,15.0,15.0,4.0,4.0,7.0,10.0,4.0,5.0,1.0,1.0,0.0,0.0
2018/19,2019-04-13,Nott'm Forest,Blackburn,1,2,A,0.0,1.0,A,22.0,15.0,1.0,9.0,12.0,19.0,3.0,5.0,2.0,3.0,0.0,0.0
2018/19,2019-04-13,QPR,Swansea,4,0,H,3.0,0.0,H,15.0,9.0,7.0,1.0,13.0,10.0,8.0,8.0,4.0,1.0,0.0,0.0
2018/19,2019-04-13,Reading,Brentford,2,1,H,2.0,1.0,H,11.0,15.0,4.0,8.0,14.0,14.0,3.0,12.0,4.0,1.0,0.0,0.0
2018/19,2019-04-13,Sheffield United,Millwall,1,1,D,0.0,0.0,D,14.0,13.0,2.0,7.0,9.0,8.0,10.0,7.0,1.0,2.0,1.0,0.0
2018/19,2019-04-13,Stoke,Rotherham,2,2,D,2.0,0.0,H,4.0,16.0,3.0,7.0,9.0,12.0,4.0,8.0,0.0,1.0,0.0,0.0
2018/19,2019-04-13,West Brom,Preston,4,1,H,3.0,0.0,H,22.0,10.0,10.0,2.0,8.0,7.0,9.0,6.0,2.0,1.0,0.0,0.0
2018/19,2019-04-14,Wigan,Norwich,1,1,D,1.0,0.0,H,17.0,13.0,4.0,4.0,19.0,13.0,5.0,8.0,2.0,2.0,0.0,0.0
2018/19,2019-04-19,Birmingham,Derby,2,2,D,2.0,2.0,D,20.0,11.0,3.0,5.0,17.0,14.0,9.0,4.0,3.0,3.0,0.0,0.0
2018/19,2019-04-19,Bolton,Aston Villa,0,2,A,0.0,0.0,D,6.0,21.0,1.0,9.0,16.0,8.0,2.0,16.0,2.0,1.0,0.0,0.0
2018/19,2019-04-19,Bristol City,Reading,1,1,D,0.0,0.0,D,17.0,8.0,6.0,4.0,11.0,6.0,9.0,6.0,0.0,0.0,0.0,0.0
2018/19,2019-04-19,Leeds,Wigan,1,2,A,1.0,1.0,D,16.0,8.0,10.0,2.0,11.0,7.0,15.0,2.0,3.0,3.0,0.0,1.0
2018/19,2019-04-19,Middlesbrough,Stoke,1,0,H,1.0,0.0,H,7.0,14.0,2.0,1.0,12.0,8.0,2.0,10.0,1.0,1.0,0.0,0.0
2018/19,2019-04-19,Millwall,Brentford,1,1,D,1.0,1.0,D,7.0,10.0,2.0,3.0,9.0,8.0,7.0,3.0,1.0,3.0,0.0,1.0
2018/19,2019-04-19,Norwich,Sheffield Weds,2,2,D,1.0,1.0,D,15.0,12.0,5.0,6.0,13.0,19.0,13.0,2.0,1.0,2.0,0.0,0.0
2018/19,2019-04-19,Preston,Ipswich,4,0,H,2.0,0.0,H,17.0,18.0,10.0,5.0,8.0,13.0,3.0,4.0,0.0,1.0,0.0,0.0
2018/19,2019-04-19,QPR,Blackburn,1,2,A,0.0,1.0,A,19.0,12.0,3.0,5.0,14.0,8.0,8.0,4.0,3.0,3.0,0.0,0.0
2018/19,2019-04-19,Sheffield United,Nott'm Forest,2,0,H,0.0,0.0,D,14.0,9.0,4.0,1.0,16.0,8.0,9.0,2.0,3.0,2.0,0.0,1.0
2018/19,2019-04-19,Swansea,Rotherham,4,3,H,1.0,2.0,A,15.0,16.0,8.0,8.0,4.0,13.0,6.0,9.0,0.0,1.0,0.0,0.0
2018/19,2019-04-19,West Brom,Hull,3,2,H,1.0,0.0,H,10.0,11.0,5.0,3.0,9.0,13.0,5.0,9.0,0.0,0.0,0.0,0.0
2018/19,2019-04-22,Aston Villa,Millwall,1,0,H,1.0,0.0,H,18.0,13.0,7.0,1.0,17.0,8.0,12.0,3.0,2.0,2.0,0.0,0.0
2018/19,2019-04-22,Blackburn,Bolton,2,0,H,1.0,0.0,H,15.0,13.0,6.0,4.0,9.0,8.0,3.0,2.0,0.0,0.0,0.0,0.0
2018/19,2019-04-22,Brentford,Leeds,2,0,H,1.0,0.0,H,12.0,18.0,3.0,3.0,10.0,11.0,5.0,10.0,3.0,1.0,0.0,0.0
2018/19,2019-04-22,Derby,QPR,2,0,H,0.0,0.0,D,17.0,11.0,8.0,2.0,10.0,16.0,8.0,2.0,1.0,3.0,0.0,0.0
2018/19,2019-04-22,Hull,Sheffield United,0,3,A,0.0,3.0,A,11.0,11.0,2.0,5.0,5.0,13.0,7.0,4.0,0.0,0.0,0.0,0.0
2018/19,2019-04-22,Ipswich,Swansea,0,1,A,0.0,0.0,D,13.0,17.0,2.0,5.0,15.0,7.0,4.0,4.0,2.0,3.0,0.0,0.0
2018/19,2019-04-22,Nott'm Forest,Middlesbrough,3,0,H,1.0,0.0,H,20.0,3.0,9.0,1.0,9.0,14.0,7.0,2.0,1.0,1.0,0.0,0.0
2018/19,2019-04-22,Reading,West Brom,0,0,D,0.0,0.0,D,14.0,14.0,5.0,6.0,13.0,10.0,4.0,4.0,2.0,1.0,0.0,0.0
2018/19,2019-04-22,Rotherham,Birmingham,1,3,A,1.0,0.0,H,9.0,16.0,1.0,8.0,14.0,13.0,7.0,6.0,3.0,1.0,0.0,0.0
2018/19,2019-04-22,Sheffield Weds,Bristol City,2,0,H,2.0,0.0,H,10.0,13.0,6.0,4.0,13.0,14.0,4.0,4.0,1.0,2.0,0.0,0.0
2018/19,2019-04-22,Stoke,Norwich,2,2,D,0.0,1.0,A,18.0,17.0,9.0,5.0,13.0,6.0,5.0,7.0,0.0,0.0,0.0,0.0
2018/19,2019-04-22,Wigan,Preston,2,0,H,1.0,0.0,H,14.0,12.0,5.0,1.0,12.0,8.0,2.0,8.0,1.0,2.0,0.0,1.0
2018/19,2019-04-27,Birmingham,Wigan,1,1,D,1.0,1.0,D,12.0,13.0,3.0,5.0,14.0,8.0,1.0,3.0,1.0,1.0,0.0,0.0
2018/19,2019-04-27,Bolton,Brentford,0,1,A,,,,,,,,,,,,,,,
2018/19,2019-04-27,Bristol City,Derby,0,2,A,0.0,1.0,A,23.0,8.0,11.0,4.0,8.0,19.0,5.0,2.0,0.0,4.0,1.0,0.0
2018/19,2019-04-27,Middlesbrough,Reading,2,1,H,2.0,1.0,H,18.0,12.0,6.0,4.0,14.0,12.0,7.0,4.0,3.0,1.0,0.0,0.0
2018/19,2019-04-27,Millwall,Stoke,0,0,D,0.0,0.0,D,13.0,12.0,1.0,2.0,13.0,10.0,3.0,5.0,1.0,2.0,0.0,0.0
2018/19,2019-04-27,Norwich,Blackburn,2,1,H,2.0,1.0,H,24.0,8.0,7.0,1.0,8.0,8.0,11.0,2.0,1.0,3.0,0.0,0.0
2018/19,2019-04-27,Preston,Sheffield Weds,3,3,D,2.0,0.0,H,13.0,16.0,5.0,8.0,8.0,19.0,5.0,4.0,1.0,2.0,0.0,1.0
2018/19,2019-04-27,QPR,Nott'm Forest,0,1,A,0.0,0.0,D,21.0,7.0,7.0,4.0,11.0,15.0,8.0,4.0,1.0,2.0,0.0,0.0
2018/19,2019-04-27,Sheffield United,Ipswich,2,0,H,1.0,0.0,H,12.0,4.0,3.0,1.0,17.0,10.0,9.0,1.0,0.0,1.0,0.0,0.0
2018/19,2019-04-27,Swansea,Hull,2,2,D,1.0,0.0,H,14.0,8.0,7.0,4.0,7.0,15.0,10.0,6.0,1.0,4.0,0.0,0.0
2018/19,2019-04-27,West Brom,Rotherham,2,1,H,0.0,0.0,D,10.0,13.0,2.0,2.0,12.0,16.0,7.0,10.0,0.0,2.0,0.0,0.0
2018/19,2019-04-28,Leeds,Aston Villa,1,1,D,0.0,0.0,D,27.0,13.0,5.0,4.0,14.0,8.0,7.0,3.0,4.0,2.0,0.0,1.0
2018/19,2019-04-30,Millwall,Bristol City,1,2,A,1.0,0.0,H,16.0,13.0,5.0,4.0,12.0,9.0,3.0,4.0,0.0,3.0,0.0,0.0
2018/19,2019-05-01,Swansea,Derby,1,1,D,0.0,1.0,A,12.0,13.0,6.0,4.0,7.0,16.0,4.0,8.0,3.0,4.0,0.0,0.0
2018/19,2019-05-05,Aston Villa,Norwich,1,2,A,1.0,1.0,D,14.0,23.0,4.0,5.0,12.0,13.0,9.0,9.0,1.0,3.0,0.0,0.0
2018/19,2019-05-05,Blackburn,Swansea,2,2,D,1.0,2.0,A,11.0,10.0,4.0,3.0,9.0,9.0,11.0,3.0,1.0,1.0,0.0,0.0
2018/19,2019-05-05,Brentford,Preston,3,0,H,1.0,0.0,H,21.0,8.0,8.0,3.0,10.0,11.0,8.0,3.0,0.0,2.0,0.0,0.0
2018/19,2019-05-05,Derby,West Brom,3,1,H,1.0,0.0,H,23.0,8.0,13.0,2.0,12.0,14.0,5.0,2.0,1.0,5.0,0.0,1.0
2018/19,2019-05-05,Hull,Bristol City,1,1,D,0.0,0.0,D,15.0,15.0,3.0,2.0,15.0,8.0,3.0,6.0,2.0,2.0,0.0,0.0
2018/19,2019-05-05,Ipswich,Leeds,3,2,H,1.0,1.0,D,6.0,27.0,3.0,7.0,11.0,11.0,2.0,11.0,2.0,1.0,1.0,0.0
2018/19,2019-05-05,Nott'm Forest,Bolton,1,0,H,1.0,0.0,H,12.0,7.0,3.0,2.0,10.0,14.0,3.0,3.0,0.0,0.0,0.0,0.0
2018/19,2019-05-05,Reading,Birmingham,0,0,D,0.0,0.0,D,15.0,19.0,3.0,4.0,8.0,14.0,5.0,5.0,0.0,1.0,0.0,0.0
2018/19,2019-05-05,Rotherham,Middlesbrough,1,2,A,0.0,2.0,A,18.0,12.0,4.0,4.0,12.0,16.0,6.0,5.0,0.0,1.0,0.0,0.0
2018/19,2019-05-05,Sheffield Weds,QPR,1,2,A,0.0,1.0,A,8.0,16.0,2.0,8.0,12.0,17.0,9.0,5.0,2.0,2.0,0.0,0.0
2018/19,2019-05-05,Stoke,Sheffield United,2,2,D,1.0,0.0,H,14.0,11.0,4.0,6.0,8.0,11.0,4.0,6.0,1.0,1.0,0.0,0.0
2018/19,2019-05-05,Wigan,Millwall,1,0,H,1.0,0.0,H,15.0,10.0,4.0,3.0,17.0,11.0,5.0,8.0,0.0,0.0,0.0,0.0
2019/20,2019-08-02,Luton,Middlesbrough,3,3,D,2.0,2.0,D,12.0,17.0,4.0,8.0,14.0,20.0,8.0,11.0,2.0,2.0,0.0,0.0
2019/20,2019-08-03,Barnsley,Fulham,1,0,H,1.0,0.0,H,17.0,15.0,4.0,4.0,16.0,14.0,7.0,5.0,3.0,1.0,0.0,0.0
2019/20,2019-08-03,Blackburn,Charlton,1,2,A,0.0,1.0,A,14.0,9.0,2.0,5.0,15.0,13.0,12.0,2.0,0.0,3.0,0.0,0.0
2019/20,2019-08-03,Brentford,Birmingham,0,1,A,0.0,1.0,A,15.0,1.0,3.0,1.0,10.0,12.0,6.0,2.0,1.0,3.0,0.0,0.0
2019/20,2019-08-03,Millwall,Preston,1,0,H,1.0,0.0,H,8.0,5.0,3.0,0.0,11.0,18.0,8.0,7.0,2.0,3.0,0.0,0.0
2019/20,2019-08-03,Nott'm Forest,West Brom,1,2,A,1.0,2.0,A,15.0,12.0,4.0,3.0,8.0,6.0,9.0,5.0,0.0,1.0,0.0,0.0
2019/20,2019-08-03,Reading,Sheffield Weds,1,3,A,0.0,1.0,A,13.0,13.0,4.0,5.0,12.0,15.0,7.0,3.0,0.0,3.0,0.0,1.0
2019/20,2019-08-03,Stoke,QPR,1,2,A,0.0,1.0,A,13.0,5.0,1.0,3.0,18.0,14.0,7.0,0.0,1.0,3.0,0.0,0.0
2019/20,2019-08-03,Swansea,Hull,2,1,H,0.0,1.0,A,19.0,12.0,8.0,4.0,9.0,10.0,10.0,4.0,2.0,2.0,0.0,0.0
2019/20,2019-08-03,Wigan,Cardiff,3,2,H,0.0,1.0,A,12.0,13.0,4.0,4.0,9.0,15.0,6.0,6.0,2.0,4.0,0.0,0.0
2019/20,2019-08-04,Bristol City,Leeds,1,3,A,0.0,1.0,A,13.0,18.0,3.0,4.0,8.0,12.0,4.0,6.0,3.0,2.0,0.0,0.0
2019/20,2019-08-05,Huddersfield,Derby,1,2,A,1.0,2.0,A,14.0,11.0,2.0,3.0,18.0,14.0,8.0,0.0,0.0,0.0,0.0,0.0
2019/20,2019-08-10,Birmingham,Bristol City,1,1,D,0.0,0.0,D,12.0,8.0,3.0,5.0,6.0,11.0,5.0,8.0,2.0,3.0,0.0,0.0
2019/20,2019-08-10,Cardiff,Luton,2,1,H,0.0,0.0,D,16.0,8.0,4.0,2.0,13.0,11.0,3.0,3.0,2.0,2.0,0.0,0.0
2019/20,2019-08-10,Charlton,Stoke,3,1,H,1.0,1.0,D,5.0,12.0,3.0,3.0,10.0,11.0,1.0,4.0,0.0,0.0,0.0,0.0
2019/20,2019-08-10,Derby,Swansea,0,0,D,0.0,0.0,D,17.0,13.0,3.0,3.0,8.0,14.0,8.0,3.0,2.0,1.0,0.0,0.0
2019/20,2019-08-10,Fulham,Blackburn,2,0,H,1.0,0.0,H,12.0,9.0,2.0,0.0,9.0,15.0,5.0,5.0,0.0,2.0,0.0,0.0
2019/20,2019-08-10,Hull,Reading,2,1,H,2.0,0.0,H,14.0,13.0,5.0,4.0,23.0,12.0,5.0,7.0,2.0,2.0,0.0,0.0
2019/20,2019-08-10,Leeds,Nott'm Forest,1,1,D,0.0,0.0,D,14.0,6.0,4.0,1.0,12.0,12.0,10.0,3.0,2.0,2.0,0.0,0.0
2019/20,2019-08-10,Middlesbrough,Brentford,0,1,A,0.0,0.0,D,14.0,9.0,5.0,2.0,10.0,17.0,7.0,3.0,0.0,1.0,0.0,0.0
2019/20,2019-08-10,Preston,Wigan,3,0,H,2.0,0.0,H,16.0,11.0,5.0,6.0,13.0,18.0,8.0,7.0,1.0,2.0,0.0,0.0
2019/20,2019-08-10,QPR,Huddersfield,1,1,D,0.0,0.0,D,17.0,6.0,5.0,4.0,14.0,20.0,7.0,0.0,2.0,5.0,0.0,0.0
2019/20,2019-08-10,Sheffield Weds,Barnsley,2,0,H,1.0,0.0,H,16.0,11.0,7.0,3.0,10.0,22.0,6.0,4.0,1.0,1.0,0.0,0.0
2019/20,2019-08-10,West Brom,Millwall,1,1,D,0.0,0.0,D,10.0,9.0,4.0,2.0,17.0,15.0,8.0,1.0,1.0,2.0,0.0,0.0
2019/20,2019-08-16,Huddersfield,Fulham,1,2,A,0.0,0.0,D,6.0,17.0,1.0,8.0,13.0,14.0,5.0,5.0,2.0,2.0,0.0,0.0
2019/20,2019-08-17,Barnsley,Charlton,2,2,D,1.0,1.0,D,13.0,12.0,3.0,5.0,15.0,21.0,4.0,2.0,4.0,3.0,0.0,0.0
2019/20,2019-08-17,Blackburn,Middlesbrough,1,0,H,1.0,0.0,H,14.0,9.0,3.0,2.0,16.0,11.0,9.0,2.0,5.0,3.0,0.0,0.0
2019/20,2019-08-17,Brentford,Hull,1,1,D,0.0,0.0,D,15.0,20.0,4.0,4.0,18.0,11.0,5.0,4.0,1.0,1.0,0.0,0.0
2019/20,2019-08-17,Bristol City,QPR,2,0,H,1.0,0.0,H,9.0,15.0,3.0,2.0,11.0,11.0,3.0,6.0,2.0,2.0,0.0,0.0
2019/20,2019-08-17,Luton,West Brom,1,2,A,1.0,0.0,H,8.0,24.0,4.0,3.0,10.0,6.0,4.0,8.0,2.0,0.0,0.0,0.0
2019/20,2019-08-17,Millwall,Sheffield Weds,1,0,H,1.0,0.0,H,3.0,21.0,2.0,9.0,6.0,16.0,6.0,4.0,1.0,1.0,1.0,0.0
2019/20,2019-08-17,Nott'm Forest,Birmingham,3,0,H,2.0,0.0,H,14.0,9.0,5.0,2.0,8.0,10.0,3.0,6.0,0.0,2.0,0.0,0.0
2019/20,2019-08-17,Stoke,Derby,2,2,D,1.0,1.0,D,19.0,8.0,5.0,6.0,13.0,17.0,10.0,5.0,3.0,3.0,0.0,0.0
2019/20,2019-08-17,Swansea,Preston,3,2,H,1.0,1.0,D,13.0,17.0,4.0,5.0,12.0,10.0,4.0,9.0,0.0,1.0,0.0,0.0
2019/20,2019-08-17,Wigan,Leeds,0,2,A,0.0,1.0,A,6.0,20.0,2.0,6.0,17.0,19.0,6.0,6.0,3.0,2.0,1.0,0.0
2019/20,2019-08-18,Reading,Cardiff,3,0,H,2.0,0.0,H,14.0,14.0,6.0,7.0,6.0,13.0,4.0,2.0,1.0,2.0,0.0,0.0
2019/20,2019-08-20,Birmingham,Barnsley,2,0,H,0.0,0.0,D,14.0,6.0,6.0,1.0,13.0,11.0,4.0,7.0,1.0,1.0,0.0,0.0
2019/20,2019-08-20,Derby,Bristol City,1,2,A,0.0,2.0,A,18.0,8.0,4.0,3.0,12.0,8.0,9.0,0.0,2.0,1.0,0.0,0.0
2019/20,2019-08-20,Hull,Blackburn,0,1,A,0.0,0.0,D,12.0,13.0,1.0,5.0,19.0,5.0,1.0,8.0,4.0,1.0,0.0,0.0
2019/20,2019-08-20,Middlesbrough,Wigan,1,0,H,1.0,0.0,H,13.0,11.0,3.0,1.0,17.0,11.0,3.0,5.0,2.0,2.0,0.0,0.0
2019/20,2019-08-20,Sheffield Weds,Luton,1,0,H,0.0,0.0,D,9.0,10.0,3.0,2.0,21.0,3.0,3.0,8.0,2.0,1.0,0.0,0.0
2019/20,2019-08-21,Cardiff,Huddersfield,2,1,H,1.0,0.0,H,24.0,8.0,6.0,3.0,15.0,12.0,8.0,2.0,1.0,1.0,0.0,0.0
2019/20,2019-08-21,Charlton,Nott'm Forest,1,1,D,1.0,0.0,H,8.0,14.0,3.0,3.0,9.0,19.0,7.0,1.0,3.0,3.0,0.0,0.0
2019/20,2019-08-21,Fulham,Millwall,4,0,H,2.0,0.0,H,11.0,7.0,7.0,1.0,11.0,11.0,8.0,1.0,2.0,1.0,0.0,0.0
2019/20,2019-08-21,Leeds,Brentford,1,0,H,0.0,0.0,D,11.0,5.0,4.0,1.0,8.0,13.0,8.0,4.0,2.0,1.0,0.0,0.0
2019/20,2019-08-21,Preston,Stoke,3,1,H,2.0,0.0,H,8.0,8.0,5.0,2.0,16.0,6.0,0.0,4.0,2.0,2.0,0.0,0.0
2019/20,2019-08-21,QPR,Swansea,1,3,A,0.0,1.0,A,22.0,10.0,3.0,5.0,10.0,13.0,7.0,2.0,2.0,3.0,0.0,0.0
2019/20,2019-08-21,West Brom,Reading,1,1,D,0.0,0.0,D,20.0,10.0,4.0,5.0,9.0,11.0,11.0,5.0,2.0,2.0,0.0,0.0
2019/20,2019-08-24,Barnsley,Luton,1,3,A,0.0,3.0,A,17.0,16.0,5.0,7.0,17.0,12.0,8.0,8.0,3.0,1.0,0.0,0.0
2019/20,2019-08-24,Blackburn,Cardiff,0,0,D,0.0,0.0,D,9.0,13.0,2.0,3.0,9.0,14.0,9.0,4.0,1.0,3.0,0.0,0.0
2019/20,2019-08-24,Charlton,Brentford,1,0,H,1.0,0.0,H,3.0,22.0,1.0,4.0,12.0,10.0,2.0,14.0,1.0,3.0,0.0,0.0
2019/20,2019-08-24,Derby,West Brom,1,1,D,1.0,0.0,H,11.0,13.0,4.0,4.0,12.0,18.0,6.0,6.0,1.0,1.0,0.0,0.0
2019/20,2019-08-24,Fulham,Nott'm Forest,1,2,A,0.0,1.0,A,20.0,11.0,6.0,3.0,8.0,11.0,13.0,1.0,2.0,4.0,0.0,0.0
2019/20,2019-08-24,Huddersfield,Reading,0,2,A,0.0,0.0,D,10.0,11.0,2.0,4.0,8.0,18.0,8.0,3.0,1.0,1.0,0.0,0.0
2019/20,2019-08-24,Hull,Bristol City,1,3,A,1.0,1.0,D,16.0,10.0,6.0,4.0,11.0,13.0,9.0,6.0,0.0,3.0,0.0,0.0
2019/20,2019-08-24,Middlesbrough,Millwall,1,1,D,0.0,0.0,D,11.0,12.0,2.0,4.0,13.0,10.0,6.0,7.0,0.0,2.0,0.0,0.0
2019/20,2019-08-24,Preston,Sheffield Weds,2,1,H,1.0,0.0,H,8.0,11.0,4.0,3.0,10.0,16.0,9.0,7.0,0.0,3.0,0.0,0.0
2019/20,2019-08-24,QPR,Wigan,3,1,H,0.0,1.0,A,20.0,9.0,5.0,3.0,13.0,16.0,3.0,5.0,2.0,4.0,0.0,0.0
2019/20,2019-08-24,Stoke,Leeds,0,3,A,0.0,1.0,A,7.0,21.0,2.0,10.0,9.0,11.0,4.0,4.0,0.0,2.0,0.0,0.0
2019/20,2019-08-25,Swansea,Birmingham,3,0,H,0.0,0.0,D,12.0,4.0,6.0,0.0,8.0,13.0,5.0,1.0,1.0,5.0,0.0,0.0
2019/20,2019-08-30,Cardiff,Fulham,1,1,D,1.0,1.0,D,9.0,11.0,2.0,4.0,16.0,8.0,4.0,3.0,1.0,3.0,0.0,1.0
2019/20,2019-08-31,Birmingham,Stoke,2,1,H,0.0,0.0,D,12.0,7.0,4.0,3.0,24.0,12.0,1.0,3.0,2.0,1.0,0.0,0.0
2019/20,2019-08-31,Brentford,Derby,3,0,H,3.0,0.0,H,22.0,5.0,8.0,0.0,12.0,13.0,6.0,3.0,0.0,2.0,0.0,0.0
2019/20,2019-08-31,Bristol City,Middlesbrough,2,2,D,1.0,0.0,H,18.0,22.0,5.0,6.0,13.0,11.0,6.0,10.0,1.0,1.0,0.0,0.0
2019/20,2019-08-31,Leeds,Swansea,0,1,A,0.0,0.0,D,21.0,7.0,3.0,2.0,15.0,10.0,6.0,5.0,2.0,2.0,0.0,0.0
2019/20,2019-08-31,Luton,Huddersfield,2,1,H,0.0,0.0,D,13.0,13.0,4.0,3.0,18.0,14.0,6.0,9.0,2.0,2.0,0.0,0.0
2019/20,2019-08-31,Millwall,Hull,1,1,D,1.0,1.0,D,13.0,7.0,5.0,3.0,10.0,14.0,11.0,5.0,2.0,4.0,0.0,1.0
2019/20,2019-08-31,Nott'm Forest,Preston,1,1,D,0.0,1.0,A,10.0,12.0,2.0,5.0,11.0,7.0,5.0,0.0,4.0,1.0,0.0,0.0
2019/20,2019-08-31,Reading,Charlton,0,2,A,0.0,0.0,D,19.0,14.0,3.0,5.0,14.0,14.0,8.0,4.0,1.0,3.0,0.0,0.0
2019/20,2019-08-31,Sheffield Weds,QPR,1,2,A,1.0,0.0,H,7.0,11.0,2.0,5.0,22.0,13.0,1.0,6.0,4.0,3.0,0.0,0.0
2019/20,2019-08-31,West Brom,Blackburn,3,2,H,3.0,2.0,H,21.0,7.0,8.0,4.0,15.0,16.0,7.0,3.0,2.0,2.0,0.0,0.0
2019/20,2019-08-31,Wigan,Barnsley,0,0,D,0.0,0.0,D,12.0,13.0,4.0,3.0,12.0,18.0,6.0,7.0,1.0,4.0,0.0,1.0
2019/20,2019-09-13,Derby,Cardiff,1,1,D,1.0,1.0,D,13.0,13.0,5.0,4.0,13.0,10.0,6.0,4.0,2.0,2.0,0.0,0.0
2019/20,2019-09-14,Blackburn,Millwall,2,0,H,1.0,0.0,H,14.0,14.0,8.0,3.0,10.0,6.0,2.0,6.0,0.0,1.0,0.0,0.0
2019/20,2019-09-14,Charlton,Birmingham,0,1,A,0.0,0.0,D,12.0,11.0,3.0,6.0,7.0,18.0,2.0,4.0,1.0,3.0,0.0,0.0
2019/20,2019-09-14,Fulham,West Brom,1,1,D,0.0,0.0,D,17.0,9.0,6.0,3.0,13.0,10.0,13.0,3.0,2.0,1.0,0.0,0.0
2019/20,2019-09-14,Hull,Wigan,2,2,D,2.0,1.0,H,16.0,10.0,3.0,3.0,15.0,16.0,7.0,5.0,2.0,6.0,0.0,0.0
2019/20,2019-09-14,Middlesbrough,Reading,1,0,H,0.0,0.0,D,10.0,18.0,2.0,7.0,12.0,17.0,5.0,10.0,0.0,3.0,0.0,0.0
2019/20,2019-09-14,Preston,Brentford,2,0,H,1.0,0.0,H,4.0,8.0,2.0,2.0,12.0,16.0,5.0,11.0,2.0,1.0,0.0,0.0
2019/20,2019-09-14,QPR,Luton,3,2,H,3.0,1.0,H,18.0,14.0,3.0,3.0,15.0,15.0,4.0,5.0,2.0,1.0,0.0,0.0
2019/20,2019-09-14,Stoke,Bristol City,1,2,A,1.0,0.0,H,12.0,12.0,4.0,3.0,13.0,12.0,6.0,7.0,2.0,3.0,1.0,0.0
2019/20,2019-09-14,Swansea,Nott'm Forest,0,1,A,0.0,0.0,D,9.0,14.0,1.0,2.0,7.0,17.0,5.0,4.0,2.0,1.0,0.0,0.0
2019/20,2019-09-15,Barnsley,Leeds,0,2,A,0.0,0.0,D,17.0,21.0,6.0,7.0,11.0,11.0,5.0,9.0,1.0,0.0,0.0,0.0
2019/20,2019-09-15,Huddersfield,Sheffield Weds,0,2,A,0.0,1.0,A,9.0,13.0,6.0,4.0,8.0,14.0,3.0,3.0,2.0,3.0,0.0,0.0
2019/20,2019-09-21,Birmingham,Preston,0,1,A,0.0,1.0,A,7.0,4.0,2.0,3.0,12.0,12.0,7.0,0.0,0.0,0.0,0.0,0.0
2019/20,2019-09-21,Brentford,Stoke,0,0,D,0.0,0.0,D,12.0,11.0,2.0,4.0,13.0,6.0,4.0,5.0,1.0,2.0,0.0,0.0
2019/20,2019-09-21,Bristol City,Swansea,0,0,D,0.0,0.0,D,11.0,15.0,2.0,2.0,8.0,10.0,2.0,7.0,1.0,1.0,0.0,1.0
2019/20,2019-09-21,Cardiff,Middlesbrough,1,0,H,1.0,0.0,H,9.0,11.0,1.0,0.0,10.0,12.0,3.0,8.0,1.0,2.0,0.0,0.0
2019/20,2019-09-21,Leeds,Derby,1,1,D,1.0,0.0,H,13.0,4.0,5.0,1.0,8.0,12.0,8.0,3.0,0.0,4.0,0.0,0.0
2019/20,2019-09-21,Luton,Hull,0,3,A,0.0,0.0,D,6.0,14.0,2.0,4.0,7.0,17.0,5.0,4.0,0.0,2.0,0.0,0.0
2019/20,2019-09-21,Millwall,QPR,1,2,A,0.0,0.0,D,13.0,14.0,5.0,3.0,8.0,8.0,6.0,3.0,2.0,3.0,0.0,0.0
2019/20,2019-09-21,Nott'm Forest,Barnsley,1,0,H,0.0,0.0,D,11.0,13.0,1.0,5.0,6.0,10.0,8.0,10.0,2.0,3.0,0.0,0.0
2019/20,2019-09-21,Reading,Blackburn,1,2,A,0.0,1.0,A,16.0,9.0,3.0,5.0,14.0,14.0,3.0,3.0,2.0,2.0,0.0,0.0
2019/20,2019-09-21,Sheffield Weds,Fulham,1,1,D,0.0,1.0,A,12.0,9.0,5.0,2.0,15.0,11.0,2.0,5.0,2.0,1.0,0.0,0.0
2019/20,2019-09-21,Wigan,Charlton,2,0,H,1.0,0.0,H,17.0,13.0,4.0,3.0,16.0,13.0,9.0,5.0,1.0,1.0,0.0,0.0
2019/20,2019-09-22,West Brom,Huddersfield,4,2,H,1.0,2.0,A,17.0,5.0,7.0,2.0,13.0,9.0,8.0,2.0,0.0,0.0,0.0,0.0
2019/20,2019-09-27,Fulham,Wigan,2,0,H,0.0,0.0,D,21.0,5.0,6.0,0.0,14.0,16.0,7.0,4.0,2.0,3.0,0.0,0.0
2019/20,2019-09-27,Stoke,Nott'm Forest,2,3,A,1.0,1.0,D,23.0,6.0,8.0,4.0,9.0,16.0,9.0,3.0,0.0,4.0,0.0,0.0
2019/20,2019-09-28,Blackburn,Luton,1,2,A,1.0,1.0,D,16.0,8.0,2.0,5.0,11.0,8.0,8.0,1.0,1.0,2.0,0.0,0.0
2019/20,2019-09-28,Charlton,Leeds,1,0,H,1.0,0.0,H,3.0,19.0,3.0,4.0,9.0,15.0,2.0,13.0,3.0,1.0,0.0,0.0
2019/20,2019-09-28,Derby,Birmingham,3,2,H,1.0,0.0,H,7.0,17.0,4.0,6.0,9.0,18.0,2.0,9.0,3.0,1.0,0.0,0.0
2019/20,2019-09-28,Huddersfield,Millwall,1,1,D,1.0,1.0,D,15.0,15.0,6.0,4.0,12.0,12.0,7.0,6.0,1.0,0.0,0.0,1.0
2019/20,2019-09-28,Hull,Cardiff,2,2,D,1.0,0.0,H,12.0,8.0,3.0,3.0,11.0,11.0,5.0,8.0,2.0,0.0,0.0,0.0
2019/20,2019-09-28,Middlesbrough,Sheffield Weds,1,4,A,1.0,4.0,A,9.0,12.0,2.0,6.0,10.0,19.0,5.0,6.0,0.0,3.0,0.0,0.0
2019/20,2019-09-28,Preston,Bristol City,3,3,D,1.0,2.0,A,9.0,15.0,3.0,7.0,11.0,12.0,3.0,5.0,1.0,1.0,0.0,0.0
2019/20,2019-09-28,QPR,West Brom,0,2,A,0.0,0.0,D,5.0,15.0,0.0,7.0,21.0,10.0,4.0,6.0,1.0,2.0,1.0,0.0
2019/20,2019-09-28,Swansea,Reading,1,1,D,1.0,0.0,H,17.0,12.0,4.0,5.0,8.0,14.0,3.0,6.0,0.0,3.0,0.0,0.0
2019/20,2019-09-29,Barnsley,Brentford,1,3,A,1.0,1.0,D,10.0,13.0,3.0,5.0,11.0,8.0,8.0,3.0,0.0,0.0,0.0,0.0
2019/20,2019-10-01,Blackburn,Nott'm Forest,1,1,D,0.0,0.0,D,21.0,10.0,6.0,4.0,9.0,10.0,11.0,3.0,2.0,1.0,0.0,0.0
2019/20,2019-10-01,Hull,Sheffield Weds,1,0,H,0.0,0.0,D,8.0,12.0,2.0,3.0,11.0,10.0,8.0,3.0,1.0,3.0,0.0,0.0
2019/20,2019-10-01,Leeds,West Brom,1,0,H,1.0,0.0,H,19.0,10.0,9.0,4.0,6.0,12.0,7.0,6.0,1.0,5.0,0.0,0.0
2019/20,2019-10-01,Middlesbrough,Preston,1,1,D,1.0,1.0,D,14.0,9.0,3.0,1.0,16.0,17.0,2.0,3.0,2.0,2.0,0.0,0.0
2019/20,2019-10-01,Reading,Fulham,1,4,A,0.0,3.0,A,8.0,16.0,2.0,7.0,10.0,12.0,2.0,5.0,1.0,0.0,1.0,0.0
2019/20,2019-10-01,Stoke,Huddersfield,0,1,A,0.0,0.0,D,18.0,4.0,0.0,1.0,12.0,12.0,9.0,1.0,1.0,2.0,0.0,0.0
2019/20,2019-10-01,Wigan,Birmingham,1,0,H,0.0,0.0,D,12.0,12.0,3.0,0.0,9.0,14.0,7.0,6.0,0.0,0.0,0.0,0.0
2019/20,2019-10-02,Barnsley,Derby,2,2,D,1.0,2.0,A,12.0,12.0,7.0,6.0,22.0,14.0,8.0,2.0,2.0,0.0,0.0,0.0
2019/20,2019-10-02,Brentford,Bristol City,1,1,D,0.0,0.0,D,18.0,8.0,6.0,3.0,6.0,8.0,13.0,3.0,1.0,1.0,0.0,0.0
2019/20,2019-10-02,Cardiff,QPR,3,0,H,2.0,0.0,H,10.0,14.0,4.0,4.0,18.0,12.0,3.0,5.0,2.0,1.0,0.0,0.0
2019/20,2019-10-02,Charlton,Swansea,1,2,A,1.0,1.0,D,8.0,13.0,3.0,4.0,14.0,14.0,3.0,3.0,4.0,1.0,0.0,0.0
2019/20,2019-10-02,Luton,Millwall,1,1,D,0.0,0.0,D,13.0,13.0,4.0,4.0,7.0,18.0,5.0,4.0,0.0,2.0,0.0,0.0
2019/20,2019-10-04,Birmingham,Middlesbrough,2,1,H,1.0,0.0,H,26.0,5.0,8.0,3.0,18.0,11.0,11.0,3.0,2.0,3.0,0.0,0.0
2019/20,2019-10-05,Bristol City,Reading,1,0,H,1.0,0.0,H,15.0,16.0,3.0,3.0,14.0,9.0,3.0,5.0,1.0,2.0,0.0,0.0
2019/20,2019-10-05,Derby,Luton,2,0,H,1.0,0.0,H,10.0,7.0,2.0,1.0,10.0,10.0,1.0,5.0,1.0,0.0,0.0,0.0
2019/20,2019-10-05,Fulham,Charlton,2,2,D,0.0,1.0,A,20.0,14.0,7.0,5.0,12.0,14.0,8.0,6.0,2.0,1.0,0.0,0.0
2019/20,2019-10-05,Huddersfield,Hull,3,0,H,0.0,0.0,D,8.0,14.0,5.0,4.0,13.0,11.0,5.0,4.0,3.0,1.0,0.0,0.0
2019/20,2019-10-05,Millwall,Leeds,2,1,H,2.0,0.0,H,12.0,5.0,7.0,1.0,14.0,14.0,6.0,1.0,4.0,1.0,0.0,1.0
2019/20,2019-10-05,Nott'm Forest,Brentford,1,0,H,0.0,0.0,D,13.0,11.0,4.0,3.0,7.0,9.0,9.0,5.0,0.0,1.0,0.0,0.0
2019/20,2019-10-05,Preston,Barnsley,5,1,H,1.0,1.0,D,20.0,6.0,10.0,1.0,10.0,9.0,5.0,2.0,1.0,3.0,0.0,0.0
2019/20,2019-10-05,QPR,Blackburn,4,2,H,1.0,0.0,H,10.0,8.0,5.0,2.0,14.0,7.0,4.0,4.0,4.0,4.0,0.0,0.0
2019/20,2019-10-05,Sheffield Weds,Wigan,1,0,H,0.0,0.0,D,8.0,5.0,2.0,3.0,15.0,9.0,3.0,2.0,1.0,1.0,0.0,0.0
2019/20,2019-10-05,Swansea,Stoke,1,2,A,1.0,1.0,D,22.0,18.0,6.0,9.0,11.0,17.0,7.0,1.0,2.0,1.0,0.0,0.0
2019/20,2019-10-05,West Brom,Cardiff,4,2,H,2.0,0.0,H,15.0,18.0,8.0,8.0,6.0,13.0,6.0,10.0,1.0,1.0,0.0,0.0
2019/20,2019-10-18,Cardiff,Sheffield Weds,1,1,D,0.0,1.0,A,14.0,12.0,4.0,5.0,11.0,22.0,4.0,4.0,0.0,3.0,0.0,0.0
2019/20,2019-10-19,Barnsley,Swansea,1,1,D,0.0,0.0,D,19.0,12.0,5.0,8.0,8.0,5.0,2.0,5.0,1.0,1.0,0.0,0.0
2019/20,2019-10-19,Blackburn,Huddersfield,2,2,D,2.0,1.0,H,13.0,12.0,3.0,2.0,18.0,19.0,5.0,6.0,1.0,3.0,0.0,0.0
2019/20,2019-10-19,Brentford,Millwall,3,2,H,0.0,1.0,A,23.0,8.0,10.0,4.0,13.0,13.0,8.0,4.0,3.0,6.0,0.0,0.0
2019/20,2019-10-19,Charlton,Derby,3,0,H,1.0,0.0,H,10.0,4.0,7.0,2.0,16.0,13.0,7.0,5.0,1.0,2.0,0.0,0.0
2019/20,2019-10-19,Hull,QPR,2,3,A,1.0,1.0,D,11.0,15.0,3.0,8.0,14.0,10.0,4.0,8.0,1.0,0.0,0.0,0.0
2019/20,2019-10-19,Leeds,Birmingham,1,0,H,0.0,0.0,D,15.0,16.0,5.0,4.0,13.0,18.0,9.0,2.0,2.0,2.0,0.0,0.0
2019/20,2019-10-19,Luton,Bristol City,3,0,H,0.0,0.0,D,12.0,10.0,5.0,2.0,10.0,11.0,8.0,7.0,2.0,2.0,0.0,0.0
2019/20,2019-10-19,Middlesbrough,West Brom,0,1,A,0.0,0.0,D,17.0,19.0,7.0,4.0,10.0,14.0,6.0,7.0,2.0,4.0,0.0,0.0
2019/20,2019-10-19,Reading,Preston,1,0,H,0.0,0.0,D,12.0,12.0,6.0,4.0,9.0,14.0,9.0,6.0,2.0,2.0,0.0,0.0
2019/20,2019-10-19,Stoke,Fulham,2,0,H,1.0,0.0,H,9.0,10.0,5.0,4.0,15.0,12.0,4.0,6.0,2.0,2.0,0.0,0.0
2019/20,2019-10-20,Wigan,Nott'm Forest,1,0,H,1.0,0.0,H,16.0,18.0,6.0,2.0,10.0,10.0,2.0,7.0,3.0,1.0,0.0,0.0
2019/20,2019-10-22,Birmingham,Blackburn,1,0,H,1.0,0.0,H,12.0,13.0,6.0,1.0,12.0,6.0,7.0,6.0,2.0,1.0,0.0,0.0
2019/20,2019-10-22,Millwall,Cardiff,2,2,D,1.0,1.0,D,12.0,16.0,5.0,7.0,13.0,14.0,4.0,2.0,1.0,1.0,0.0,0.0
2019/20,2019-10-22,Preston,Leeds,1,1,D,0.0,0.0,D,10.0,22.0,2.0,3.0,9.0,9.0,4.0,8.0,1.0,0.0,0.0,0.0
2019/20,2019-10-22,QPR,Reading,2,2,D,1.0,1.0,D,13.0,11.0,6.0,5.0,10.0,22.0,1.0,5.0,2.0,2.0,0.0,0.0
2019/20,2019-10-22,Sheffield Weds,Stoke,1,0,H,1.0,0.0,H,11.0,12.0,4.0,1.0,17.0,12.0,5.0,3.0,2.0,1.0,0.0,0.0
2019/20,2019-10-22,Swansea,Brentford,0,3,A,0.0,2.0,A,17.0,14.0,5.0,7.0,7.0,6.0,6.0,6.0,2.0,1.0,0.0,0.0
2019/20,2019-10-22,West Brom,Barnsley,2,2,D,0.0,2.0,A,11.0,11.0,3.0,3.0,9.0,20.0,4.0,1.0,3.0,8.0,0.0,0.0
2019/20,2019-10-23,Bristol City,Charlton,2,1,H,0.0,0.0,D,23.0,10.0,8.0,5.0,13.0,12.0,9.0,5.0,2.0,5.0,1.0,0.0
2019/20,2019-10-23,Derby,Wigan,1,0,H,0.0,0.0,D,11.0,16.0,4.0,3.0,8.0,16.0,7.0,8.0,2.0,2.0,0.0,0.0
2019/20,2019-10-23,Fulham,Luton,3,2,H,1.0,0.0,H,20.0,13.0,8.0,3.0,12.0,8.0,4.0,3.0,1.0,0.0,0.0,0.0
2019/20,2019-10-23,Huddersfield,Middlesbrough,0,0,D,0.0,0.0,D,10.0,13.0,2.0,2.0,12.0,14.0,4.0,3.0,1.0,3.0,0.0,0.0
2019/20,2019-10-23,Nott'm Forest,Hull,1,2,A,0.0,1.0,A,16.0,18.0,2.0,6.0,8.0,9.0,11.0,1.0,3.0,2.0,0.0,1.0
2019/20,2019-10-26,Birmingham,Luton,2,1,H,1.0,0.0,H,20.0,9.0,6.0,4.0,8.0,10.0,13.0,5.0,1.0,3.0,0.0,0.0
2019/20,2019-10-26,Huddersfield,Barnsley,2,1,H,1.0,0.0,H,11.0,14.0,4.0,2.0,7.0,13.0,3.0,5.0,1.0,1.0,0.0,0.0
2019/20,2019-10-26,Hull,Derby,2,0,H,0.0,0.0,D,14.0,10.0,4.0,3.0,11.0,8.0,7.0,1.0,4.0,1.0,0.0,0.0
2019/20,2019-10-26,Middlesbrough,Fulham,0,0,D,0.0,0.0,D,14.0,7.0,1.0,1.0,16.0,9.0,5.0,2.0,3.0,2.0,0.0,1.0
2019/20,2019-10-26,Millwall,Stoke,2,0,H,1.0,0.0,H,8.0,4.0,4.0,1.0,10.0,18.0,6.0,2.0,1.0,0.0,0.0,0.0
2019/20,2019-10-26,Preston,Blackburn,3,2,H,0.0,2.0,A,12.0,8.0,8.0,1.0,8.0,17.0,6.0,5.0,0.0,2.0,0.0,0.0
2019/20,2019-10-26,Sheffield Weds,Leeds,0,0,D,0.0,0.0,D,11.0,9.0,4.0,3.0,16.0,9.0,5.0,4.0,2.0,0.0,0.0,0.0
2019/20,2019-10-26,West Brom,Charlton,2,2,D,1.0,0.0,H,13.0,13.0,5.0,5.0,12.0,9.0,4.0,4.0,2.0,3.0,1.0,0.0
2019/20,2019-10-27,Bristol City,Wigan,2,2,D,1.0,1.0,D,9.0,19.0,4.0,7.0,8.0,15.0,5.0,10.0,1.0,2.0,0.0,0.0
2019/20,2019-10-27,Swansea,Cardiff,1,0,H,1.0,0.0,H,19.0,8.0,5.0,3.0,12.0,15.0,9.0,3.0,0.0,1.0,0.0,0.0
2019/20,2019-10-28,QPR,Brentford,1,3,A,0.0,1.0,A,8.0,12.0,6.0,9.0,11.0,15.0,3.0,6.0,0.0,3.0,0.0,0.0
2019/20,2019-11-01,Barnsley,Bristol City,2,2,D,0.0,1.0,A,24.0,9.0,6.0,3.0,9.0,11.0,10.0,6.0,2.0,0.0,0.0,0.0
2019/20,2019-11-02,Blackburn,Sheffield Weds,2,1,H,0.0,0.0,D,15.0,17.0,6.0,5.0,10.0,16.0,4.0,13.0,0.0,0.0,0.0,0.0
2019/20,2019-11-02,Brentford,Huddersfield,0,1,A,0.0,0.0,D,10.0,4.0,3.0,2.0,12.0,15.0,1.0,4.0,1.0,5.0,0.0,0.0
2019/20,2019-11-02,Cardiff,Birmingham,4,2,H,2.0,1.0,H,12.0,25.0,6.0,6.0,12.0,18.0,8.0,10.0,1.0,3.0,1.0,1.0
2019/20,2019-11-02,Derby,Middlesbrough,2,0,H,1.0,0.0,H,23.0,10.0,10.0,1.0,10.0,13.0,6.0,2.0,0.0,1.0,0.0,1.0
2019/20,2019-11-02,Fulham,Hull,0,3,A,0.0,1.0,A,8.0,10.0,1.0,5.0,8.0,14.0,9.0,1.0,2.0,2.0,0.0,0.0
2019/20,2019-11-02,Leeds,QPR,2,0,H,1.0,0.0,H,18.0,6.0,6.0,1.0,18.0,20.0,6.0,2.0,1.0,4.0,0.0,0.0
2019/20,2019-11-02,Luton,Nott'm Forest,1,2,A,0.0,1.0,A,9.0,12.0,3.0,4.0,9.0,10.0,8.0,7.0,0.0,1.0,0.0,0.0
2019/20,2019-11-02,Reading,Millwall,2,1,H,2.0,0.0,H,12.0,14.0,6.0,2.0,11.0,13.0,3.0,6.0,1.0,0.0,0.0,0.0
2019/20,2019-11-02,Wigan,Swansea,1,2,A,1.0,1.0,D,14.0,6.0,2.0,2.0,19.0,8.0,11.0,2.0,4.0,2.0,0.0,0.0
2019/20,2019-11-03,Charlton,Preston,0,1,A,0.0,0.0,D,8.0,16.0,1.0,5.0,16.0,11.0,3.0,9.0,3.0,5.0,0.0,0.0
2019/20,2019-11-04,Stoke,West Brom,0,2,A,0.0,1.0,A,8.0,9.0,3.0,3.0,18.0,18.0,4.0,3.0,2.0,1.0,0.0,0.0
2019/20,2019-11-09,Barnsley,Stoke,2,4,A,0.0,2.0,A,12.0,11.0,4.0,9.0,14.0,7.0,5.0,7.0,3.0,1.0,0.0,0.0
2019/20,2019-11-09,Birmingham,Fulham,0,1,A,0.0,0.0,D,16.0,10.0,4.0,3.0,12.0,8.0,5.0,7.0,3.0,2.0,0.0,0.0
2019/20,2019-11-09,Hull,West Brom,0,1,A,0.0,1.0,A,10.0,9.0,3.0,2.0,11.0,10.0,2.0,4.0,3.0,3.0,0.0,0.0
2019/20,2019-11-09,Leeds,Blackburn,2,1,H,2.0,1.0,H,15.0,4.0,4.0,1.0,9.0,12.0,4.0,5.0,1.0,2.0,0.0,0.0
2019/20,2019-11-09,Millwall,Charlton,2,1,H,1.0,0.0,H,8.0,6.0,5.0,5.0,14.0,13.0,8.0,3.0,1.0,1.0,0.0,0.0
2019/20,2019-11-09,Nott'm Forest,Derby,1,0,H,0.0,0.0,D,19.0,11.0,4.0,7.0,14.0,18.0,7.0,8.0,3.0,3.0,0.0,0.0
2019/20,2019-11-09,Preston,Huddersfield,3,1,H,2.0,0.0,H,21.0,8.0,4.0,1.0,11.0,17.0,12.0,4.0,4.0,2.0,0.0,0.0
2019/20,2019-11-09,QPR,Middlesbrough,2,2,D,2.0,1.0,H,14.0,9.0,7.0,4.0,20.0,9.0,8.0,6.0,4.0,2.0,0.0,0.0
2019/20,2019-11-09,Reading,Luton,3,0,H,2.0,0.0,H,17.0,4.0,7.0,1.0,12.0,13.0,5.0,3.0,0.0,1.0,0.0,0.0
2019/20,2019-11-09,Sheffield Weds,Swansea,2,2,D,0.0,1.0,A,20.0,13.0,7.0,6.0,10.0,9.0,7.0,4.0,1.0,0.0,0.0,0.0
2019/20,2019-11-09,Wigan,Brentford,0,3,A,0.0,1.0,A,5.0,7.0,1.0,5.0,16.0,17.0,1.0,2.0,1.0,1.0,1.0,1.0
2019/20,2019-11-10,Cardiff,Bristol City,0,1,A,0.0,0.0,D,16.0,6.0,3.0,2.0,15.0,13.0,7.0,2.0,1.0,2.0,0.0,0.0
2019/20,2019-11-22,Fulham,QPR,2,1,H,1.0,1.0,D,11.0,19.0,4.0,7.0,13.0,15.0,4.0,11.0,1.0,0.0,0.0,0.0
2019/20,2019-11-23,Blackburn,Barnsley,3,2,H,1.0,0.0,H,9.0,16.0,5.0,5.0,8.0,14.0,2.0,3.0,1.0,1.0,0.0,0.0
2019/20,2019-11-23,Brentford,Reading,1,0,H,0.0,0.0,D,11.0,6.0,4.0,1.0,13.0,15.0,8.0,7.0,3.0,3.0,0.0,0.0
2019/20,2019-11-23,Bristol City,Nott'm Forest,0,0,D,0.0,0.0,D,7.0,12.0,0.0,3.0,15.0,13.0,6.0,6.0,1.0,2.0,0.0,1.0
2019/20,2019-11-23,Charlton,Cardiff,2,2,D,2.0,0.0,H,15.0,23.0,4.0,8.0,12.0,16.0,5.0,4.0,1.0,3.0,0.0,0.0
2019/20,2019-11-23,Derby,Preston,1,0,H,1.0,0.0,H,13.0,12.0,4.0,2.0,15.0,9.0,6.0,3.0,0.0,2.0,0.0,0.0
2019/20,2019-11-23,Huddersfield,Birmingham,1,1,D,0.0,0.0,D,17.0,10.0,6.0,2.0,9.0,16.0,5.0,2.0,1.0,1.0,0.0,0.0
2019/20,2019-11-23,Luton,Leeds,1,2,A,0.0,0.0,D,11.0,21.0,5.0,12.0,7.0,11.0,4.0,8.0,0.0,1.0,0.0,0.0
2019/20,2019-11-23,Stoke,Wigan,2,1,H,0.0,1.0,A,16.0,10.0,4.0,2.0,13.0,20.0,3.0,5.0,3.0,2.0,0.0,0.0
2019/20,2019-11-23,Swansea,Millwall,0,1,A,0.0,0.0,D,10.0,13.0,4.0,5.0,14.0,10.0,4.0,3.0,1.0,2.0,0.0,0.0
2019/20,2019-11-23,West Brom,Sheffield Weds,2,1,H,1.0,0.0,H,9.0,15.0,3.0,2.0,10.0,20.0,6.0,8.0,1.0,3.0,0.0,1.0
2019/20,2019-11-24,Middlesbrough,Hull,2,2,D,2.0,0.0,H,10.0,12.0,5.0,4.0,10.0,16.0,3.0,9.0,2.0,1.0,1.0,0.0
2019/20,2019-11-26,Cardiff,Stoke,1,0,H,1.0,0.0,H,7.0,12.0,3.0,1.0,11.0,9.0,2.0,4.0,1.0,1.0,0.0,0.0
2019/20,2019-11-26,Fulham,Derby,3,0,H,2.0,0.0,H,17.0,8.0,8.0,0.0,9.0,11.0,6.0,3.0,1.0,2.0,0.0,0.0
2019/20,2019-11-26,Huddersfield,Swansea,1,1,D,1.0,1.0,D,14.0,6.0,5.0,2.0,14.0,11.0,11.0,6.0,3.0,2.0,1.0,0.0
2019/20,2019-11-26,Luton,Charlton,2,1,H,1.0,1.0,D,16.0,10.0,4.0,2.0,9.0,11.0,5.0,9.0,3.0,1.0,0.0,0.0
2019/20,2019-11-26,Millwall,Wigan,2,2,D,1.0,1.0,D,9.0,14.0,5.0,7.0,7.0,13.0,7.0,5.0,2.0,1.0,0.0,0.0
2019/20,2019-11-26,Reading,Leeds,0,1,A,0.0,0.0,D,8.0,16.0,2.0,2.0,12.0,12.0,7.0,11.0,1.0,1.0,0.0,0.0
2019/20,2019-11-27,Blackburn,Brentford,1,0,H,1.0,0.0,H,7.0,16.0,4.0,4.0,15.0,14.0,4.0,4.0,2.0,1.0,0.0,0.0
2019/20,2019-11-27,Hull,Preston,4,0,H,1.0,0.0,H,21.0,13.0,10.0,4.0,11.0,9.0,4.0,8.0,1.0,1.0,0.0,0.0
2019/20,2019-11-27,Middlesbrough,Barnsley,1,0,H,0.0,0.0,D,12.0,14.0,5.0,2.0,9.0,13.0,8.0,3.0,3.0,0.0,0.0,0.0
2019/20,2019-11-27,QPR,Nott'm Forest,0,4,A,0.0,1.0,A,11.0,14.0,4.0,8.0,11.0,8.0,5.0,6.0,1.0,2.0,1.0,0.0
2019/20,2019-11-27,Sheffield Weds,Birmingham,1,1,D,0.0,0.0,D,24.0,7.0,5.0,2.0,7.0,10.0,12.0,1.0,1.0,3.0,0.0,0.0
2019/20,2019-11-27,West Brom,Bristol City,4,1,H,2.0,0.0,H,15.0,9.0,7.0,1.0,12.0,11.0,4.0,4.0,0.0,2.0,0.0,0.0
2019/20,2019-11-29,Swansea,Fulham,1,2,A,0.0,2.0,A,18.0,10.0,7.0,4.0,12.0,18.0,6.0,0.0,0.0,1.0,0.0,0.0
2019/20,2019-11-30,Barnsley,Hull,3,1,H,1.0,0.0,H,11.0,6.0,5.0,1.0,9.0,15.0,6.0,6.0,0.0,1.0,0.0,0.0
2019/20,2019-11-30,Birmingham,Millwall,1,1,D,0.0,0.0,D,10.0,11.0,3.0,5.0,13.0,11.0,5.0,3.0,0.0,0.0,0.0,0.0
2019/20,2019-11-30,Brentford,Luton,7,0,H,5.0,0.0,H,21.0,4.0,12.0,1.0,7.0,10.0,9.0,3.0,0.0,0.0,0.0,0.0
2019/20,2019-11-30,Bristol City,Huddersfield,5,2,H,4.0,1.0,H,12.0,11.0,8.0,5.0,6.0,11.0,4.0,4.0,0.0,1.0,0.0,0.0
2019/20,2019-11-30,Charlton,Sheffield Weds,1,3,A,1.0,1.0,D,8.0,18.0,2.0,8.0,9.0,12.0,1.0,7.0,2.0,2.0,0.0,0.0
2019/20,2019-11-30,Derby,QPR,1,1,D,1.0,1.0,D,13.0,13.0,4.0,2.0,10.0,14.0,8.0,9.0,1.0,3.0,0.0,0.0
2019/20,2019-11-30,Leeds,Middlesbrough,4,0,H,2.0,0.0,H,16.0,7.0,10.0,1.0,11.0,19.0,4.0,1.0,2.0,3.0,0.0,0.0
2019/20,2019-11-30,Nott'm Forest,Cardiff,0,1,A,0.0,1.0,A,32.0,10.0,2.0,4.0,12.0,14.0,9.0,1.0,0.0,1.0,0.0,0.0
2019/20,2019-11-30,Stoke,Blackburn,1,2,A,0.0,1.0,A,16.0,6.0,4.0,5.0,9.0,5.0,6.0,2.0,0.0,0.0,0.0,0.0
2019/20,2019-11-30,Wigan,Reading,1,3,A,1.0,0.0,H,9.0,21.0,7.0,5.0,15.0,11.0,4.0,3.0,2.0,2.0,0.0,0.0
2019/20,2019-12-02,Preston,West Brom,0,1,A,0.0,0.0,D,7.0,11.0,2.0,4.0,10.0,10.0,4.0,9.0,0.0,1.0,0.0,0.0
2019/20,2019-12-06,Millwall,Nott'm Forest,2,2,D,1.0,0.0,H,16.0,10.0,5.0,5.0,10.0,9.0,10.0,2.0,1.0,2.0,0.0,0.0
2019/20,2019-12-07,Blackburn,Derby,1,0,H,0.0,0.0,D,11.0,13.0,3.0,1.0,9.0,13.0,7.0,3.0,1.0,1.0,0.0,0.0
2019/20,2019-12-07,Cardiff,Barnsley,3,2,H,1.0,1.0,D,11.0,14.0,2.0,2.0,10.0,18.0,8.0,5.0,1.0,5.0,0.0,0.0
2019/20,2019-12-07,Fulham,Bristol City,1,2,A,0.0,1.0,A,21.0,12.0,5.0,3.0,15.0,6.0,8.0,2.0,6.0,2.0,0.0,0.0
2019/20,2019-12-07,Huddersfield,Leeds,0,2,A,0.0,0.0,D,10.0,14.0,3.0,4.0,10.0,15.0,7.0,5.0,2.0,3.0,0.0,0.0
2019/20,2019-12-07,Hull,Stoke,2,1,H,0.0,1.0,A,23.0,6.0,6.0,4.0,12.0,7.0,7.0,4.0,0.0,0.0,0.0,0.0
2019/20,2019-12-07,Luton,Wigan,2,1,H,0.0,1.0,A,18.0,11.0,5.0,1.0,9.0,18.0,8.0,3.0,1.0,2.0,0.0,1.0
2019/20,2019-12-07,Middlesbrough,Charlton,1,0,H,1.0,0.0,H,23.0,5.0,3.0,2.0,15.0,20.0,4.0,5.0,1.0,3.0,0.0,0.0
2019/20,2019-12-07,QPR,Preston,2,0,H,1.0,0.0,H,11.0,8.0,6.0,3.0,14.0,19.0,2.0,2.0,2.0,2.0,0.0,0.0
2019/20,2019-12-07,Reading,Birmingham,2,3,A,1.0,1.0,D,14.0,16.0,4.0,5.0,19.0,7.0,8.0,5.0,1.0,1.0,0.0,0.0
2019/20,2019-12-07,Sheffield Weds,Brentford,2,1,H,0.0,1.0,A,12.0,12.0,3.0,2.0,10.0,7.0,5.0,7.0,1.0,2.0,0.0,0.0
2019/20,2019-12-08,West Brom,Swansea,5,1,H,3.0,1.0,H,19.0,11.0,9.0,4.0,15.0,11.0,7.0,7.0,1.0,2.0,0.0,0.0
2019/20,2019-12-10,Bristol City,Millwall,1,2,A,0.0,1.0,A,10.0,14.0,5.0,3.0,6.0,14.0,6.0,4.0,0.0,0.0,0.0,0.0
2019/20,2019-12-10,Charlton,Huddersfield,0,1,A,0.0,0.0,D,6.0,15.0,0.0,5.0,16.0,15.0,1.0,6.0,3.0,2.0,0.0,0.0
2019/20,2019-12-10,Leeds,Hull,2,0,H,0.0,0.0,D,12.0,11.0,2.0,2.0,8.0,11.0,5.0,5.0,2.0,1.0,0.0,0.0
2019/20,2019-12-10,Nott'm Forest,Middlesbrough,1,1,D,0.0,0.0,D,9.0,9.0,3.0,3.0,13.0,20.0,10.0,1.0,4.0,2.0,0.0,0.0
2019/20,2019-12-10,Preston,Fulham,2,1,H,1.0,0.0,H,19.0,15.0,7.0,1.0,13.0,12.0,6.0,5.0,4.0,1.0,1.0,1.0
2019/20,2019-12-10,Stoke,Luton,3,0,H,2.0,0.0,H,15.0,4.0,8.0,1.0,16.0,10.0,7.0,4.0,1.0,2.0,0.0,0.0
2019/20,2019-12-11,Barnsley,Reading,1,1,D,0.0,0.0,D,21.0,14.0,8.0,6.0,11.0,17.0,7.0,5.0,2.0,1.0,0.0,0.0
2019/20,2019-12-11,Birmingham,QPR,0,2,A,0.0,1.0,A,16.0,6.0,2.0,2.0,15.0,15.0,9.0,0.0,2.0,2.0,0.0,0.0
2019/20,2019-12-11,Brentford,Cardiff,2,1,H,1.0,0.0,H,16.0,10.0,5.0,3.0,13.0,11.0,6.0,9.0,2.0,2.0,0.0,0.0
2019/20,2019-12-11,Derby,Sheffield Weds,1,1,D,0.0,1.0,A,11.0,12.0,2.0,3.0,12.0,14.0,5.0,12.0,3.0,3.0,0.0,1.0
2019/20,2019-12-11,Swansea,Blackburn,1,1,D,1.0,1.0,D,14.0,8.0,3.0,2.0,11.0,11.0,12.0,3.0,0.0,0.0,1.0,1.0
2019/20,2019-12-11,Wigan,West Brom,1,1,D,0.0,0.0,D,14.0,6.0,5.0,2.0,14.0,14.0,4.0,3.0,1.0,2.0,0.0,0.0
2019/20,2019-12-13,Charlton,Hull,2,2,D,1.0,0.0,H,5.0,15.0,2.0,5.0,7.0,11.0,4.0,9.0,2.0,2.0,0.0,0.0
2019/20,2019-12-14,Barnsley,QPR,5,3,H,2.0,1.0,H,13.0,12.0,7.0,6.0,9.0,14.0,3.0,2.0,4.0,3.0,0.0,0.0
2019/20,2019-12-14,Birmingham,West Brom,2,3,A,1.0,1.0,D,16.0,9.0,6.0,3.0,11.0,12.0,7.0,2.0,2.0,2.0,0.0,0.0
2019/20,2019-12-14,Brentford,Fulham,1,0,H,1.0,0.0,H,23.0,11.0,7.0,2.0,6.0,13.0,10.0,3.0,1.0,1.0,0.0,0.0
2019/20,2019-12-14,Bristol City,Blackburn,0,2,A,0.0,1.0,A,6.0,8.0,1.0,5.0,16.0,16.0,5.0,5.0,1.0,2.0,0.0,0.0
2019/20,2019-12-14,Derby,Millwall,0,1,A,0.0,1.0,A,11.0,7.0,1.0,2.0,13.0,9.0,9.0,3.0,1.0,2.0,0.0,0.0
2019/20,2019-12-14,Leeds,Cardiff,3,3,D,2.0,0.0,H,25.0,10.0,8.0,3.0,5.0,17.0,14.0,3.0,1.0,1.0,0.0,1.0
2019/20,2019-12-14,Nott'm Forest,Sheffield Weds,0,4,A,0.0,4.0,A,9.0,13.0,3.0,6.0,6.0,12.0,4.0,4.0,0.0,0.0,0.0,0.0
2019/20,2019-12-14,Preston,Luton,2,1,H,1.0,1.0,D,11.0,10.0,3.0,3.0,13.0,16.0,6.0,5.0,0.0,3.0,0.0,0.0
2019/20,2019-12-14,Stoke,Reading,0,0,D,0.0,0.0,D,11.0,3.0,0.0,0.0,12.0,12.0,1.0,4.0,1.0,3.0,0.0,0.0
2019/20,2019-12-14,Swansea,Middlesbrough,3,1,H,1.0,0.0,H,10.0,8.0,7.0,3.0,13.0,19.0,6.0,6.0,2.0,1.0,0.0,2.0
2019/20,2019-12-14,Wigan,Huddersfield,1,1,D,1.0,0.0,H,7.0,4.0,2.0,4.0,13.0,20.0,3.0,2.0,1.0,2.0,0.0,0.0
2019/20,2019-12-20,Middlesbrough,Stoke,2,1,H,0.0,0.0,D,7.0,12.0,4.0,3.0,15.0,15.0,4.0,2.0,2.0,4.0,0.0,0.0
2019/20,2019-12-21,Cardiff,Preston,0,0,D,0.0,0.0,D,3.0,16.0,1.0,3.0,11.0,11.0,1.0,3.0,1.0,2.0,0.0,0.0
2019/20,2019-12-21,Fulham,Leeds,2,1,H,1.0,0.0,H,7.0,15.0,3.0,7.0,15.0,15.0,4.0,7.0,3.0,4.0,0.0,0.0
2019/20,2019-12-21,Huddersfield,Nott'm Forest,2,1,H,1.0,0.0,H,13.0,15.0,5.0,5.0,5.0,10.0,5.0,9.0,3.0,3.0,0.0,0.0
2019/20,2019-12-21,Hull,Birmingham,3,0,H,1.0,0.0,H,14.0,12.0,6.0,2.0,6.0,8.0,9.0,6.0,2.0,2.0,0.0,0.0
2019/20,2019-12-21,Luton,Swansea,0,1,A,0.0,0.0,D,14.0,20.0,1.0,4.0,6.0,12.0,4.0,8.0,1.0,2.0,0.0,0.0
2019/20,2019-12-21,Millwall,Barnsley,1,2,A,0.0,1.0,A,16.0,13.0,1.0,6.0,10.0,17.0,8.0,3.0,2.0,4.0,0.0,0.0
2019/20,2019-12-21,QPR,Charlton,2,2,D,1.0,0.0,H,21.0,11.0,9.0,4.0,13.0,14.0,9.0,8.0,3.0,4.0,0.0,0.0
2019/20,2019-12-21,Reading,Derby,3,0,H,1.0,0.0,H,14.0,16.0,7.0,6.0,8.0,17.0,6.0,6.0,2.0,7.0,0.0,1.0
2019/20,2019-12-21,West Brom,Brentford,1,1,D,1.0,1.0,D,12.0,15.0,4.0,3.0,13.0,3.0,6.0,7.0,2.0,1.0,0.0,0.0
2019/20,2019-12-22,Sheffield Weds,Bristol City,1,0,H,0.0,0.0,D,15.0,3.0,6.0,1.0,14.0,14.0,8.0,1.0,1.0,3.0,0.0,0.0
2019/20,2019-12-23,Blackburn,Wigan,0,0,D,0.0,0.0,D,10.0,12.0,4.0,4.0,12.0,14.0,7.0,5.0,1.0,2.0,0.0,0.0
2019/20,2019-12-26,Barnsley,West Brom,1,1,D,0.0,1.0,A,22.0,7.0,8.0,2.0,8.0,15.0,6.0,2.0,1.0,3.0,0.0,0.0
2019/20,2019-12-26,Blackburn,Birmingham,1,1,D,0.0,0.0,D,11.0,13.0,3.0,3.0,16.0,23.0,3.0,2.0,3.0,3.0,0.0,0.0
2019/20,2019-12-26,Brentford,Swansea,3,1,H,2.0,0.0,H,19.0,16.0,4.0,4.0,8.0,12.0,7.0,2.0,0.0,2.0,0.0,0.0
2019/20,2019-12-26,Cardiff,Millwall,1,1,D,0.0,0.0,D,13.0,7.0,5.0,3.0,12.0,8.0,5.0,8.0,0.0,0.0,0.0,0.0
2019/20,2019-12-26,Charlton,Bristol City,3,2,H,1.0,0.0,H,14.0,12.0,6.0,4.0,11.0,14.0,6.0,10.0,3.0,1.0,0.0,0.0
2019/20,2019-12-26,Hull,Nott'm Forest,0,2,A,0.0,1.0,A,10.0,10.0,1.0,4.0,14.0,16.0,6.0,2.0,4.0,2.0,0.0,0.0
2019/20,2019-12-26,Leeds,Preston,1,1,D,0.0,1.0,A,17.0,12.0,4.0,2.0,11.0,22.0,12.0,4.0,3.0,4.0,0.0,0.0
2019/20,2019-12-26,Luton,Fulham,3,3,D,2.0,1.0,H,10.0,19.0,3.0,12.0,9.0,11.0,6.0,8.0,0.0,0.0,0.0,0.0
2019/20,2019-12-26,Middlesbrough,Huddersfield,1,0,H,1.0,0.0,H,14.0,8.0,3.0,3.0,12.0,7.0,5.0,4.0,3.0,4.0,0.0,0.0
2019/20,2019-12-26,Reading,QPR,1,0,H,0.0,0.0,D,13.0,16.0,4.0,4.0,11.0,15.0,7.0,6.0,1.0,0.0,0.0,0.0
2019/20,2019-12-26,Stoke,Sheffield Weds,3,2,H,1.0,0.0,H,17.0,4.0,8.0,3.0,6.0,25.0,8.0,2.0,0.0,2.0,0.0,0.0
2019/20,2019-12-26,Wigan,Derby,1,1,D,0.0,0.0,D,11.0,7.0,4.0,3.0,12.0,22.0,10.0,2.0,1.0,3.0,0.0,0.0
2019/20,2019-12-29,Birmingham,Leeds,4,5,A,1.0,2.0,A,15.0,11.0,4.0,5.0,10.0,11.0,7.0,9.0,5.0,3.0,0.0,0.0
2019/20,2019-12-29,Bristol City,Luton,3,0,H,2.0,0.0,H,14.0,9.0,8.0,1.0,13.0,17.0,5.0,4.0,1.0,4.0,0.0,0.0
2019/20,2019-12-29,Fulham,Stoke,1,0,H,1.0,0.0,H,10.0,11.0,5.0,6.0,11.0,14.0,5.0,3.0,2.0,3.0,0.0,0.0
2019/20,2019-12-29,Huddersfield,Blackburn,2,1,H,1.0,1.0,D,17.0,10.0,4.0,3.0,15.0,13.0,7.0,3.0,2.0,1.0,0.0,0.0
2019/20,2019-12-29,Millwall,Brentford,1,0,H,1.0,0.0,H,8.0,6.0,2.0,2.0,9.0,8.0,4.0,5.0,3.0,1.0,0.0,0.0
2019/20,2019-12-29,Nott'm Forest,Wigan,1,0,H,0.0,0.0,D,9.0,14.0,2.0,4.0,15.0,14.0,2.0,13.0,0.0,2.0,0.0,0.0
2019/20,2019-12-29,Preston,Reading,0,2,A,0.0,2.0,A,21.0,12.0,5.0,3.0,12.0,5.0,8.0,1.0,0.0,0.0,0.0,0.0
2019/20,2019-12-29,QPR,Hull,1,2,A,1.0,1.0,D,13.0,5.0,4.0,3.0,10.0,15.0,7.0,0.0,0.0,2.0,0.0,0.0
2019/20,2019-12-29,Sheffield Weds,Cardiff,1,2,A,1.0,2.0,A,18.0,9.0,3.0,3.0,10.0,13.0,8.0,0.0,1.0,2.0,0.0,0.0
2019/20,2019-12-29,Swansea,Barnsley,0,0,D,0.0,0.0,D,11.0,12.0,5.0,1.0,17.0,12.0,7.0,3.0,1.0,4.0,0.0,0.0
2019/20,2019-12-29,West Brom,Middlesbrough,0,2,A,0.0,1.0,A,11.0,15.0,5.0,10.0,16.0,12.0,5.0,12.0,4.0,3.0,0.0,0.0
2019/20,2019-12-30,Derby,Charlton,2,1,H,1.0,0.0,H,12.0,11.0,7.0,5.0,5.0,21.0,5.0,2.0,1.0,5.0,1.0,0.0
2019/20,2020-01-01,Birmingham,Wigan,2,3,A,1.0,1.0,D,13.0,10.0,5.0,7.0,17.0,13.0,3.0,11.0,0.0,2.0,0.0,0.0
2019/20,2020-01-01,Bristol City,Brentford,0,4,A,0.0,2.0,A,6.0,16.0,2.0,8.0,6.0,13.0,2.0,5.0,2.0,2.0,1.0,0.0
2019/20,2020-01-01,Fulham,Reading,1,2,A,0.0,1.0,A,20.0,11.0,6.0,3.0,15.0,11.0,9.0,2.0,4.0,3.0,0.0,0.0
2019/20,2020-01-01,Huddersfield,Stoke,2,5,A,0.0,1.0,A,6.0,15.0,3.0,6.0,10.0,19.0,5.0,5.0,5.0,2.0,0.0,0.0
2019/20,2020-01-01,Millwall,Luton,3,1,H,0.0,1.0,A,20.0,6.0,7.0,4.0,10.0,13.0,5.0,1.0,0.0,0.0,0.0,0.0
2019/20,2020-01-01,Nott'm Forest,Blackburn,3,2,H,2.0,1.0,H,10.0,11.0,5.0,3.0,17.0,9.0,6.0,5.0,1.0,1.0,0.0,0.0
2019/20,2020-01-01,Preston,Middlesbrough,0,2,A,0.0,1.0,A,11.0,18.0,2.0,5.0,4.0,18.0,6.0,3.0,0.0,2.0,0.0,0.0
2019/20,2020-01-01,QPR,Cardiff,6,1,H,3.0,0.0,H,14.0,12.0,7.0,2.0,9.0,10.0,4.0,10.0,2.0,1.0,0.0,0.0
2019/20,2020-01-01,Sheffield Weds,Hull,0,1,A,0.0,0.0,D,12.0,9.0,5.0,3.0,14.0,15.0,1.0,2.0,2.0,1.0,0.0,0.0
2019/20,2020-01-01,West Brom,Leeds,1,1,D,1.0,0.0,H,13.0,10.0,6.0,2.0,18.0,13.0,8.0,9.0,2.0,3.0,0.0,0.0
2019/20,2020-01-02,Derby,Barnsley,2,1,H,1.0,0.0,H,15.0,14.0,4.0,4.0,8.0,11.0,5.0,6.0,1.0,0.0,0.0,0.0
2019/20,2020-01-02,Swansea,Charlton,1,0,H,1.0,0.0,H,14.0,7.0,3.0,5.0,8.0,9.0,7.0,5.0,1.0,3.0,0.0,0.0
2019/20,2020-01-11,Barnsley,Huddersfield,2,1,H,1.0,0.0,H,7.0,10.0,2.0,2.0,13.0,22.0,4.0,4.0,2.0,5.0,0.0,0.0
2019/20,2020-01-11,Blackburn,Preston,1,1,D,1.0,1.0,D,14.0,9.0,4.0,2.0,10.0,12.0,6.0,2.0,2.0,0.0,0.0,0.0
2019/20,2020-01-11,Brentford,QPR,3,1,H,3.0,0.0,H,14.0,4.0,6.0,2.0,8.0,17.0,8.0,0.0,0.0,5.0,0.0,0.0
2019/20,2020-01-11,Charlton,West Brom,2,2,D,1.0,1.0,D,7.0,19.0,2.0,5.0,10.0,14.0,5.0,5.0,2.0,6.0,0.0,0.0
2019/20,2020-01-11,Hull,Fulham,0,1,A,0.0,1.0,A,9.0,4.0,2.0,1.0,12.0,10.0,2.0,2.0,1.0,4.0,0.0,0.0
2019/20,2020-01-11,Leeds,Sheffield Weds,0,2,A,0.0,0.0,D,14.0,10.0,5.0,2.0,8.0,16.0,7.0,5.0,1.0,2.0,0.0,0.0
2019/20,2020-01-11,Luton,Birmingham,1,2,A,0.0,1.0,A,9.0,10.0,2.0,7.0,7.0,20.0,5.0,5.0,1.0,3.0,0.0,1.0
2019/20,2020-01-11,Middlesbrough,Derby,2,2,D,1.0,0.0,H,15.0,7.0,5.0,3.0,11.0,13.0,5.0,2.0,1.0,2.0,0.0,0.0
2019/20,2020-01-11,Reading,Nott'm Forest,1,1,D,0.0,0.0,D,17.0,13.0,3.0,3.0,10.0,19.0,10.0,9.0,4.0,2.0,0.0,0.0
2019/20,2020-01-11,Stoke,Millwall,0,0,D,0.0,0.0,D,9.0,5.0,2.0,3.0,9.0,10.0,6.0,3.0,1.0,1.0,0.0,1.0
2019/20,2020-01-11,Wigan,Bristol City,0,2,A,0.0,0.0,D,17.0,6.0,7.0,3.0,9.0,10.0,5.0,6.0,1.0,1.0,0.0,0.0
2019/20,2020-01-12,Cardiff,Swansea,0,0,D,0.0,0.0,D,14.0,12.0,3.0,1.0,16.0,11.0,4.0,8.0,4.0,2.0,0.0,0.0
2019/20,2020-01-17,Fulham,Middlesbrough,1,0,H,1.0,0.0,H,17.0,8.0,6.0,0.0,10.0,6.0,3.0,8.0,1.0,1.0,0.0,0.0
2019/20,2020-01-18,Birmingham,Cardiff,1,1,D,1.0,0.0,H,14.0,6.0,3.0,2.0,11.0,10.0,8.0,6.0,1.0,3.0,0.0,0.0
2019/20,2020-01-18,Bristol City,Barnsley,1,0,H,0.0,0.0,D,10.0,16.0,2.0,3.0,8.0,14.0,9.0,5.0,1.0,2.0,0.0,0.0
2019/20,2020-01-18,Derby,Hull,1,0,H,0.0,0.0,D,12.0,9.0,2.0,1.0,12.0,12.0,5.0,5.0,3.0,0.0,0.0,0.0
2019/20,2020-01-18,Huddersfield,Brentford,0,0,D,0.0,0.0,D,6.0,11.0,1.0,3.0,12.0,8.0,6.0,4.0,1.0,0.0,0.0,0.0
2019/20,2020-01-18,Millwall,Reading,2,0,H,0.0,0.0,D,22.0,8.0,8.0,0.0,12.0,9.0,10.0,1.0,1.0,3.0,0.0,0.0
2019/20,2020-01-18,Preston,Charlton,2,1,H,1.0,1.0,D,14.0,6.0,8.0,2.0,7.0,6.0,3.0,4.0,1.0,0.0,0.0,0.0
2019/20,2020-01-18,QPR,Leeds,1,0,H,1.0,0.0,H,9.0,17.0,2.0,3.0,17.0,11.0,4.0,11.0,4.0,3.0,0.0,1.0
2019/20,2020-01-18,Sheffield Weds,Blackburn,0,5,A,0.0,3.0,A,4.0,15.0,1.0,9.0,14.0,11.0,1.0,5.0,1.0,1.0,1.0,0.0
2019/20,2020-01-18,Swansea,Wigan,2,1,H,1.0,1.0,D,13.0,12.0,3.0,2.0,8.0,14.0,6.0,5.0,0.0,1.0,0.0,0.0
2019/20,2020-01-19,Nott'm Forest,Luton,3,1,H,1.0,1.0,D,22.0,8.0,5.0,2.0,11.0,19.0,12.0,2.0,0.0,3.0,0.0,0.0
2019/20,2020-01-20,West Brom,Stoke,0,1,A,0.0,1.0,A,16.0,4.0,2.0,2.0,10.0,18.0,7.0,1.0,1.0,3.0,0.0,0.0
2019/20,2020-01-21,Barnsley,Preston,0,3,A,0.0,3.0,A,10.0,14.0,3.0,3.0,17.0,10.0,7.0,1.0,1.0,1.0,0.0,0.0
2019/20,2020-01-21,Middlesbrough,Birmingham,1,1,D,0.0,1.0,A,16.0,11.0,2.0,4.0,10.0,11.0,7.0,5.0,0.0,1.0,0.0,0.0
2019/20,2020-01-22,Charlton,Fulham,0,0,D,0.0,0.0,D,4.0,11.0,1.0,4.0,7.0,13.0,6.0,6.0,1.0,1.0,0.0,0.0
2019/20,2020-01-22,Nott'm Forest,Reading,1,1,D,0.0,0.0,D,15.0,12.0,4.0,4.0,11.0,12.0,5.0,4.0,1.0,2.0,0.0,0.0
2019/20,2020-01-25,Stoke,Swansea,2,0,H,0.0,0.0,D,16.0,11.0,5.0,3.0,11.0,7.0,1.0,11.0,0.0,2.0,0.0,0.0
2019/20,2020-01-28,Blackburn,QPR,2,1,H,2.0,1.0,H,12.0,9.0,6.0,4.0,7.0,10.0,6.0,2.0,1.0,3.0,0.0,0.0
2019/20,2020-01-28,Brentford,Nott'm Forest,0,1,A,0.0,1.0,A,13.0,8.0,3.0,2.0,12.0,11.0,10.0,6.0,1.0,1.0,0.0,0.0
2019/20,2020-01-28,Cardiff,West Brom,2,1,H,0.0,0.0,D,10.0,16.0,5.0,3.0,16.0,11.0,1.0,7.0,1.0,0.0,0.0,0.0
2019/20,2020-01-28,Hull,Huddersfield,1,2,A,0.0,1.0,A,20.0,14.0,5.0,4.0,8.0,10.0,8.0,7.0,0.0,1.0,0.0,0.0
2019/20,2020-01-28,Leeds,Millwall,3,2,H,0.0,2.0,A,28.0,11.0,11.0,5.0,12.0,10.0,7.0,3.0,2.0,1.0,0.0,0.0
2019/20,2020-01-28,Luton,Derby,3,2,H,0.0,0.0,D,8.0,15.0,5.0,4.0,7.0,18.0,10.0,3.0,1.0,4.0,0.0,1.0
2019/20,2020-01-28,Reading,Bristol City,0,1,A,0.0,0.0,D,16.0,11.0,5.0,3.0,9.0,10.0,10.0,3.0,1.0,3.0,0.0,0.0
2019/20,2020-01-28,Wigan,Sheffield Weds,2,1,H,0.0,1.0,A,17.0,9.0,5.0,4.0,8.0,15.0,7.0,3.0,0.0,0.0,0.0,0.0
2019/20,2020-01-31,Cardiff,Reading,1,1,D,0.0,1.0,A,18.0,8.0,4.0,2.0,17.0,13.0,8.0,5.0,3.0,2.0,0.0,0.0
2019/20,2020-01-31,Derby,Stoke,4,0,H,2.0,0.0,H,10.0,7.0,5.0,1.0,15.0,16.0,1.0,7.0,2.0,2.0,0.0,0.0
2019/20,2020-02-01,Birmingham,Nott'm Forest,2,1,H,1.0,1.0,D,13.0,12.0,4.0,3.0,14.0,9.0,5.0,5.0,1.0,1.0,0.0,0.0
2019/20,2020-02-01,Charlton,Barnsley,2,1,H,2.0,0.0,H,8.0,16.0,4.0,6.0,9.0,15.0,6.0,6.0,1.0,4.0,0.0,0.0
2019/20,2020-02-01,Fulham,Huddersfield,3,2,H,3.0,2.0,H,10.0,12.0,3.0,8.0,12.0,10.0,2.0,6.0,4.0,1.0,0.0,0.0
2019/20,2020-02-01,Hull,Brentford,1,5,A,1.0,2.0,A,9.0,15.0,1.0,11.0,7.0,9.0,2.0,5.0,0.0,1.0,0.0,0.0
2019/20,2020-02-01,Leeds,Wigan,0,1,A,0.0,0.0,D,18.0,5.0,5.0,2.0,10.0,15.0,13.0,6.0,0.0,2.0,0.0,0.0
2019/20,2020-02-01,Middlesbrough,Blackburn,1,1,D,0.0,0.0,D,18.0,7.0,6.0,2.0,12.0,12.0,6.0,2.0,0.0,2.0,0.0,0.0
2019/20,2020-02-01,Preston,Swansea,1,1,D,1.0,1.0,D,10.0,11.0,2.0,3.0,15.0,15.0,3.0,3.0,1.0,3.0,0.0,0.0
2019/20,2020-02-01,QPR,Bristol City,0,1,A,0.0,1.0,A,18.0,11.0,1.0,5.0,11.0,12.0,10.0,5.0,0.0,0.0,0.0,0.0
2019/20,2020-02-01,Sheffield Weds,Millwall,0,0,D,0.0,0.0,D,15.0,7.0,2.0,2.0,20.0,13.0,6.0,2.0,4.0,3.0,0.0,0.0
2019/20,2020-02-01,West Brom,Luton,2,0,H,1.0,0.0,H,16.0,6.0,6.0,0.0,13.0,9.0,11.0,5.0,0.0,1.0,0.0,0.0
2019/20,2020-02-07,Bristol City,Birmingham,1,3,A,1.0,2.0,A,13.0,9.0,2.0,3.0,8.0,13.0,6.0,4.0,0.0,0.0,0.0,0.0
2019/20,2020-02-08,Barnsley,Sheffield Weds,1,1,D,1.0,1.0,D,12.0,6.0,4.0,2.0,7.0,19.0,6.0,6.0,1.0,2.0,0.0,0.0
2019/20,2020-02-08,Blackburn,Fulham,0,1,A,0.0,0.0,D,4.0,11.0,1.0,4.0,8.0,14.0,4.0,6.0,0.0,1.0,0.0,0.0
2019/20,2020-02-08,Brentford,Middlesbrough,3,2,H,1.0,0.0,H,14.0,10.0,5.0,5.0,11.0,12.0,7.0,4.0,0.0,1.0,0.0,0.0
2019/20,2020-02-08,Huddersfield,QPR,2,0,H,0.0,0.0,D,16.0,8.0,7.0,2.0,15.0,15.0,4.0,3.0,0.0,3.0,0.0,0.0
2019/20,2020-02-08,Luton,Cardiff,0,1,A,0.0,0.0,D,10.0,15.0,2.0,2.0,9.0,14.0,4.0,7.0,0.0,1.0,0.0,0.0
2019/20,2020-02-08,Nott'm Forest,Leeds,2,0,H,1.0,0.0,H,14.0,13.0,6.0,1.0,11.0,14.0,3.0,8.0,3.0,3.0,0.0,0.0
2019/20,2020-02-08,Reading,Hull,1,1,D,0.0,0.0,D,19.0,14.0,5.0,7.0,8.0,12.0,3.0,4.0,1.0,3.0,0.0,0.0
2019/20,2020-02-08,Stoke,Charlton,3,1,H,1.0,1.0,D,13.0,5.0,6.0,2.0,22.0,15.0,8.0,4.0,0.0,5.0,0.0,0.0
2019/20,2020-02-08,Swansea,Derby,2,3,A,0.0,1.0,A,16.0,8.0,7.0,4.0,7.0,16.0,3.0,2.0,1.0,4.0,0.0,0.0
2019/20,2020-02-08,Wigan,Preston,1,2,A,0.0,1.0,A,12.0,15.0,4.0,4.0,13.0,10.0,11.0,8.0,1.0,3.0,0.0,0.0
2019/20,2020-02-09,Millwall,West Brom,0,2,A,0.0,1.0,A,7.0,29.0,3.0,6.0,11.0,14.0,4.0,9.0,2.0,2.0,0.0,0.0
2019/20,2020-02-11,Barnsley,Birmingham,0,1,A,0.0,0.0,D,9.0,11.0,4.0,2.0,8.0,8.0,3.0,5.0,1.0,1.0,0.0,0.0
2019/20,2020-02-11,Blackburn,Hull,3,0,H,0.0,0.0,D,26.0,10.0,11.0,0.0,9.0,11.0,7.0,3.0,1.0,2.0,0.0,0.0
2019/20,2020-02-11,Brentford,Leeds,1,1,D,1.0,1.0,D,7.0,13.0,2.0,6.0,8.0,8.0,3.0,10.0,0.0,0.0,0.0,0.0
2019/20,2020-02-11,Nott'm Forest,Charlton,0,1,A,0.0,1.0,A,17.0,11.0,2.0,3.0,8.0,13.0,6.0,5.0,2.0,4.0,0.0,0.0
2019/20,2020-02-11,Swansea,QPR,0,0,D,0.0,0.0,D,8.0,16.0,0.0,4.0,17.0,12.0,4.0,3.0,1.0,2.0,0.0,0.0
2019/20,2020-02-11,Wigan,Middlesbrough,2,2,D,1.0,0.0,H,6.0,9.0,4.0,2.0,16.0,13.0,3.0,6.0,5.0,3.0,1.0,0.0
2019/20,2020-02-12,Bristol City,Derby,3,2,H,2.0,0.0,H,16.0,11.0,5.0,4.0,11.0,11.0,9.0,6.0,0.0,1.0,0.0,0.0
2019/20,2020-02-12,Huddersfield,Cardiff,0,3,A,0.0,2.0,A,19.0,11.0,4.0,6.0,9.0,10.0,5.0,6.0,1.0,2.0,0.0,0.0
2019/20,2020-02-12,Luton,Sheffield Weds,1,0,H,1.0,0.0,H,10.0,14.0,4.0,2.0,14.0,16.0,5.0,3.0,3.0,1.0,0.0,0.0
2019/20,2020-02-12,Millwall,Fulham,1,1,D,1.0,1.0,D,9.0,9.0,2.0,2.0,9.0,12.0,4.0,3.0,1.0,2.0,0.0,0.0
2019/20,2020-02-12,Reading,West Brom,1,2,A,1.0,1.0,D,11.0,26.0,1.0,7.0,13.0,15.0,8.0,4.0,2.0,2.0,0.0,0.0
2019/20,2020-02-12,Stoke,Preston,0,2,A,0.0,0.0,D,14.0,4.0,5.0,3.0,11.0,14.0,7.0,4.0,3.0,2.0,0.0,0.0
2019/20,2020-02-14,Hull,Swansea,4,4,D,1.0,1.0,D,11.0,20.0,4.0,6.0,10.0,10.0,3.0,8.0,0.0,3.0,0.0,0.0
2019/20,2020-02-15,Birmingham,Brentford,1,1,D,1.0,1.0,D,11.0,12.0,4.0,4.0,8.0,9.0,3.0,8.0,2.0,3.0,0.0,0.0
2019/20,2020-02-15,Cardiff,Wigan,2,2,D,1.0,2.0,A,15.0,11.0,5.0,4.0,18.0,12.0,9.0,8.0,3.0,3.0,0.0,0.0
2019/20,2020-02-15,Charlton,Blackburn,0,2,A,0.0,2.0,A,9.0,14.0,7.0,5.0,15.0,12.0,4.0,4.0,0.0,3.0,0.0,0.0
2019/20,2020-02-15,Derby,Huddersfield,1,1,D,0.0,0.0,D,10.0,10.0,7.0,3.0,10.0,8.0,4.0,5.0,3.0,0.0,0.0,0.0
2019/20,2020-02-15,Fulham,Barnsley,0,3,A,0.0,1.0,A,21.0,14.0,8.0,6.0,9.0,17.0,10.0,3.0,1.0,1.0,0.0,0.0
2019/20,2020-02-15,Leeds,Bristol City,1,0,H,1.0,0.0,H,21.0,3.0,6.0,1.0,13.0,14.0,12.0,0.0,2.0,2.0,0.0,0.0
2019/20,2020-02-15,Middlesbrough,Luton,0,1,A,0.0,1.0,A,7.0,10.0,0.0,1.0,9.0,14.0,8.0,9.0,1.0,4.0,0.0,0.0
2019/20,2020-02-15,Preston,Millwall,0,1,A,0.0,0.0,D,10.0,16.0,3.0,6.0,5.0,11.0,1.0,8.0,3.0,0.0,0.0,0.0
2019/20,2020-02-15,QPR,Stoke,4,2,H,2.0,2.0,D,13.0,15.0,9.0,4.0,11.0,11.0,8.0,5.0,4.0,2.0,0.0,0.0
2019/20,2020-02-15,Sheffield Weds,Reading,0,3,A,0.0,1.0,A,10.0,9.0,3.0,5.0,21.0,12.0,5.0,3.0,0.0,2.0,1.0,0.0
2019/20,2020-02-15,West Brom,Nott'm Forest,2,2,D,1.0,1.0,D,18.0,8.0,9.0,1.0,8.0,11.0,8.0,0.0,1.0,3.0,0.0,0.0
2019/20,2020-02-21,Derby,Fulham,1,1,D,0.0,0.0,D,14.0,17.0,7.0,5.0,12.0,11.0,11.0,4.0,0.0,1.0,0.0,0.0
2019/20,2020-02-22,Barnsley,Middlesbrough,1,0,H,0.0,0.0,D,18.0,5.0,4.0,0.0,8.0,7.0,6.0,2.0,2.0,0.0,0.0,0.0
2019/20,2020-02-22,Birmingham,Sheffield Weds,3,3,D,2.0,2.0,D,11.0,10.0,4.0,5.0,13.0,15.0,4.0,3.0,1.0,5.0,0.0,0.0
2019/20,2020-02-22,Brentford,Blackburn,2,2,D,0.0,1.0,A,20.0,11.0,9.0,6.0,12.0,10.0,7.0,1.0,1.0,0.0,0.0,0.0
2019/20,2020-02-22,Bristol City,West Brom,0,3,A,0.0,2.0,A,7.0,17.0,1.0,8.0,14.0,13.0,3.0,7.0,2.0,1.0,0.0,1.0
2019/20,2020-02-22,Charlton,Luton,3,1,H,1.0,1.0,D,12.0,9.0,3.0,2.0,10.0,8.0,6.0,5.0,2.0,1.0,0.0,0.0
2019/20,2020-02-22,Leeds,Reading,1,0,H,0.0,0.0,D,18.0,8.0,5.0,2.0,12.0,10.0,6.0,3.0,1.0,2.0,0.0,0.0
2019/20,2020-02-22,Nott'm Forest,QPR,0,0,D,0.0,0.0,D,12.0,6.0,2.0,3.0,11.0,17.0,10.0,2.0,1.0,3.0,0.0,0.0
2019/20,2020-02-22,Preston,Hull,2,1,H,0.0,1.0,A,12.0,7.0,4.0,3.0,8.0,14.0,2.0,6.0,1.0,3.0,0.0,0.0
2019/20,2020-02-22,Stoke,Cardiff,2,0,H,1.0,0.0,H,10.0,10.0,5.0,2.0,10.0,7.0,4.0,7.0,1.0,1.0,0.0,0.0
2019/20,2020-02-22,Swansea,Huddersfield,3,1,H,1.0,0.0,H,15.0,7.0,6.0,4.0,11.0,12.0,5.0,5.0,1.0,1.0,0.0,0.0
2019/20,2020-02-22,Wigan,Millwall,1,0,H,0.0,0.0,D,16.0,11.0,2.0,1.0,10.0,14.0,6.0,5.0,1.0,3.0,0.0,0.0
2019/20,2020-02-25,Cardiff,Nott'm Forest,0,1,A,0.0,0.0,D,18.0,17.0,4.0,4.0,14.0,14.0,4.0,5.0,1.0,2.0,0.0,0.0
2019/20,2020-02-25,Huddersfield,Bristol City,2,1,H,1.0,0.0,H,20.0,8.0,6.0,3.0,7.0,12.0,2.0,2.0,2.0,4.0,0.0,0.0
2019/20,2020-02-25,Luton,Brentford,2,1,H,2.0,0.0,H,10.0,19.0,3.0,7.0,14.0,9.0,2.0,11.0,2.0,1.0,0.0,0.0
2019/20,2020-02-25,QPR,Derby,2,1,H,1.0,1.0,D,15.0,15.0,6.0,4.0,12.0,9.0,4.0,9.0,3.0,1.0,0.0,0.0
2019/20,2020-02-25,West Brom,Preston,2,0,H,2.0,0.0,H,21.0,5.0,9.0,0.0,8.0,11.0,7.0,2.0,0.0,0.0,0.0,1.0
2019/20,2020-02-26,Blackburn,Stoke,0,0,D,0.0,0.0,D,16.0,11.0,6.0,2.0,10.0,17.0,4.0,3.0,2.0,2.0,0.0,0.0
2019/20,2020-02-26,Fulham,Swansea,1,0,H,0.0,0.0,D,15.0,6.0,6.0,2.0,6.0,13.0,11.0,4.0,0.0,4.0,0.0,0.0
2019/20,2020-02-26,Hull,Barnsley,0,1,A,0.0,1.0,A,12.0,22.0,3.0,6.0,11.0,12.0,4.0,9.0,1.0,1.0,0.0,0.0
2019/20,2020-02-26,Middlesbrough,Leeds,0,1,A,0.0,1.0,A,14.0,12.0,2.0,8.0,14.0,11.0,3.0,6.0,3.0,0.0,0.0,0.0
2019/20,2020-02-26,Millwall,Birmingham,0,0,D,0.0,0.0,D,12.0,8.0,3.0,0.0,7.0,13.0,14.0,2.0,1.0,0.0,0.0,0.0
2019/20,2020-02-26,Reading,Wigan,0,3,A,0.0,1.0,A,10.0,17.0,4.0,10.0,12.0,12.0,5.0,8.0,3.0,1.0,0.0,0.0
2019/20,2020-02-26,Sheffield Weds,Charlton,1,0,H,0.0,0.0,D,24.0,6.0,8.0,1.0,17.0,18.0,12.0,3.0,2.0,3.0,0.0,0.0
2019/20,2020-02-29,Blackburn,Swansea,2,2,D,1.0,1.0,D,16.0,9.0,5.0,3.0,17.0,13.0,2.0,1.0,3.0,5.0,0.0,0.0
2019/20,2020-02-29,Cardiff,Brentford,2,2,D,2.0,2.0,D,11.0,10.0,6.0,5.0,14.0,6.0,2.0,7.0,4.0,1.0,0.0,0.0
2019/20,2020-02-29,Fulham,Preston,2,0,H,0.0,0.0,D,15.0,8.0,4.0,2.0,11.0,6.0,7.0,3.0,0.0,0.0,0.0,0.0
2019/20,2020-02-29,Huddersfield,Charlton,4,0,H,1.0,0.0,H,20.0,10.0,8.0,2.0,15.0,13.0,5.0,4.0,1.0,2.0,0.0,0.0
2019/20,2020-02-29,Hull,Leeds,0,4,A,0.0,1.0,A,8.0,17.0,2.0,8.0,13.0,13.0,5.0,11.0,2.0,1.0,0.0,0.0
2019/20,2020-02-29,Luton,Stoke,1,1,D,0.0,1.0,A,9.0,9.0,3.0,4.0,11.0,9.0,4.0,6.0,1.0,1.0,0.0,0.0
2019/20,2020-02-29,Millwall,Bristol City,1,1,D,0.0,1.0,A,12.0,3.0,4.0,1.0,14.0,16.0,5.0,7.0,1.0,0.0,0.0,0.0
2019/20,2020-02-29,QPR,Birmingham,2,2,D,0.0,1.0,A,14.0,13.0,6.0,4.0,6.0,15.0,6.0,3.0,0.0,0.0,0.0,0.0
2019/20,2020-02-29,Reading,Barnsley,2,0,H,1.0,0.0,H,7.0,23.0,4.0,6.0,11.0,15.0,2.0,4.0,1.0,3.0,0.0,0.0
2019/20,2020-02-29,Sheffield Weds,Derby,1,3,A,0.0,3.0,A,15.0,13.0,4.0,5.0,14.0,8.0,9.0,3.0,2.0,1.0,0.0,0.0
2019/20,2020-02-29,West Brom,Wigan,0,1,A,0.0,0.0,D,9.0,13.0,3.0,5.0,10.0,6.0,6.0,7.0,2.0,1.0,0.0,0.0
2019/20,2020-03-02,Middlesbrough,Nott'm Forest,2,2,D,2.0,1.0,H,14.0,16.0,4.0,2.0,13.0,11.0,4.0,11.0,1.0,1.0,0.0,0.0
2019/20,2020-03-06,Nott'm Forest,Millwall,0,3,A,0.0,3.0,A,18.0,13.0,4.0,4.0,7.0,7.0,9.0,5.0,1.0,1.0,0.0,0.0
2019/20,2020-03-07,Barnsley,Cardiff,0,2,A,0.0,0.0,D,6.0,13.0,0.0,7.0,10.0,16.0,3.0,8.0,0.0,0.0,0.0,0.0
2019/20,2020-03-07,Birmingham,Reading,1,3,A,1.0,0.0,H,18.0,9.0,4.0,4.0,14.0,7.0,4.0,2.0,2.0,1.0,0.0,0.0
2019/20,2020-03-07,Brentford,Sheffield Weds,5,0,H,3.0,0.0,H,12.0,8.0,6.0,3.0,8.0,11.0,4.0,7.0,0.0,2.0,0.0,0.0
2019/20,2020-03-07,Bristol City,Fulham,1,1,D,0.0,0.0,D,14.0,19.0,8.0,5.0,8.0,13.0,3.0,7.0,2.0,2.0,0.0,0.0
2019/20,2020-03-07,Charlton,Middlesbrough,0,1,A,0.0,1.0,A,13.0,23.0,3.0,4.0,9.0,10.0,3.0,9.0,2.0,1.0,0.0,0.0
2019/20,2020-03-07,Leeds,Huddersfield,2,0,H,1.0,0.0,H,16.0,6.0,5.0,2.0,13.0,18.0,2.0,3.0,3.0,3.0,0.0,0.0
2019/20,2020-03-07,Preston,QPR,1,3,A,1.0,0.0,H,10.0,10.0,2.0,3.0,16.0,12.0,5.0,2.0,2.0,1.0,0.0,1.0
2019/20,2020-03-07,Stoke,Hull,5,1,H,3.0,0.0,H,16.0,5.0,7.0,1.0,8.0,17.0,4.0,3.0,0.0,2.0,0.0,0.0
2019/20,2020-03-07,Swansea,West Brom,0,0,D,0.0,0.0,D,9.0,10.0,2.0,1.0,9.0,18.0,3.0,4.0,1.0,2.0,0.0,0.0
2019/20,2020-03-07,Wigan,Luton,0,0,D,0.0,0.0,D,12.0,3.0,2.0,1.0,11.0,13.0,6.0,3.0,1.0,2.0,0.0,0.0
2019/20,2020-03-08,Derby,Blackburn,3,0,H,2.0,0.0,H,16.0,11.0,11.0,3.0,12.0,14.0,3.0,6.0,2.0,3.0,0.0,1.0
2019/20,2020-06-20,Blackburn,Bristol City,3,1,H,1.0,1.0,D,9.0,7.0,4.0,1.0,14.0,21.0,2.0,1.0,2.0,2.0,0.0,0.0
2019/20,2020-06-20,Fulham,Brentford,0,2,A,0.0,0.0,D,9.0,13.0,4.0,5.0,11.0,12.0,2.0,5.0,1.0,1.0,0.0,0.0
2019/20,2020-06-20,Huddersfield,Wigan,0,2,A,0.0,1.0,A,9.0,9.0,1.0,5.0,16.0,17.0,3.0,2.0,2.0,1.0,0.0,0.0
2019/20,2020-06-20,Hull,Charlton,0,1,A,0.0,1.0,A,12.0,10.0,3.0,2.0,13.0,20.0,9.0,3.0,1.0,0.0,0.0,0.0
2019/20,2020-06-20,Luton,Preston,1,1,D,0.0,0.0,D,5.0,12.0,1.0,4.0,9.0,7.0,5.0,7.0,1.0,0.0,0.0,0.0
2019/20,2020-06-20,Middlesbrough,Swansea,0,3,A,0.0,3.0,A,17.0,13.0,1.0,3.0,15.0,13.0,10.0,0.0,2.0,1.0,0.0,0.0
2019/20,2020-06-20,Millwall,Derby,2,3,A,1.0,1.0,D,12.0,12.0,4.0,5.0,10.0,8.0,6.0,3.0,0.0,2.0,0.0,0.0
2019/20,2020-06-20,QPR,Barnsley,0,1,A,0.0,1.0,A,8.0,10.0,2.0,2.0,11.0,18.0,2.0,6.0,0.0,1.0,0.0,0.0
2019/20,2020-06-20,Reading,Stoke,1,1,D,1.0,0.0,H,7.0,10.0,3.0,3.0,11.0,13.0,4.0,5.0,0.0,1.0,0.0,0.0
2019/20,2020-06-20,Sheffield Weds,Nott'm Forest,1,1,D,0.0,0.0,D,13.0,10.0,3.0,3.0,17.0,15.0,7.0,4.0,3.0,3.0,0.0,0.0
2019/20,2020-06-20,West Brom,Birmingham,0,0,D,0.0,0.0,D,20.0,7.0,2.0,2.0,11.0,11.0,12.0,3.0,1.0,3.0,0.0,0.0
2019/20,2020-06-21,Cardiff,Leeds,2,0,H,1.0,0.0,H,7.0,13.0,2.0,3.0,17.0,12.0,2.0,10.0,2.0,4.0,0.0,0.0
2019/20,2020-06-26,Brentford,West Brom,1,0,H,1.0,0.0,H,9.0,12.0,2.0,2.0,18.0,14.0,3.0,2.0,2.0,1.0,0.0,0.0
2019/20,2020-06-27,Barnsley,Millwall,0,0,D,0.0,0.0,D,9.0,9.0,5.0,1.0,12.0,16.0,4.0,8.0,2.0,2.0,0.0,0.0
2019/20,2020-06-27,Birmingham,Hull,3,3,D,0.0,2.0,A,14.0,12.0,4.0,3.0,12.0,10.0,4.0,5.0,3.0,0.0,0.0,0.0
2019/20,2020-06-27,Charlton,QPR,1,0,H,1.0,0.0,H,12.0,6.0,5.0,1.0,11.0,11.0,10.0,1.0,1.0,0.0,0.0,0.0
2019/20,2020-06-27,Derby,Reading,2,1,H,2.0,0.0,H,13.0,12.0,6.0,4.0,13.0,12.0,4.0,8.0,2.0,0.0,1.0,1.0
2019/20,2020-06-27,Leeds,Fulham,3,0,H,1.0,0.0,H,10.0,12.0,5.0,5.0,16.0,15.0,4.0,4.0,2.0,2.0,0.0,1.0
2019/20,2020-06-27,Preston,Cardiff,1,3,A,0.0,0.0,D,14.0,13.0,3.0,6.0,11.0,10.0,3.0,5.0,1.0,2.0,0.0,0.0
2019/20,2020-06-27,Stoke,Middlesbrough,0,2,A,0.0,1.0,A,22.0,8.0,6.0,3.0,16.0,16.0,7.0,7.0,0.0,1.0,0.0,0.0
2019/20,2020-06-27,Swansea,Luton,0,1,A,0.0,0.0,D,10.0,7.0,3.0,2.0,12.0,19.0,6.0,2.0,2.0,3.0,1.0,0.0
2019/20,2020-06-27,Wigan,Blackburn,2,0,H,0.0,0.0,D,13.0,12.0,3.0,3.0,13.0,14.0,3.0,6.0,1.0,0.0,0.0,0.0
2019/20,2020-06-28,Bristol City,Sheffield Weds,1,2,A,0.0,1.0,A,7.0,12.0,3.0,4.0,13.0,17.0,3.0,9.0,1.0,2.0,0.0,0.0
2019/20,2020-06-28,Nott'm Forest,Huddersfield,3,1,H,1.0,0.0,H,14.0,14.0,6.0,4.0,14.0,10.0,3.0,11.0,3.0,0.0,0.0,1.0
2019/20,2020-06-30,Barnsley,Blackburn,2,0,H,0.0,0.0,D,12.0,10.0,5.0,5.0,12.0,12.0,3.0,3.0,1.0,2.0,0.0,1.0
2019/20,2020-06-30,Cardiff,Charlton,0,0,D,0.0,0.0,D,8.0,4.0,1.0,0.0,10.0,8.0,3.0,3.0,1.0,1.0,0.0,0.0
2019/20,2020-06-30,Leeds,Luton,1,1,D,0.0,0.0,D,23.0,3.0,9.0,2.0,9.0,10.0,15.0,1.0,0.0,5.0,0.0,0.0
2019/20,2020-06-30,Millwall,Swansea,1,1,D,1.0,0.0,H,16.0,9.0,2.0,4.0,15.0,8.0,12.0,5.0,2.0,1.0,0.0,0.0
2019/20,2020-06-30,QPR,Fulham,1,2,A,1.0,1.0,D,11.0,14.0,2.0,5.0,8.0,10.0,6.0,6.0,2.0,3.0,0.0,0.0
2019/20,2020-06-30,Reading,Brentford,0,3,A,0.0,1.0,A,5.0,19.0,1.0,9.0,10.0,11.0,3.0,6.0,0.0,1.0,0.0,0.0
2019/20,2020-06-30,Wigan,Stoke,3,0,H,1.0,0.0,H,16.0,7.0,7.0,1.0,11.0,13.0,6.0,4.0,1.0,3.0,0.0,0.0
2019/20,2020-07-01,Birmingham,Huddersfield,0,3,A,0.0,1.0,A,10.0,12.0,2.0,6.0,17.0,20.0,4.0,4.0,0.0,1.0,0.0,0.0
2019/20,2020-07-01,Nott'm Forest,Bristol City,1,0,H,0.0,0.0,D,11.0,8.0,3.0,2.0,12.0,11.0,3.0,8.0,0.0,2.0,0.0,1.0
2019/20,2020-07-01,Preston,Derby,0,1,A,0.0,1.0,A,9.0,8.0,1.0,3.0,10.0,11.0,7.0,5.0,0.0,0.0,0.0,0.0
2019/20,2020-07-01,Sheffield Weds,West Brom,0,3,A,0.0,1.0,A,14.0,9.0,2.0,4.0,8.0,13.0,11.0,4.0,0.0,4.0,0.0,0.0
2019/20,2020-07-02,Hull,Middlesbrough,2,1,H,1.0,1.0,D,8.0,14.0,3.0,3.0,18.0,21.0,0.0,5.0,1.0,1.0,0.0,0.0
2019/20,2020-07-03,Charlton,Millwall,0,1,A,0.0,0.0,D,14.0,12.0,3.0,4.0,13.0,14.0,4.0,9.0,3.0,3.0,0.0,0.0
2019/20,2020-07-04,Blackburn,Leeds,1,3,A,0.0,2.0,A,11.0,17.0,3.0,5.0,18.0,12.0,0.0,4.0,1.0,2.0,0.0,0.0
2019/20,2020-07-04,Brentford,Wigan,3,0,H,1.0,0.0,H,18.0,3.0,6.0,0.0,9.0,14.0,9.0,2.0,0.0,1.0,0.0,1.0
2019/20,2020-07-04,Bristol City,Cardiff,0,1,A,0.0,0.0,D,11.0,13.0,2.0,3.0,9.0,12.0,5.0,6.0,1.0,0.0,0.0,0.0
2019/20,2020-07-04,Derby,Nott'm Forest,1,1,D,0.0,1.0,A,10.0,10.0,3.0,4.0,12.0,7.0,3.0,4.0,1.0,3.0,1.0,0.0
2019/20,2020-07-04,Fulham,Birmingham,1,0,H,0.0,0.0,D,15.0,6.0,5.0,2.0,9.0,18.0,9.0,4.0,2.0,4.0,0.0,0.0
2019/20,2020-07-04,Huddersfield,Preston,0,0,D,0.0,0.0,D,2.0,9.0,1.0,0.0,9.0,14.0,2.0,7.0,0.0,0.0,0.0,0.0
2019/20,2020-07-04,Luton,Reading,0,5,A,0.0,3.0,A,5.0,16.0,1.0,10.0,11.0,13.0,4.0,3.0,0.0,1.0,0.0,0.0
2019/20,2020-07-04,Stoke,Barnsley,4,0,H,3.0,0.0,H,14.0,5.0,7.0,3.0,12.0,15.0,6.0,3.0,2.0,0.0,0.0,0.0
2019/20,2020-07-05,Middlesbrough,QPR,0,1,A,0.0,1.0,A,15.0,10.0,4.0,5.0,14.0,14.0,9.0,7.0,3.0,0.0,0.0,0.0
2019/20,2020-07-05,Swansea,Sheffield Weds,2,1,H,0.0,0.0,D,7.0,10.0,4.0,3.0,12.0,20.0,5.0,8.0,2.0,1.0,0.0,0.0
2019/20,2020-07-05,West Brom,Hull,4,2,H,2.0,1.0,H,22.0,15.0,10.0,4.0,16.0,16.0,11.0,7.0,1.0,1.0,1.0,0.0
2019/20,2020-07-07,Brentford,Charlton,2,1,H,0.0,1.0,A,21.0,6.0,8.0,2.0,10.0,9.0,7.0,1.0,1.0,1.0,0.0,0.0
2019/20,2020-07-07,Cardiff,Blackburn,2,3,A,2.0,1.0,H,12.0,14.0,4.0,4.0,14.0,12.0,2.0,5.0,0.0,1.0,0.0,0.0
2019/20,2020-07-07,Luton,Barnsley,1,1,D,1.0,0.0,H,10.0,21.0,5.0,7.0,12.0,14.0,3.0,11.0,4.0,2.0,0.0,0.0
2019/20,2020-07-07,Nott'm Forest,Fulham,0,1,A,0.0,1.0,A,10.0,9.0,4.0,2.0,16.0,12.0,8.0,6.0,2.0,2.0,0.0,0.0
2019/20,2020-07-07,Reading,Huddersfield,0,0,D,0.0,0.0,D,7.0,11.0,2.0,3.0,14.0,10.0,4.0,2.0,1.0,2.0,0.0,0.0
2019/20,2020-07-08,Birmingham,Swansea,1,3,A,1.0,2.0,A,20.0,10.0,5.0,4.0,16.0,6.0,9.0,4.0,2.0,3.0,0.0,0.0
2019/20,2020-07-08,Bristol City,Hull,2,1,H,1.0,0.0,H,9.0,18.0,5.0,4.0,10.0,20.0,3.0,6.0,0.0,3.0,0.0,0.0
2019/20,2020-07-08,Millwall,Middlesbrough,0,2,A,0.0,0.0,D,10.0,7.0,4.0,3.0,11.0,12.0,8.0,2.0,1.0,3.0,0.0,0.0
2019/20,2020-07-08,Sheffield Weds,Preston,1,3,A,0.0,0.0,D,13.0,14.0,2.0,5.0,15.0,13.0,7.0,2.0,2.0,0.0,0.0,0.0
2019/20,2020-07-08,West Brom,Derby,2,0,H,1.0,0.0,H,18.0,4.0,7.0,0.0,11.0,14.0,8.0,0.0,0.0,4.0,0.0,1.0
2019/20,2020-07-08,Wigan,QPR,1,0,H,1.0,0.0,H,16.0,6.0,6.0,2.0,12.0,9.0,9.0,2.0,1.0,0.0,0.0,0.0
2019/20,2020-07-09,Leeds,Stoke,5,0,H,1.0,0.0,H,19.0,5.0,11.0,0.0,8.0,8.0,7.0,3.0,2.0,2.0,0.0,0.0
2019/20,2020-07-10,Fulham,Cardiff,2,0,H,1.0,0.0,H,14.0,13.0,7.0,1.0,18.0,13.0,3.0,3.0,3.0,1.0,0.0,0.0
2019/20,2020-07-10,Huddersfield,Luton,0,2,A,0.0,0.0,D,11.0,6.0,2.0,2.0,19.0,11.0,6.0,2.0,2.0,1.0,0.0,0.0
2019/20,2020-07-11,Barnsley,Wigan,0,0,D,0.0,0.0,D,13.0,6.0,5.0,0.0,13.0,15.0,5.0,3.0,2.0,3.0,0.0,1.0
2019/20,2020-07-11,Blackburn,West Brom,1,1,D,0.0,1.0,A,7.0,18.0,4.0,8.0,14.0,12.0,3.0,7.0,2.0,2.0,0.0,0.0
2019/20,2020-07-11,Charlton,Reading,0,1,A,0.0,1.0,A,15.0,4.0,2.0,2.0,18.0,22.0,8.0,1.0,4.0,3.0,0.0,0.0
2019/20,2020-07-11,Derby,Brentford,1,3,A,1.0,1.0,D,9.0,17.0,3.0,6.0,9.0,9.0,6.0,3.0,0.0,1.0,0.0,0.0
2019/20,2020-07-11,Hull,Millwall,0,1,A,0.0,1.0,A,12.0,10.0,5.0,2.0,20.0,9.0,2.0,4.0,2.0,0.0,0.0,0.0
2019/20,2020-07-11,Middlesbrough,Bristol City,1,3,A,0.0,2.0,A,14.0,12.0,4.0,6.0,11.0,9.0,9.0,7.0,1.0,0.0,0.0,0.0
2019/20,2020-07-11,Preston,Nott'm Forest,1,1,D,1.0,1.0,D,15.0,8.0,2.0,1.0,18.0,6.0,11.0,2.0,2.0,0.0,0.0,0.0
2019/20,2020-07-11,QPR,Sheffield Weds,0,3,A,0.0,2.0,A,7.0,14.0,1.0,6.0,12.0,12.0,7.0,4.0,1.0,2.0,0.0,0.0
2019/20,2020-07-12,Stoke,Birmingham,2,0,H,2.0,0.0,H,15.0,7.0,5.0,1.0,12.0,11.0,8.0,7.0,1.0,4.0,0.0,0.0
2019/20,2020-07-12,Swansea,Leeds,0,1,A,0.0,0.0,D,6.0,12.0,3.0,4.0,12.0,19.0,6.0,7.0,2.0,3.0,0.0,0.0
2019/20,2020-07-14,Cardiff,Derby,2,1,H,1.0,1.0,D,14.0,8.0,8.0,2.0,8.0,9.0,3.0,2.0,1.0,0.0,0.0,0.0
2019/20,2020-07-14,Luton,QPR,1,1,D,1.0,0.0,H,11.0,11.0,3.0,5.0,9.0,15.0,6.0,4.0,1.0,0.0,0.0,0.0
2019/20,2020-07-14,Millwall,Blackburn,1,0,H,1.0,0.0,H,11.0,10.0,4.0,2.0,13.0,9.0,7.0,4.0,2.0,2.0,0.0,0.0
2019/20,2020-07-14,Reading,Middlesbrough,1,2,A,1.0,1.0,D,10.0,13.0,1.0,6.0,11.0,17.0,5.0,5.0,2.0,0.0,0.0,0.0
2019/20,2020-07-14,Sheffield Weds,Huddersfield,0,0,D,0.0,0.0,D,13.0,12.0,4.0,1.0,13.0,16.0,6.0,5.0,1.0,1.0,0.0,0.0
2019/20,2020-07-14,West Brom,Fulham,0,0,D,0.0,0.0,D,12.0,6.0,3.0,2.0,12.0,12.0,8.0,7.0,3.0,0.0,0.0,0.0
2019/20,2020-07-14,Wigan,Hull,8,0,H,7.0,0.0,H,14.0,10.0,9.0,4.0,11.0,16.0,4.0,3.0,0.0,2.0,0.0,0.0
2019/20,2020-07-15,Birmingham,Charlton,1,1,D,0.0,0.0,D,23.0,7.0,7.0,3.0,16.0,10.0,5.0,1.0,3.0,1.0,0.0,0.0
2019/20,2020-07-15,Brentford,Preston,1,0,H,1.0,0.0,H,14.0,8.0,3.0,4.0,15.0,11.0,4.0,6.0,2.0,1.0,0.0,0.0
2019/20,2020-07-15,Bristol City,Stoke,1,1,D,1.0,0.0,H,8.0,10.0,1.0,3.0,10.0,9.0,4.0,2.0,1.0,0.0,0.0,0.0
2019/20,2020-07-15,Nott'm Forest,Swansea,2,2,D,1.0,2.0,A,8.0,6.0,2.0,2.0,15.0,10.0,5.0,3.0,4.0,2.0,0.0,1.0
2019/20,2020-07-16,Leeds,Barnsley,1,0,H,1.0,0.0,H,7.0,12.0,3.0,3.0,9.0,15.0,7.0,7.0,1.0,1.0,0.0,0.0
2019/20,2020-07-17,Huddersfield,West Brom,2,1,H,1.0,1.0,D,7.0,13.0,4.0,4.0,19.0,17.0,2.0,7.0,4.0,6.0,0.0,0.0
2019/20,2020-07-18,Blackburn,Reading,4,3,H,2.0,1.0,H,17.0,13.0,5.0,3.0,15.0,13.0,5.0,4.0,1.0,0.0,0.0,0.0
2019/20,2020-07-18,Charlton,Wigan,2,2,D,1.0,2.0,A,15.0,16.0,4.0,6.0,13.0,19.0,8.0,0.0,1.0,3.0,0.0,0.0
2019/20,2020-07-18,Fulham,Sheffield Weds,5,3,H,3.0,0.0,H,12.0,14.0,8.0,6.0,12.0,14.0,4.0,8.0,1.0,0.0,1.0,0.0
2019/20,2020-07-18,Hull,Luton,0,1,A,0.0,0.0,D,8.0,16.0,2.0,4.0,25.0,11.0,3.0,6.0,1.0,2.0,0.0,0.0
2019/20,2020-07-18,Middlesbrough,Cardiff,1,3,A,0.0,1.0,A,12.0,13.0,5.0,4.0,13.0,11.0,8.0,5.0,2.0,2.0,1.0,0.0
2019/20,2020-07-18,Preston,Birmingham,2,0,H,1.0,0.0,H,14.0,12.0,7.0,2.0,11.0,10.0,5.0,7.0,2.0,2.0,0.0,0.0
2019/20,2020-07-18,QPR,Millwall,4,3,H,1.0,0.0,H,22.0,14.0,11.0,7.0,11.0,9.0,7.0,9.0,0.0,1.0,0.0,0.0
2019/20,2020-07-18,Stoke,Brentford,1,0,H,1.0,0.0,H,6.0,14.0,2.0,3.0,14.0,6.0,0.0,4.0,2.0,0.0,0.0,0.0
2019/20,2020-07-18,Swansea,Bristol City,1,0,H,1.0,0.0,H,17.0,14.0,7.0,1.0,8.0,11.0,2.0,8.0,0.0,0.0,0.0,0.0
2019/20,2020-07-19,Barnsley,Nott'm Forest,1,0,H,0.0,0.0,D,20.0,10.0,6.0,2.0,9.0,11.0,9.0,1.0,0.0,1.0,0.0,0.0
2019/20,2020-07-19,Derby,Leeds,1,3,A,0.0,0.0,D,10.0,23.0,2.0,8.0,8.0,10.0,4.0,5.0,1.0,0.0,0.0,0.0
2019/20,2020-07-22,Birmingham,Derby,1,3,A,0.0,1.0,A,13.0,7.0,4.0,5.0,14.0,5.0,4.0,4.0,0.0,0.0,0.0,0.0
2019/20,2020-07-22,Brentford,Barnsley,1,2,A,0.0,1.0,A,12.0,11.0,3.0,3.0,11.0,17.0,3.0,3.0,3.0,3.0,0.0,0.0
2019/20,2020-07-22,Bristol City,Preston,1,1,D,0.0,1.0,A,13.0,22.0,6.0,6.0,10.0,11.0,4.0,7.0,0.0,0.0,0.0,0.0
2019/20,2020-07-22,Cardiff,Hull,3,0,H,2.0,0.0,H,14.0,8.0,7.0,2.0,16.0,16.0,4.0,5.0,0.0,0.0,0.0,0.0
2019/20,2020-07-22,Leeds,Charlton,4,0,H,2.0,0.0,H,21.0,10.0,8.0,4.0,14.0,10.0,10.0,4.0,1.0,0.0,0.0,0.0
2019/20,2020-07-22,Luton,Blackburn,3,2,H,2.0,1.0,H,8.0,14.0,1.0,4.0,10.0,12.0,2.0,6.0,4.0,1.0,0.0,0.0
2019/20,2020-07-22,Millwall,Huddersfield,4,1,H,1.0,1.0,D,15.0,7.0,9.0,2.0,14.0,14.0,9.0,2.0,1.0,0.0,0.0,0.0
2019/20,2020-07-22,Nott'm Forest,Stoke,1,4,A,0.0,1.0,A,16.0,10.0,5.0,4.0,9.0,13.0,6.0,4.0,0.0,1.0,0.0,0.0
2019/20,2020-07-22,Reading,Swansea,1,4,A,1.0,1.0,D,19.0,20.0,6.0,8.0,17.0,10.0,4.0,8.0,1.0,0.0,1.0,0.0
2019/20,2020-07-22,Sheffield Weds,Middlesbrough,1,2,A,1.0,1.0,D,18.0,10.0,4.0,4.0,11.0,11.0,10.0,2.0,0.0,0.0,0.0,0.0
2019/20,2020-07-22,West Brom,QPR,2,2,D,1.0,1.0,D,16.0,7.0,6.0,3.0,13.0,9.0,5.0,3.0,0.0,0.0,0.0,0.0
2019/20,2020-07-22,Wigan,Fulham,1,1,D,1.0,0.0,H,13.0,19.0,7.0,4.0,14.0,11.0,5.0,4.0,3.0,4.0,0.0,0.0
2020/21,2020-09-11,Watford,Middlesbrough,1,0,H,1.0,0.0,H,10.0,11.0,2.0,4.0,13.0,14.0,6.0,6.0,1.0,0.0,0.0,0.0
2020/21,2020-09-12,Barnsley,Luton,0,1,A,0.0,0.0,D,10.0,3.0,1.0,1.0,14.0,10.0,5.0,6.0,1.0,3.0,0.0,0.0
2020/21,2020-09-12,Birmingham,Brentford,1,0,H,1.0,0.0,H,11.0,16.0,3.0,4.0,16.0,11.0,6.0,3.0,4.0,1.0,0.0,0.0
2020/21,2020-09-12,Bournemouth,Blackburn,3,2,H,1.0,1.0,D,12.0,15.0,5.0,2.0,12.0,16.0,5.0,2.0,2.0,0.0,0.0,0.0
2020/21,2020-09-12,Bristol City,Coventry,2,1,H,1.0,1.0,D,11.0,16.0,6.0,4.0,10.0,12.0,5.0,7.0,2.0,1.0,0.0,0.0
2020/21,2020-09-12,Cardiff,Sheffield Weds,0,2,A,0.0,2.0,A,7.0,8.0,2.0,4.0,10.0,19.0,4.0,6.0,0.0,1.0,0.0,0.0
2020/21,2020-09-12,Derby,Reading,0,2,A,0.0,2.0,A,9.0,8.0,2.0,3.0,15.0,7.0,6.0,2.0,3.0,2.0,0.0,0.0
2020/21,2020-09-12,Huddersfield,Norwich,0,1,A,0.0,0.0,D,7.0,16.0,1.0,5.0,19.0,15.0,3.0,7.0,1.0,3.0,0.0,0.0
2020/21,2020-09-12,Millwall,Stoke,0,0,D,0.0,0.0,D,9.0,13.0,1.0,4.0,15.0,13.0,2.0,8.0,1.0,1.0,0.0,0.0
2020/21,2020-09-12,Preston,Swansea,0,1,A,0.0,0.0,D,11.0,6.0,4.0,1.0,16.0,11.0,2.0,3.0,0.0,0.0,0.0,0.0
2020/21,2020-09-12,QPR,Nott'm Forest,2,0,H,0.0,0.0,D,9.0,6.0,3.0,0.0,13.0,11.0,4.0,2.0,1.0,2.0,0.0,0.0
2020/21,2020-09-12,Wycombe,Rotherham,0,1,A,0.0,0.0,D,10.0,12.0,4.0,2.0,12.0,19.0,3.0,4.0,1.0,1.0,0.0,0.0
2020/21,2020-09-18,Coventry,QPR,3,2,H,1.0,1.0,D,12.0,7.0,5.0,4.0,10.0,11.0,7.0,4.0,1.0,2.0,0.0,0.0
2020/21,2020-09-19,Blackburn,Wycombe,5,0,H,3.0,0.0,H,23.0,9.0,16.0,1.0,17.0,13.0,12.0,2.0,0.0,1.0,0.0,1.0
2020/21,2020-09-19,Brentford,Huddersfield,3,0,H,0.0,0.0,D,23.0,10.0,6.0,4.0,13.0,9.0,6.0,3.0,1.0,0.0,0.0,0.0
2020/21,2020-09-19,Luton,Derby,2,1,H,1.0,0.0,H,9.0,14.0,3.0,3.0,15.0,13.0,4.0,5.0,2.0,0.0,0.0,0.0
2020/21,2020-09-19,Middlesbrough,Bournemouth,1,1,D,0.0,1.0,A,18.0,9.0,7.0,4.0,12.0,20.0,7.0,7.0,1.0,2.0,0.0,0.0
2020/21,2020-09-19,Norwich,Preston,2,2,D,1.0,2.0,A,14.0,16.0,6.0,6.0,6.0,13.0,4.0,9.0,1.0,2.0,0.0,0.0
2020/21,2020-09-19,Nott'm Forest,Cardiff,0,2,A,0.0,2.0,A,13.0,9.0,3.0,4.0,8.0,12.0,9.0,2.0,0.0,0.0,0.0,0.0
2020/21,2020-09-19,Reading,Barnsley,2,0,H,0.0,0.0,D,6.0,9.0,5.0,2.0,11.0,20.0,6.0,5.0,1.0,2.0,0.0,2.0
2020/21,2020-09-19,Rotherham,Millwall,0,1,A,0.0,0.0,D,14.0,8.0,1.0,2.0,14.0,11.0,8.0,3.0,1.0,2.0,0.0,0.0
2020/21,2020-09-19,Sheffield Weds,Watford,0,0,D,0.0,0.0,D,8.0,6.0,1.0,3.0,17.0,22.0,2.0,8.0,2.0,2.0,0.0,0.0
2020/21,2020-09-19,Swansea,Birmingham,0,0,D,0.0,0.0,D,8.0,10.0,5.0,3.0,10.0,13.0,5.0,8.0,0.0,1.0,0.0,0.0
2020/21,2020-09-20,Stoke,Bristol City,0,2,A,0.0,1.0,A,8.0,10.0,0.0,4.0,14.0,9.0,7.0,4.0,1.0,1.0,0.0,0.0
2020/21,2020-09-25,Huddersfield,Nott'm Forest,1,0,H,0.0,0.0,D,15.0,14.0,7.0,4.0,12.0,19.0,3.0,4.0,2.0,4.0,0.0,0.0
2020/21,2020-09-26,Barnsley,Coventry,0,0,D,0.0,0.0,D,13.0,10.0,2.0,0.0,11.0,17.0,5.0,7.0,3.0,2.0,0.0,0.0
2020/21,2020-09-26,Birmingham,Rotherham,1,1,D,0.0,0.0,D,13.0,9.0,5.0,3.0,17.0,17.0,5.0,6.0,1.0,1.0,0.0,0.0
2020/21,2020-09-26,Cardiff,Reading,1,2,A,0.0,0.0,D,12.0,6.0,5.0,5.0,15.0,9.0,6.0,3.0,2.0,1.0,0.0,0.0
2020/21,2020-09-26,Derby,Blackburn,0,4,A,0.0,3.0,A,15.0,23.0,5.0,10.0,14.0,11.0,9.0,4.0,2.0,3.0,0.0,0.0
2020/21,2020-09-26,Millwall,Brentford,1,1,D,1.0,1.0,D,9.0,8.0,3.0,1.0,11.0,9.0,3.0,5.0,3.0,1.0,0.0,0.0
2020/21,2020-09-26,Preston,Stoke,0,1,A,0.0,1.0,A,14.0,15.0,4.0,4.0,14.0,16.0,7.0,7.0,1.0,3.0,1.0,0.0
2020/21,2020-09-26,QPR,Middlesbrough,1,1,D,1.0,1.0,D,14.0,7.0,7.0,2.0,11.0,12.0,7.0,5.0,0.0,1.0,0.0,0.0
2020/21,2020-09-26,Watford,Luton,1,0,H,1.0,0.0,H,14.0,4.0,5.0,0.0,12.0,15.0,11.0,1.0,0.0,2.0,0.0,0.0
2020/21,2020-09-26,Wycombe,Swansea,0,2,A,0.0,2.0,A,8.0,17.0,2.0,6.0,9.0,8.0,5.0,7.0,2.0,0.0,0.0,0.0
2020/21,2020-09-27,Bournemouth,Norwich,1,0,H,1.0,0.0,H,13.0,14.0,5.0,5.0,8.0,13.0,3.0,8.0,1.0,1.0,0.0,0.0
2020/21,2020-09-27,Bristol City,Sheffield Weds,2,0,H,0.0,0.0,D,16.0,7.0,3.0,2.0,12.0,19.0,6.0,2.0,2.0,1.0,0.0,0.0
2020/21,2020-10-02,Coventry,Bournemouth,1,3,A,1.0,1.0,D,5.0,19.0,2.0,10.0,10.0,13.0,1.0,6.0,1.0,3.0,1.0,0.0
2020/21,2020-10-03,Blackburn,Cardiff,0,0,D,0.0,0.0,D,16.0,16.0,6.0,5.0,13.0,15.0,5.0,6.0,1.0,2.0,0.0,1.0
2020/21,2020-10-03,Luton,Wycombe,2,0,H,0.0,0.0,D,16.0,5.0,7.0,1.0,10.0,18.0,7.0,4.0,1.0,1.0,0.0,0.0
2020/21,2020-10-03,Middlesbrough,Barnsley,2,1,H,1.0,0.0,H,13.0,13.0,6.0,1.0,17.0,11.0,4.0,3.0,6.0,2.0,0.0,0.0
2020/21,2020-10-03,Norwich,Derby,0,1,A,0.0,0.0,D,13.0,9.0,5.0,3.0,13.0,6.0,7.0,2.0,3.0,2.0,0.0,0.0
2020/21,2020-10-03,Nott'm Forest,Bristol City,1,2,A,1.0,2.0,A,21.0,7.0,6.0,5.0,13.0,9.0,11.0,5.0,0.0,2.0,0.0,0.0
2020/21,2020-10-03,Reading,Watford,1,0,H,1.0,0.0,H,9.0,11.0,4.0,2.0,13.0,19.0,1.0,6.0,3.0,3.0,0.0,0.0
2020/21,2020-10-03,Rotherham,Huddersfield,1,1,D,1.0,0.0,H,5.0,11.0,2.0,1.0,17.0,12.0,2.0,6.0,1.0,1.0,0.0,0.0
2020/21,2020-10-03,Sheffield Weds,QPR,1,1,D,0.0,0.0,D,11.0,9.0,2.0,2.0,11.0,13.0,5.0,7.0,2.0,1.0,0.0,0.0
2020/21,2020-10-03,Swansea,Millwall,2,1,H,0.0,0.0,D,14.0,12.0,4.0,5.0,6.0,12.0,5.0,7.0,1.0,1.0,0.0,0.0
2020/21,2020-10-04,Brentford,Preston,2,4,A,2.0,0.0,H,13.0,12.0,4.0,7.0,10.0,9.0,4.0,4.0,0.0,0.0,0.0,0.0
2020/21,2020-10-04,Stoke,Birmingham,1,1,D,0.0,0.0,D,11.0,4.0,1.0,1.0,7.0,14.0,5.0,4.0,3.0,1.0,0.0,0.0
2020/21,2020-10-16,Derby,Watford,0,1,A,0.0,0.0,D,9.0,8.0,1.0,1.0,10.0,10.0,3.0,3.0,1.0,1.0,0.0,0.0
2020/21,2020-10-17,Barnsley,Bristol City,2,2,D,1.0,0.0,H,17.0,13.0,5.0,9.0,14.0,10.0,4.0,6.0,2.0,0.0,0.0,0.0
2020/21,2020-10-17,Birmingham,Sheffield Weds,0,1,A,0.0,0.0,D,10.0,14.0,2.0,3.0,12.0,12.0,5.0,4.0,1.0,1.0,0.0,0.0
2020/21,2020-10-17,Blackburn,Nott'm Forest,0,1,A,0.0,0.0,D,6.0,16.0,2.0,4.0,11.0,13.0,5.0,3.0,2.0,1.0,0.0,0.0
2020/21,2020-10-17,Bournemouth,QPR,0,0,D,0.0,0.0,D,8.0,6.0,0.0,2.0,11.0,14.0,3.0,6.0,1.0,3.0,0.0,0.0
2020/21,2020-10-17,Brentford,Coventry,2,0,H,0.0,0.0,D,17.0,10.0,6.0,5.0,13.0,6.0,8.0,6.0,1.0,1.0,0.0,0.0
2020/21,2020-10-17,Luton,Stoke,0,2,A,0.0,0.0,D,18.0,8.0,7.0,3.0,13.0,12.0,16.0,3.0,2.0,2.0,0.0,0.0
2020/21,2020-10-17,Middlesbrough,Reading,0,0,D,0.0,0.0,D,8.0,10.0,0.0,1.0,19.0,19.0,3.0,2.0,2.0,3.0,0.0,0.0
2020/21,2020-10-17,Rotherham,Norwich,1,2,A,1.0,0.0,H,14.0,21.0,3.0,7.0,18.0,12.0,7.0,6.0,1.0,1.0,1.0,0.0
2020/21,2020-10-17,Swansea,Huddersfield,1,2,A,1.0,1.0,D,17.0,10.0,6.0,3.0,18.0,16.0,15.0,2.0,1.0,4.0,0.0,0.0
2020/21,2020-10-17,Wycombe,Millwall,1,2,A,1.0,0.0,H,9.0,18.0,3.0,6.0,17.0,15.0,1.0,2.0,1.0,0.0,0.0,0.0
2020/21,2020-10-18,Preston,Cardiff,0,1,A,0.0,0.0,D,7.0,10.0,4.0,3.0,9.0,10.0,9.0,3.0,1.0,0.0,0.0,0.0
2020/21,2020-10-20,Bristol City,Middlesbrough,0,1,A,0.0,0.0,D,7.0,9.0,0.0,1.0,9.0,7.0,1.0,4.0,0.0,2.0,0.0,0.0
2020/21,2020-10-20,Coventry,Swansea,1,1,D,1.0,1.0,D,9.0,6.0,3.0,3.0,12.0,11.0,3.0,2.0,0.0,1.0,0.0,0.0
2020/21,2020-10-20,Huddersfield,Derby,1,0,H,0.0,0.0,D,18.0,12.0,3.0,2.0,15.0,11.0,6.0,5.0,1.0,3.0,0.0,0.0
2020/21,2020-10-20,Millwall,Luton,2,0,H,1.0,0.0,H,21.0,10.0,6.0,1.0,15.0,13.0,8.0,3.0,2.0,1.0,0.0,0.0
2020/21,2020-10-20,Norwich,Birmingham,1,0,H,0.0,0.0,D,23.0,6.0,4.0,2.0,10.0,12.0,6.0,3.0,1.0,3.0,0.0,1.0
2020/21,2020-10-20,Nott'm Forest,Rotherham,1,1,D,0.0,0.0,D,20.0,7.0,4.0,2.0,13.0,25.0,3.0,3.0,0.0,2.0,0.0,0.0
2020/21,2020-10-20,Reading,Wycombe,1,0,H,0.0,0.0,D,4.0,10.0,1.0,3.0,12.0,17.0,2.0,1.0,2.0,0.0,0.0,0.0
2020/21,2020-10-21,Cardiff,Bournemouth,1,1,D,0.0,1.0,A,13.0,17.0,3.0,6.0,18.0,15.0,6.0,6.0,2.0,0.0,0.0,0.0
2020/21,2020-10-21,QPR,Preston,0,2,A,0.0,1.0,A,6.0,8.0,0.0,3.0,14.0,9.0,2.0,2.0,0.0,1.0,0.0,0.0
2020/21,2020-10-21,Sheffield Weds,Brentford,1,2,A,1.0,2.0,A,6.0,14.0,3.0,5.0,14.0,11.0,3.0,4.0,1.0,0.0,0.0,0.0
2020/21,2020-10-21,Stoke,Barnsley,2,2,D,1.0,2.0,A,8.0,13.0,3.0,7.0,11.0,15.0,3.0,5.0,0.0,0.0,1.0,0.0
2020/21,2020-10-21,Watford,Blackburn,3,1,H,2.0,1.0,H,10.0,19.0,4.0,7.0,24.0,12.0,1.0,8.0,3.0,0.0,0.0,0.0
2020/21,2020-10-23,Nott'm Forest,Derby,1,1,D,0.0,1.0,A,12.0,12.0,5.0,4.0,18.0,8.0,8.0,5.0,2.0,0.0,0.0,0.0
2020/21,2020-10-24,Bristol City,Swansea,1,1,D,0.0,0.0,D,9.0,10.0,4.0,2.0,10.0,17.0,6.0,4.0,1.0,5.0,0.0,0.0
2020/21,2020-10-24,Cardiff,Middlesbrough,1,1,D,0.0,1.0,A,17.0,10.0,3.0,1.0,16.0,14.0,4.0,8.0,1.0,0.0,0.0,0.0
2020/21,2020-10-24,Coventry,Blackburn,0,4,A,0.0,1.0,A,3.0,24.0,1.0,9.0,9.0,12.0,0.0,5.0,1.0,2.0,1.0,0.0
2020/21,2020-10-24,Huddersfield,Preston,1,2,A,1.0,0.0,H,14.0,17.0,4.0,7.0,12.0,14.0,8.0,6.0,3.0,5.0,1.0,0.0
2020/21,2020-10-24,Millwall,Barnsley,1,1,D,1.0,1.0,D,12.0,6.0,3.0,2.0,8.0,8.0,7.0,6.0,0.0,2.0,0.0,0.0
2020/21,2020-10-24,Norwich,Wycombe,2,1,H,1.0,1.0,D,25.0,8.0,6.0,2.0,14.0,14.0,10.0,6.0,1.0,1.0,1.0,0.0
2020/21,2020-10-24,QPR,Birmingham,0,0,D,0.0,0.0,D,15.0,10.0,1.0,3.0,6.0,11.0,3.0,3.0,1.0,0.0,0.0,0.0
2020/21,2020-10-24,Reading,Rotherham,3,0,H,1.0,0.0,H,7.0,10.0,6.0,2.0,9.0,13.0,4.0,5.0,0.0,2.0,0.0,0.0
2020/21,2020-10-24,Sheffield Weds,Luton,0,1,A,0.0,0.0,D,14.0,7.0,3.0,2.0,16.0,12.0,4.0,2.0,1.0,1.0,1.0,0.0
2020/21,2020-10-24,Stoke,Brentford,3,2,H,2.0,0.0,H,7.0,9.0,4.0,3.0,11.0,10.0,2.0,3.0,2.0,1.0,0.0,0.0
2020/21,2020-10-24,Watford,Bournemouth,1,1,D,1.0,0.0,H,9.0,14.0,5.0,5.0,16.0,16.0,3.0,10.0,3.0,2.0,0.0,0.0
2020/21,2020-10-27,Barnsley,QPR,3,0,H,2.0,0.0,H,15.0,10.0,11.0,2.0,8.0,11.0,1.0,5.0,0.0,0.0,0.0,1.0
2020/21,2020-10-27,Blackburn,Reading,2,4,A,1.0,3.0,A,13.0,5.0,6.0,4.0,13.0,9.0,3.0,3.0,2.0,2.0,0.0,0.0
2020/21,2020-10-27,Brentford,Norwich,1,1,D,1.0,0.0,H,13.0,14.0,5.0,3.0,19.0,14.0,3.0,3.0,1.0,1.0,0.0,0.0
2020/21,2020-10-27,Middlesbrough,Coventry,2,0,H,0.0,0.0,D,17.0,3.0,5.0,1.0,11.0,10.0,1.0,2.0,2.0,1.0,0.0,0.0
2020/21,2020-10-27,Swansea,Stoke,2,0,H,1.0,0.0,H,18.0,3.0,6.0,0.0,13.0,17.0,10.0,2.0,2.0,3.0,0.0,0.0
2020/21,2020-10-27,Wycombe,Watford,1,1,D,0.0,0.0,D,14.0,13.0,6.0,4.0,7.0,10.0,5.0,7.0,0.0,1.0,0.0,0.0
2020/21,2020-10-28,Birmingham,Huddersfield,2,1,H,1.0,0.0,H,14.0,12.0,4.0,2.0,18.0,10.0,2.0,4.0,2.0,1.0,0.0,0.0
2020/21,2020-10-28,Bournemouth,Bristol City,1,0,H,0.0,0.0,D,12.0,8.0,3.0,3.0,10.0,12.0,5.0,4.0,0.0,0.0,0.0,0.0
2020/21,2020-10-28,Derby,Cardiff,1,1,D,1.0,0.0,H,15.0,8.0,5.0,2.0,12.0,10.0,5.0,3.0,3.0,3.0,0.0,0.0
2020/21,2020-10-28,Luton,Nott'm Forest,1,1,D,1.0,0.0,H,6.0,7.0,2.0,1.0,15.0,15.0,5.0,2.0,3.0,0.0,0.0,1.0
2020/21,2020-10-28,Preston,Millwall,0,2,A,0.0,0.0,D,5.0,13.0,1.0,4.0,16.0,4.0,2.0,7.0,2.0,0.0,0.0,0.0
2020/21,2020-10-28,Rotherham,Sheffield Weds,3,0,H,3.0,0.0,H,15.0,7.0,8.0,2.0,12.0,17.0,8.0,0.0,3.0,2.0,0.0,1.0
2020/21,2020-10-30,Coventry,Reading,3,2,H,1.0,0.0,H,14.0,14.0,4.0,7.0,16.0,9.0,4.0,5.0,5.0,0.0,0.0,0.0
2020/21,2020-10-31,Barnsley,Watford,1,0,H,1.0,0.0,H,7.0,7.0,2.0,0.0,9.0,9.0,2.0,3.0,1.0,1.0,0.0,0.0
2020/21,2020-10-31,Bournemouth,Derby,1,1,D,0.0,1.0,A,10.0,10.0,5.0,4.0,13.0,13.0,4.0,1.0,2.0,1.0,0.0,0.0
2020/21,2020-10-31,Bristol City,Norwich,1,3,A,1.0,3.0,A,15.0,19.0,6.0,8.0,8.0,16.0,5.0,4.0,0.0,4.0,0.0,0.0
2020/21,2020-10-31,Luton,Brentford,0,3,A,0.0,2.0,A,4.0,12.0,1.0,5.0,10.0,12.0,5.0,4.0,1.0,1.0,0.0,0.0
2020/21,2020-10-31,Middlesbrough,Nott'm Forest,1,0,H,0.0,0.0,D,12.0,5.0,3.0,1.0,8.0,18.0,8.0,2.0,1.0,2.0,0.0,0.0
2020/21,2020-10-31,Millwall,Huddersfield,0,3,A,0.0,1.0,A,10.0,12.0,4.0,7.0,8.0,8.0,10.0,2.0,2.0,0.0,0.0,0.0
2020/21,2020-10-31,Preston,Birmingham,1,2,A,1.0,1.0,D,11.0,19.0,6.0,6.0,17.0,15.0,4.0,4.0,1.0,0.0,0.0,0.0
2020/21,2020-10-31,QPR,Cardiff,3,2,H,2.0,0.0,H,12.0,16.0,6.0,5.0,10.0,9.0,8.0,4.0,4.0,3.0,0.0,0.0
2020/21,2020-10-31,Stoke,Rotherham,1,0,H,1.0,0.0,H,8.0,7.0,3.0,0.0,16.0,14.0,7.0,2.0,1.0,2.0,0.0,0.0
2020/21,2020-10-31,Swansea,Blackburn,2,0,H,1.0,0.0,H,11.0,11.0,3.0,4.0,10.0,10.0,9.0,5.0,3.0,0.0,0.0,0.0
2020/21,2020-10-31,Wycombe,Sheffield Weds,1,0,H,1.0,0.0,H,11.0,15.0,3.0,3.0,17.0,10.0,7.0,9.0,2.0,2.0,0.0,0.0
2020/21,2020-11-03,Blackburn,Middlesbrough,0,0,D,0.0,0.0,D,6.0,20.0,1.0,3.0,19.0,9.0,3.0,12.0,5.0,1.0,0.0,0.0
2020/21,2020-11-03,Brentford,Swansea,1,1,D,1.0,0.0,H,7.0,13.0,1.0,5.0,14.0,20.0,2.0,9.0,3.0,0.0,0.0,0.0
2020/21,2020-11-03,Cardiff,Barnsley,3,0,H,2.0,0.0,H,15.0,4.0,9.0,3.0,8.0,15.0,2.0,3.0,0.0,1.0,0.0,0.0
2020/21,2020-11-03,Huddersfield,Bristol City,1,2,A,1.0,0.0,H,7.0,10.0,2.0,3.0,15.0,10.0,3.0,4.0,3.0,0.0,0.0,0.0
2020/21,2020-11-03,Norwich,Millwall,0,0,D,0.0,0.0,D,27.0,6.0,7.0,0.0,14.0,10.0,8.0,2.0,0.0,1.0,0.0,0.0
2020/21,2020-11-03,Sheffield Weds,Bournemouth,1,0,H,0.0,0.0,D,10.0,15.0,2.0,5.0,23.0,16.0,4.0,7.0,4.0,2.0,1.0,1.0
2020/21,2020-11-04,Birmingham,Wycombe,1,2,A,1.0,0.0,H,17.0,13.0,4.0,3.0,12.0,7.0,7.0,5.0,1.0,0.0,0.0,0.0
2020/21,2020-11-04,Derby,QPR,0,1,A,0.0,0.0,D,7.0,14.0,4.0,3.0,9.0,11.0,5.0,6.0,1.0,0.0,0.0,0.0
2020/21,2020-11-04,Nott'm Forest,Coventry,2,1,H,1.0,0.0,H,15.0,15.0,4.0,7.0,16.0,13.0,5.0,4.0,1.0,2.0,0.0,0.0
2020/21,2020-11-04,Reading,Preston,0,3,A,0.0,0.0,D,17.0,10.0,5.0,5.0,11.0,7.0,4.0,1.0,1.0,2.0,0.0,0.0
2020/21,2020-11-04,Rotherham,Luton,0,1,A,0.0,0.0,D,16.0,10.0,5.0,5.0,10.0,18.0,5.0,7.0,1.0,1.0,0.0,0.0
2020/21,2020-11-04,Watford,Stoke,3,2,H,1.0,1.0,D,12.0,5.0,3.0,3.0,12.0,10.0,4.0,1.0,2.0,2.0,0.0,0.0
2020/21,2020-11-06,Cardiff,Bristol City,0,1,A,0.0,1.0,A,17.0,4.0,5.0,1.0,13.0,14.0,11.0,2.0,1.0,1.0,0.0,0.0
2020/21,2020-11-07,Birmingham,Bournemouth,1,3,A,0.0,2.0,A,15.0,21.0,3.0,7.0,17.0,5.0,5.0,10.0,2.0,1.0,0.0,0.0
2020/21,2020-11-07,Blackburn,QPR,3,1,H,0.0,0.0,D,17.0,11.0,9.0,4.0,10.0,9.0,12.0,7.0,1.0,3.0,0.0,0.0
2020/21,2020-11-07,Brentford,Middlesbrough,0,0,D,0.0,0.0,D,8.0,7.0,1.0,1.0,16.0,7.0,1.0,4.0,1.0,0.0,0.0,0.0
2020/21,2020-11-07,Derby,Barnsley,0,2,A,0.0,1.0,A,9.0,17.0,3.0,5.0,10.0,13.0,4.0,3.0,3.0,2.0,0.0,0.0
2020/21,2020-11-07,Huddersfield,Luton,1,1,D,0.0,1.0,A,13.0,7.0,2.0,2.0,11.0,13.0,4.0,2.0,1.0,5.0,0.0,0.0
2020/21,2020-11-07,Norwich,Swansea,1,0,H,0.0,0.0,D,21.0,19.0,5.0,5.0,15.0,21.0,4.0,11.0,1.0,5.0,0.0,0.0
2020/21,2020-11-07,Nott'm Forest,Wycombe,2,0,H,1.0,0.0,H,13.0,12.0,5.0,5.0,12.0,13.0,6.0,8.0,1.0,2.0,0.0,0.0
2020/21,2020-11-07,Reading,Stoke,0,3,A,0.0,2.0,A,15.0,10.0,5.0,3.0,7.0,15.0,8.0,1.0,0.0,2.0,0.0,0.0
2020/21,2020-11-07,Rotherham,Preston,2,1,H,0.0,0.0,D,11.0,8.0,4.0,3.0,15.0,13.0,3.0,2.0,1.0,2.0,0.0,0.0
2020/21,2020-11-07,Sheffield Weds,Millwall,0,0,D,0.0,0.0,D,15.0,11.0,7.0,0.0,10.0,5.0,5.0,4.0,2.0,0.0,0.0,0.0
2020/21,2020-11-07,Watford,Coventry,3,2,H,0.0,0.0,D,12.0,13.0,5.0,3.0,16.0,15.0,7.0,1.0,1.0,2.0,0.0,0.0
2020/21,2020-11-20,Coventry,Birmingham,0,0,D,0.0,0.0,D,6.0,7.0,1.0,2.0,9.0,11.0,1.0,2.0,1.0,0.0,0.0,0.0
2020/21,2020-11-21,Barnsley,Nott'm Forest,2,0,H,0.0,0.0,D,13.0,10.0,2.0,3.0,9.0,14.0,4.0,8.0,0.0,1.0,0.0,0.0
2020/21,2020-11-21,Bournemouth,Reading,4,2,H,0.0,2.0,A,10.0,9.0,6.0,5.0,13.0,7.0,10.0,2.0,3.0,1.0,0.0,0.0
2020/21,2020-11-21,Bristol City,Derby,1,0,H,0.0,0.0,D,11.0,13.0,3.0,2.0,7.0,11.0,1.0,6.0,1.0,1.0,0.0,0.0
2020/21,2020-11-21,Luton,Blackburn,1,1,D,0.0,0.0,D,13.0,15.0,5.0,6.0,11.0,14.0,4.0,6.0,0.0,4.0,0.0,0.0
2020/21,2020-11-21,Middlesbrough,Norwich,0,1,A,0.0,0.0,D,8.0,12.0,4.0,2.0,14.0,16.0,5.0,5.0,0.0,1.0,0.0,0.0
2020/21,2020-11-21,Millwall,Cardiff,1,1,D,1.0,0.0,H,7.0,14.0,2.0,6.0,13.0,14.0,0.0,5.0,3.0,0.0,0.0,0.0
2020/21,2020-11-21,Preston,Sheffield Weds,1,0,H,0.0,0.0,D,9.0,5.0,1.0,0.0,10.0,8.0,6.0,6.0,0.0,1.0,0.0,1.0
2020/21,2020-11-21,QPR,Watford,1,1,D,0.0,1.0,A,14.0,10.0,3.0,3.0,14.0,12.0,7.0,7.0,1.0,2.0,0.0,0.0
2020/21,2020-11-21,Stoke,Huddersfield,4,3,H,3.0,2.0,H,14.0,10.0,7.0,4.0,16.0,14.0,4.0,2.0,2.0,1.0,0.0,0.0
2020/21,2020-11-21,Swansea,Rotherham,1,0,H,1.0,0.0,H,11.0,8.0,4.0,3.0,16.0,11.0,8.0,7.0,1.0,1.0,0.0,0.0
2020/21,2020-11-21,Wycombe,Brentford,0,0,D,0.0,0.0,D,11.0,12.0,2.0,4.0,11.0,9.0,3.0,5.0,4.0,2.0,0.0,0.0
2020/21,2020-11-24,Barnsley,Brentford,0,1,A,0.0,0.0,D,3.0,13.0,1.0,6.0,10.0,6.0,2.0,12.0,1.0,0.0,0.0,0.0
2020/21,2020-11-24,Bournemouth,Nott'm Forest,2,0,H,1.0,0.0,H,12.0,11.0,4.0,3.0,11.0,13.0,5.0,7.0,2.0,0.0,0.0,0.0
2020/21,2020-11-24,Luton,Birmingham,1,1,D,1.0,1.0,D,16.0,11.0,7.0,3.0,9.0,11.0,8.0,4.0,1.0,1.0,0.0,0.0
2020/21,2020-11-24,Preston,Blackburn,0,3,A,0.0,1.0,A,4.0,17.0,0.0,4.0,12.0,9.0,0.0,4.0,1.0,1.0,1.0,0.0
2020/21,2020-11-24,QPR,Rotherham,3,2,H,3.0,1.0,H,14.0,13.0,5.0,5.0,9.0,19.0,5.0,4.0,0.0,3.0,0.0,0.0
2020/21,2020-11-24,Stoke,Norwich,2,3,A,0.0,2.0,A,24.0,5.0,5.0,3.0,19.0,12.0,9.0,5.0,2.0,2.0,0.0,1.0
2020/21,2020-11-24,Wycombe,Huddersfield,0,0,D,0.0,0.0,D,9.0,9.0,1.0,3.0,12.0,7.0,6.0,4.0,0.0,1.0,0.0,0.0
2020/21,2020-11-25,Bristol City,Watford,0,0,D,0.0,0.0,D,9.0,7.0,2.0,1.0,15.0,10.0,5.0,8.0,0.0,0.0,0.0,0.0
2020/21,2020-11-25,Coventry,Cardiff,1,0,H,0.0,0.0,D,11.0,8.0,5.0,3.0,13.0,14.0,3.0,5.0,0.0,2.0,0.0,0.0
2020/21,2020-11-25,Middlesbrough,Derby,3,0,H,1.0,0.0,H,10.0,10.0,5.0,2.0,11.0,16.0,4.0,5.0,0.0,4.0,0.0,0.0
2020/21,2020-11-25,Millwall,Reading,1,1,D,1.0,0.0,H,13.0,7.0,8.0,3.0,15.0,14.0,5.0,0.0,4.0,4.0,0.0,0.0
2020/21,2020-11-25,Swansea,Sheffield Weds,1,1,D,0.0,1.0,A,10.0,4.0,4.0,2.0,11.0,14.0,6.0,3.0,3.0,0.0,0.0,0.0
2020/21,2020-11-27,Brentford,QPR,2,1,H,1.0,1.0,D,14.0,10.0,6.0,2.0,8.0,13.0,2.0,9.0,2.0,2.0,0.0,1.0
2020/21,2020-11-28,Birmingham,Millwall,0,0,D,0.0,0.0,D,8.0,9.0,2.0,1.0,16.0,10.0,3.0,6.0,2.0,1.0,0.0,0.0
2020/21,2020-11-28,Blackburn,Barnsley,2,1,H,1.0,0.0,H,7.0,23.0,6.0,5.0,14.0,13.0,3.0,11.0,2.0,0.0,0.0,0.0
2020/21,2020-11-28,Cardiff,Luton,4,0,H,2.0,0.0,H,20.0,5.0,6.0,0.0,12.0,7.0,11.0,0.0,1.0,0.0,0.0,0.0
2020/21,2020-11-28,Derby,Wycombe,1,1,D,1.0,0.0,H,11.0,8.0,5.0,2.0,13.0,14.0,5.0,3.0,0.0,1.0,0.0,0.0
2020/21,2020-11-28,Huddersfield,Middlesbrough,3,2,H,2.0,1.0,H,13.0,10.0,5.0,3.0,17.0,12.0,5.0,9.0,4.0,3.0,0.0,0.0
2020/21,2020-11-28,Norwich,Coventry,1,1,D,1.0,0.0,H,9.0,13.0,6.0,4.0,13.0,10.0,1.0,8.0,2.0,0.0,0.0,0.0
2020/21,2020-11-28,Reading,Bristol City,3,1,H,0.0,0.0,D,21.0,4.0,10.0,2.0,14.0,13.0,5.0,1.0,0.0,2.0,0.0,0.0
2020/21,2020-11-28,Rotherham,Bournemouth,2,2,D,1.0,1.0,D,13.0,11.0,5.0,5.0,20.0,16.0,7.0,4.0,2.0,3.0,0.0,0.0
2020/21,2020-11-28,Sheffield Weds,Stoke,0,0,D,0.0,0.0,D,5.0,8.0,0.0,2.0,16.0,12.0,1.0,5.0,4.0,2.0,0.0,0.0
2020/21,2020-11-28,Watford,Preston,4,1,H,1.0,0.0,H,26.0,9.0,11.0,4.0,7.0,2.0,9.0,3.0,1.0,0.0,0.0,0.0
2020/21,2020-11-29,Nott'm Forest,Swansea,0,1,A,0.0,1.0,A,13.0,13.0,1.0,3.0,17.0,12.0,6.0,8.0,4.0,2.0,0.0,0.0
2020/21,2020-12-01,Birmingham,Barnsley,1,2,A,0.0,0.0,D,5.0,12.0,1.0,3.0,13.0,10.0,1.0,1.0,2.0,1.0,0.0,0.0
2020/21,2020-12-01,Bournemouth,Preston,2,3,A,0.0,1.0,A,15.0,8.0,4.0,5.0,11.0,16.0,1.0,4.0,2.0,3.0,0.0,0.0
2020/21,2020-12-01,Cardiff,Huddersfield,3,0,H,1.0,0.0,H,10.0,10.0,4.0,4.0,17.0,9.0,4.0,2.0,1.0,1.0,0.0,0.0
2020/21,2020-12-01,Derby,Coventry,1,1,D,0.0,0.0,D,12.0,9.0,3.0,3.0,13.0,13.0,2.0,2.0,4.0,1.0,0.0,0.0
2020/21,2020-12-01,QPR,Bristol City,1,2,A,1.0,1.0,D,19.0,12.0,4.0,3.0,16.0,8.0,9.0,2.0,2.0,1.0,0.0,0.0
2020/21,2020-12-01,Rotherham,Brentford,0,2,A,0.0,0.0,D,8.0,9.0,2.0,4.0,21.0,10.0,6.0,3.0,3.0,0.0,1.0,0.0
2020/21,2020-12-02,Blackburn,Millwall,2,1,H,1.0,1.0,D,20.0,17.0,4.0,5.0,14.0,12.0,2.0,8.0,0.0,2.0,0.0,0.0
2020/21,2020-12-02,Luton,Norwich,3,1,H,2.0,1.0,H,10.0,11.0,5.0,4.0,9.0,12.0,4.0,9.0,1.0,2.0,0.0,0.0
2020/21,2020-12-02,Middlesbrough,Swansea,2,1,H,1.0,0.0,H,13.0,10.0,5.0,3.0,15.0,17.0,6.0,8.0,2.0,2.0,0.0,0.0
2020/21,2020-12-02,Nott'm Forest,Watford,0,0,D,0.0,0.0,D,13.0,6.0,0.0,1.0,14.0,10.0,5.0,6.0,3.0,2.0,0.0,0.0
2020/21,2020-12-02,Sheffield Weds,Reading,1,1,D,1.0,1.0,D,3.0,20.0,1.0,6.0,13.0,12.0,2.0,7.0,2.0,0.0,1.0,0.0
2020/21,2020-12-02,Wycombe,Stoke,0,1,A,0.0,0.0,D,8.0,14.0,1.0,4.0,13.0,8.0,3.0,7.0,2.0,4.0,0.0,0.0
2020/21,2020-12-04,Barnsley,Bournemouth,0,4,A,0.0,2.0,A,10.0,12.0,4.0,6.0,14.0,13.0,3.0,4.0,3.0,0.0,0.0,0.0
2020/21,2020-12-05,Brentford,Blackburn,2,2,D,1.0,1.0,D,15.0,7.0,3.0,2.0,11.0,8.0,4.0,2.0,3.0,4.0,0.0,1.0
2020/21,2020-12-05,Bristol City,Birmingham,0,1,A,0.0,0.0,D,10.0,11.0,3.0,3.0,6.0,20.0,4.0,6.0,0.0,2.0,0.0,0.0
2020/21,2020-12-05,Coventry,Rotherham,3,1,H,2.0,0.0,H,10.0,10.0,7.0,1.0,14.0,17.0,5.0,6.0,0.0,3.0,0.0,0.0
2020/21,2020-12-05,Huddersfield,QPR,2,0,H,2.0,0.0,H,11.0,4.0,6.0,2.0,15.0,7.0,3.0,4.0,0.0,2.0,0.0,0.0
2020/21,2020-12-05,Millwall,Derby,0,1,A,0.0,0.0,D,12.0,11.0,3.0,3.0,14.0,15.0,4.0,3.0,0.0,5.0,0.0,0.0
2020/21,2020-12-05,Norwich,Sheffield Weds,2,1,H,0.0,0.0,D,19.0,11.0,4.0,5.0,7.0,11.0,9.0,4.0,1.0,2.0,0.0,0.0
2020/21,2020-12-05,Preston,Wycombe,2,2,D,1.0,0.0,H,19.0,17.0,3.0,4.0,17.0,15.0,8.0,6.0,0.0,3.0,0.0,0.0
2020/21,2020-12-05,Reading,Nott'm Forest,2,0,H,1.0,0.0,H,24.0,2.0,9.0,1.0,14.0,16.0,7.0,3.0,1.0,1.0,0.0,1.0
2020/21,2020-12-05,Stoke,Middlesbrough,1,0,H,1.0,0.0,H,9.0,8.0,5.0,1.0,18.0,12.0,0.0,2.0,2.0,3.0,0.0,0.0
2020/21,2020-12-05,Swansea,Luton,2,0,H,1.0,0.0,H,11.0,7.0,5.0,2.0,12.0,14.0,2.0,3.0,1.0,1.0,0.0,1.0
2020/21,2020-12-05,Watford,Cardiff,0,1,A,0.0,1.0,A,12.0,10.0,1.0,2.0,15.0,17.0,6.0,5.0,1.0,2.0,0.0,0.0
2020/21,2020-12-08,Coventry,Luton,0,0,D,0.0,0.0,D,7.0,6.0,1.0,1.0,14.0,20.0,4.0,7.0,3.0,2.0,0.0,0.0
2020/21,2020-12-08,Huddersfield,Sheffield Weds,2,0,H,2.0,0.0,H,13.0,5.0,2.0,2.0,8.0,14.0,2.0,8.0,1.0,3.0,0.0,0.0
2020/21,2020-12-08,Millwall,QPR,1,1,D,0.0,0.0,D,17.0,11.0,4.0,6.0,6.0,16.0,2.0,2.0,0.0,3.0,0.0,0.0
2020/21,2020-12-08,Stoke,Cardiff,1,2,A,1.0,0.0,H,5.0,4.0,1.0,2.0,13.0,11.0,3.0,4.0,2.0,1.0,0.0,0.0
2020/21,2020-12-08,Swansea,Bournemouth,0,0,D,0.0,0.0,D,6.0,14.0,1.0,1.0,10.0,14.0,1.0,3.0,1.0,3.0,0.0,0.0
2020/21,2020-12-08,Watford,Rotherham,2,0,H,2.0,0.0,H,12.0,10.0,3.0,1.0,11.0,15.0,2.0,4.0,0.0,2.0,0.0,0.0
2020/21,2020-12-09,Barnsley,Wycombe,2,1,H,1.0,0.0,H,14.0,6.0,8.0,2.0,15.0,11.0,7.0,5.0,3.0,3.0,0.0,0.0
2020/21,2020-12-09,Brentford,Derby,0,0,D,0.0,0.0,D,12.0,5.0,0.0,0.0,13.0,8.0,10.0,2.0,2.0,1.0,0.0,0.0
2020/21,2020-12-09,Bristol City,Blackburn,1,0,H,0.0,0.0,D,16.0,21.0,3.0,7.0,11.0,7.0,5.0,8.0,1.0,0.0,0.0,0.0
2020/21,2020-12-09,Norwich,Nott'm Forest,2,1,H,1.0,0.0,H,19.0,13.0,6.0,2.0,12.0,7.0,7.0,7.0,4.0,1.0,0.0,0.0
2020/21,2020-12-09,Preston,Middlesbrough,3,0,H,0.0,0.0,D,11.0,10.0,6.0,3.0,10.0,8.0,0.0,4.0,0.0,1.0,0.0,0.0
2020/21,2020-12-09,Reading,Birmingham,1,2,A,0.0,2.0,A,10.0,5.0,2.0,3.0,9.0,25.0,4.0,1.0,1.0,3.0,0.0,1.0
2020/21,2020-12-12,Birmingham,Watford,0,1,A,0.0,0.0,D,9.0,4.0,2.0,3.0,13.0,10.0,5.0,6.0,1.0,1.0,1.0,0.0
2020/21,2020-12-12,Blackburn,Norwich,1,2,A,0.0,1.0,A,20.0,17.0,7.0,7.0,6.0,16.0,6.0,3.0,0.0,1.0,0.0,0.0
2020/21,2020-12-12,Bournemouth,Huddersfield,5,0,H,3.0,0.0,H,13.0,12.0,8.0,5.0,11.0,8.0,3.0,2.0,1.0,1.0,0.0,0.0
2020/21,2020-12-12,Cardiff,Swansea,0,2,A,0.0,1.0,A,8.0,11.0,2.0,4.0,19.0,12.0,2.0,3.0,2.0,2.0,1.0,0.0
2020/21,2020-12-12,Derby,Stoke,0,0,D,0.0,0.0,D,11.0,4.0,5.0,1.0,16.0,14.0,8.0,3.0,3.0,1.0,0.0,0.0
2020/21,2020-12-12,Luton,Preston,3,0,H,2.0,0.0,H,19.0,4.0,5.0,1.0,16.0,7.0,10.0,4.0,0.0,0.0,0.0,0.0
2020/21,2020-12-12,Middlesbrough,Millwall,3,0,H,3.0,0.0,H,16.0,4.0,6.0,1.0,9.0,14.0,7.0,0.0,1.0,1.0,0.0,0.0
2020/21,2020-12-12,Nott'm Forest,Brentford,1,3,A,0.0,1.0,A,12.0,10.0,6.0,6.0,14.0,14.0,6.0,6.0,2.0,3.0,1.0,0.0
2020/21,2020-12-12,QPR,Reading,0,1,A,0.0,0.0,D,9.0,6.0,2.0,2.0,12.0,5.0,2.0,3.0,1.0,0.0,0.0,0.0
2020/21,2020-12-12,Rotherham,Bristol City,2,0,H,2.0,0.0,H,22.0,4.0,8.0,2.0,13.0,14.0,6.0,3.0,2.0,1.0,0.0,0.0
2020/21,2020-12-12,Sheffield Weds,Barnsley,1,2,A,1.0,2.0,A,7.0,11.0,4.0,3.0,12.0,10.0,6.0,4.0,1.0,0.0,0.0,0.0
2020/21,2020-12-12,Wycombe,Coventry,1,2,A,0.0,2.0,A,11.0,9.0,3.0,3.0,23.0,15.0,4.0,4.0,1.0,4.0,0.0,0.0
2020/21,2020-12-15,Barnsley,Preston,2,1,H,0.0,1.0,A,11.0,4.0,3.0,3.0,11.0,12.0,3.0,2.0,2.0,2.0,0.0,0.0
2020/21,2020-12-15,Bournemouth,Wycombe,1,0,H,0.0,0.0,D,22.0,10.0,7.0,3.0,7.0,13.0,8.0,4.0,1.0,1.0,0.0,1.0
2020/21,2020-12-15,Bristol City,Millwall,0,2,A,0.0,1.0,A,3.0,13.0,1.0,5.0,14.0,11.0,0.0,2.0,1.0,0.0,1.0,0.0
2020/21,2020-12-15,Nott'm Forest,Sheffield Weds,2,0,H,1.0,0.0,H,12.0,5.0,4.0,1.0,12.0,10.0,6.0,1.0,0.0,1.0,0.0,0.0
2020/21,2020-12-15,QPR,Stoke,0,0,D,0.0,0.0,D,12.0,6.0,2.0,2.0,12.0,7.0,5.0,3.0,2.0,1.0,0.0,0.0
2020/21,2020-12-15,Watford,Brentford,1,1,D,0.0,0.0,D,14.0,12.0,3.0,2.0,18.0,12.0,2.0,0.0,4.0,0.0,0.0,1.0
2020/21,2020-12-16,Blackburn,Rotherham,2,1,H,0.0,0.0,D,11.0,10.0,4.0,1.0,12.0,12.0,3.0,0.0,2.0,3.0,0.0,0.0
2020/21,2020-12-16,Cardiff,Birmingham,3,2,H,1.0,1.0,D,13.0,15.0,7.0,4.0,10.0,19.0,8.0,1.0,2.0,2.0,0.0,0.0
2020/21,2020-12-16,Coventry,Huddersfield,0,0,D,0.0,0.0,D,5.0,6.0,3.0,2.0,15.0,12.0,0.0,3.0,1.0,1.0,0.0,0.0
2020/21,2020-12-16,Derby,Swansea,2,0,H,2.0,0.0,H,11.0,4.0,5.0,0.0,16.0,12.0,2.0,5.0,0.0,1.0,0.0,0.0
2020/21,2020-12-16,Middlesbrough,Luton,1,0,H,0.0,0.0,D,4.0,11.0,2.0,3.0,12.0,12.0,4.0,8.0,1.0,1.0,1.0,0.0
2020/21,2020-12-16,Reading,Norwich,1,2,A,1.0,1.0,D,7.0,11.0,2.0,6.0,15.0,10.0,4.0,5.0,1.0,0.0,0.0,0.0
2020/21,2020-12-18,Preston,Bristol City,1,0,H,1.0,0.0,H,14.0,8.0,4.0,3.0,14.0,10.0,9.0,7.0,1.0,0.0,0.0,0.0
2020/21,2020-12-19,Birmingham,Middlesbrough,1,4,A,1.0,2.0,A,9.0,6.0,2.0,4.0,17.0,10.0,4.0,2.0,0.0,0.0,0.0,0.0
2020/21,2020-12-19,Brentford,Reading,3,1,H,3.0,0.0,H,11.0,9.0,4.0,5.0,17.0,6.0,5.0,5.0,2.0,1.0,0.0,0.0
2020/21,2020-12-19,Huddersfield,Watford,2,0,H,2.0,0.0,H,10.0,21.0,3.0,5.0,13.0,11.0,5.0,7.0,2.0,1.0,0.0,0.0
2020/21,2020-12-19,Luton,Bournemouth,0,0,D,0.0,0.0,D,8.0,16.0,4.0,2.0,16.0,12.0,6.0,7.0,1.0,1.0,0.0,0.0
2020/21,2020-12-19,Millwall,Nott'm Forest,1,1,D,0.0,0.0,D,15.0,4.0,5.0,1.0,13.0,15.0,5.0,2.0,2.0,4.0,0.0,0.0
2020/21,2020-12-19,Norwich,Cardiff,2,0,H,1.0,0.0,H,16.0,10.0,5.0,3.0,14.0,16.0,6.0,7.0,0.0,4.0,0.0,0.0
2020/21,2020-12-19,Sheffield Weds,Coventry,1,0,H,0.0,0.0,D,12.0,13.0,4.0,5.0,15.0,10.0,5.0,3.0,2.0,1.0,0.0,0.0
2020/21,2020-12-19,Stoke,Blackburn,1,0,H,1.0,0.0,H,3.0,15.0,1.0,3.0,9.0,9.0,2.0,6.0,1.0,0.0,0.0,0.0
2020/21,2020-12-19,Swansea,Barnsley,2,0,H,1.0,0.0,H,6.0,8.0,2.0,1.0,10.0,11.0,4.0,6.0,1.0,1.0,0.0,0.0
2020/21,2020-12-19,Wycombe,QPR,1,1,D,0.0,1.0,A,15.0,11.0,7.0,5.0,17.0,10.0,5.0,8.0,2.0,1.0,0.0,0.0
2020/21,2020-12-26,Barnsley,Huddersfield,2,1,H,1.0,1.0,D,10.0,6.0,7.0,1.0,15.0,8.0,5.0,4.0,1.0,0.0,0.0,0.0
2020/21,2020-12-26,Blackburn,Sheffield Weds,1,1,D,0.0,1.0,A,16.0,7.0,4.0,1.0,7.0,9.0,5.0,1.0,1.0,0.0,0.0,0.0
2020/21,2020-12-26,Bristol City,Wycombe,2,1,H,1.0,0.0,H,9.0,13.0,4.0,1.0,15.0,11.0,7.0,7.0,0.0,2.0,0.0,0.0
2020/21,2020-12-26,Cardiff,Brentford,2,3,A,1.0,0.0,H,6.0,16.0,3.0,7.0,13.0,7.0,3.0,6.0,1.0,0.0,0.0,0.0
2020/21,2020-12-26,Coventry,Stoke,0,0,D,0.0,0.0,D,7.0,11.0,2.0,1.0,12.0,11.0,7.0,6.0,0.0,1.0,0.0,0.0
2020/21,2020-12-26,Derby,Preston,0,1,A,0.0,0.0,D,5.0,9.0,1.0,4.0,11.0,10.0,2.0,7.0,0.0,1.0,1.0,0.0
2020/21,2020-12-26,Nott'm Forest,Birmingham,0,0,D,0.0,0.0,D,14.0,8.0,6.0,3.0,11.0,18.0,7.0,3.0,3.0,2.0,0.0,0.0
2020/21,2020-12-26,QPR,Swansea,0,2,A,0.0,1.0,A,12.0,6.0,1.0,4.0,16.0,12.0,7.0,3.0,1.0,1.0,0.0,0.0
2020/21,2020-12-26,Reading,Luton,2,1,H,2.0,0.0,H,4.0,8.0,2.0,3.0,18.0,10.0,2.0,4.0,1.0,2.0,0.0,0.0
2020/21,2020-12-26,Watford,Norwich,1,0,H,1.0,0.0,H,7.0,16.0,1.0,3.0,18.0,8.0,11.0,4.0,4.0,0.0,0.0,0.0
2020/21,2020-12-29,Birmingham,Derby,0,4,A,0.0,3.0,A,7.0,20.0,1.0,9.0,17.0,14.0,2.0,7.0,0.0,1.0,0.0,0.0
2020/21,2020-12-29,Huddersfield,Blackburn,2,1,H,0.0,0.0,D,15.0,16.0,7.0,4.0,17.0,12.0,5.0,3.0,3.0,2.0,0.0,0.0
2020/21,2020-12-29,Luton,Bristol City,2,1,H,1.0,0.0,H,11.0,8.0,5.0,1.0,15.0,11.0,6.0,3.0,1.0,1.0,0.0,0.0
2020/21,2020-12-29,Norwich,QPR,1,1,D,0.0,0.0,D,23.0,12.0,9.0,3.0,10.0,17.0,8.0,7.0,3.0,6.0,0.0,0.0
2020/21,2020-12-29,Preston,Coventry,2,0,H,1.0,0.0,H,7.0,10.0,4.0,4.0,18.0,12.0,3.0,8.0,3.0,0.0,0.0,0.0
2020/21,2020-12-29,Rotherham,Barnsley,1,2,A,0.0,2.0,A,10.0,7.0,5.0,3.0,14.0,13.0,5.0,1.0,3.0,1.0,0.0,0.0
2020/21,2020-12-29,Sheffield Weds,Middlesbrough,2,1,H,2.0,0.0,H,5.0,21.0,3.0,3.0,14.0,11.0,2.0,5.0,1.0,2.0,0.0,0.0
2020/21,2020-12-29,Stoke,Nott'm Forest,1,1,D,1.0,0.0,H,6.0,14.0,4.0,2.0,11.0,13.0,1.0,9.0,1.0,0.0,0.0,0.0
2020/21,2020-12-29,Wycombe,Cardiff,2,1,H,1.0,0.0,H,12.0,16.0,4.0,3.0,11.0,12.0,5.0,7.0,2.0,2.0,0.0,0.0
2020/21,2020-12-30,Brentford,Bournemouth,2,1,H,1.0,1.0,D,16.0,11.0,8.0,6.0,9.0,8.0,7.0,6.0,0.0,1.0,0.0,0.0
2020/21,2020-12-30,Swansea,Reading,0,0,D,0.0,0.0,D,11.0,8.0,6.0,3.0,12.0,14.0,7.0,2.0,1.0,0.0,0.0,0.0
2020/21,2021-01-01,Sheffield Weds,Derby,1,0,H,0.0,0.0,D,10.0,14.0,5.0,3.0,11.0,14.0,0.0,7.0,0.0,2.0,0.0,0.0
2020/21,2021-01-02,Birmingham,Blackburn,0,2,A,0.0,1.0,A,7.0,11.0,1.0,6.0,13.0,9.0,7.0,3.0,1.0,3.0,0.0,0.0
2020/21,2021-01-02,Huddersfield,Reading,1,2,A,1.0,0.0,H,7.0,8.0,2.0,5.0,17.0,9.0,4.0,4.0,2.0,1.0,0.0,0.0
2020/21,2021-01-02,Millwall,Coventry,1,2,A,0.0,2.0,A,6.0,17.0,3.0,5.0,18.0,9.0,3.0,9.0,1.0,1.0,1.0,0.0
2020/21,2021-01-02,Norwich,Barnsley,1,0,H,0.0,0.0,D,11.0,8.0,6.0,2.0,5.0,13.0,7.0,2.0,0.0,1.0,0.0,0.0
2020/21,2021-01-02,Preston,Nott'm Forest,0,1,A,0.0,0.0,D,14.0,10.0,3.0,1.0,7.0,12.0,6.0,7.0,1.0,3.0,0.0,0.0
2020/21,2021-01-02,Stoke,Bournemouth,0,1,A,0.0,0.0,D,11.0,10.0,3.0,2.0,11.0,14.0,2.0,3.0,4.0,1.0,0.0,0.0
2020/21,2021-01-02,Swansea,Watford,2,1,H,1.0,1.0,D,13.0,11.0,5.0,3.0,12.0,13.0,6.0,8.0,3.0,2.0,0.0,0.0
2020/21,2021-01-02,Wycombe,Middlesbrough,1,3,A,1.0,2.0,A,12.0,21.0,2.0,7.0,14.0,9.0,6.0,10.0,2.0,3.0,0.0,0.0
2020/21,2021-01-12,Bournemouth,Millwall,1,1,D,1.0,0.0,H,6.0,15.0,2.0,6.0,13.0,10.0,7.0,7.0,1.0,2.0,0.0,0.0
2020/21,2021-01-12,Luton,QPR,0,2,A,0.0,1.0,A,9.0,13.0,2.0,8.0,7.0,11.0,2.0,6.0,0.0,1.0,0.0,0.0
2020/21,2021-01-16,Barnsley,Swansea,0,2,A,0.0,1.0,A,15.0,7.0,3.0,2.0,11.0,8.0,8.0,5.0,1.0,1.0,0.0,0.0
2020/21,2021-01-16,Blackburn,Stoke,1,1,D,0.0,1.0,A,7.0,14.0,3.0,2.0,11.0,14.0,2.0,7.0,1.0,2.0,0.0,1.0
2020/21,2021-01-16,Bournemouth,Luton,0,1,A,0.0,0.0,D,14.0,8.0,4.0,4.0,12.0,16.0,8.0,4.0,1.0,2.0,1.0,0.0
2020/21,2021-01-16,Bristol City,Preston,2,0,H,1.0,0.0,H,13.0,9.0,5.0,1.0,12.0,10.0,5.0,2.0,1.0,1.0,0.0,0.0
2020/21,2021-01-16,Cardiff,Norwich,1,2,A,0.0,2.0,A,12.0,17.0,4.0,7.0,26.0,15.0,3.0,7.0,3.0,0.0,1.0,0.0
2020/21,2021-01-16,Derby,Rotherham,0,1,A,0.0,0.0,D,9.0,10.0,4.0,3.0,15.0,13.0,7.0,2.0,2.0,1.0,0.0,0.0
2020/21,2021-01-16,Middlesbrough,Birmingham,0,1,A,0.0,1.0,A,8.0,6.0,3.0,2.0,12.0,16.0,6.0,4.0,1.0,2.0,0.0,0.0
2020/21,2021-01-16,Nott'm Forest,Millwall,3,1,H,1.0,0.0,H,17.0,15.0,5.0,5.0,11.0,9.0,5.0,8.0,1.0,0.0,0.0,0.0
2020/21,2021-01-16,Watford,Huddersfield,2,0,H,0.0,0.0,D,10.0,5.0,7.0,1.0,10.0,12.0,4.0,3.0,3.0,2.0,0.0,0.0
2020/21,2021-01-19,Derby,Bournemouth,1,0,H,1.0,0.0,H,12.0,10.0,6.0,2.0,12.0,12.0,3.0,4.0,0.0,1.0,0.0,0.0
2020/21,2021-01-19,Reading,Coventry,3,0,H,1.0,0.0,H,12.0,7.0,6.0,2.0,12.0,17.0,0.0,5.0,3.0,1.0,0.0,1.0
2020/21,2021-01-19,Rotherham,Stoke,3,3,D,1.0,1.0,D,13.0,11.0,3.0,4.0,10.0,14.0,5.0,7.0,2.0,0.0,0.0,0.0
2020/21,2021-01-19,Watford,Barnsley,1,0,H,1.0,0.0,H,9.0,11.0,3.0,0.0,13.0,11.0,5.0,3.0,1.0,1.0,0.0,0.0
2020/21,2021-01-20,Birmingham,Preston,0,1,A,0.0,0.0,D,14.0,5.0,2.0,2.0,9.0,8.0,5.0,3.0,2.0,0.0,0.0,0.0
2020/21,2021-01-20,Brentford,Luton,1,0,H,1.0,0.0,H,15.0,11.0,5.0,3.0,14.0,17.0,6.0,5.0,1.0,1.0,1.0,1.0
2020/21,2021-01-20,Cardiff,QPR,0,1,A,0.0,0.0,D,11.0,11.0,6.0,5.0,12.0,16.0,4.0,6.0,0.0,3.0,0.0,0.0
2020/21,2021-01-20,Huddersfield,Millwall,0,1,A,0.0,1.0,A,8.0,5.0,1.0,1.0,13.0,14.0,3.0,7.0,0.0,2.0,0.0,0.0
2020/21,2021-01-20,Norwich,Bristol City,2,0,H,1.0,0.0,H,14.0,3.0,6.0,0.0,5.0,11.0,6.0,3.0,1.0,1.0,0.0,0.0
2020/21,2021-01-20,Nott'm Forest,Middlesbrough,1,2,A,0.0,1.0,A,5.0,16.0,1.0,4.0,21.0,12.0,4.0,6.0,3.0,2.0,1.0,0.0
2020/21,2021-01-22,Stoke,Watford,1,2,A,0.0,0.0,D,14.0,7.0,3.0,4.0,10.0,15.0,8.0,4.0,1.0,2.0,0.0,0.0
2020/21,2021-01-23,QPR,Derby,0,1,A,0.0,0.0,D,12.0,6.0,2.0,2.0,15.0,11.0,8.0,5.0,2.0,1.0,0.0,0.0
2020/21,2021-01-24,Middlesbrough,Blackburn,0,1,A,0.0,0.0,D,12.0,7.0,3.0,2.0,11.0,15.0,7.0,5.0,3.0,1.0,0.0,0.0
2020/21,2021-01-24,Preston,Reading,0,0,D,0.0,0.0,D,8.0,12.0,2.0,4.0,18.0,9.0,4.0,5.0,4.0,0.0,0.0,0.0
2020/21,2021-01-26,Bristol City,Huddersfield,2,1,H,2.0,0.0,H,4.0,26.0,2.0,6.0,11.0,8.0,0.0,13.0,3.0,2.0,0.0,0.0
2020/21,2021-01-26,Millwall,Watford,0,0,D,0.0,0.0,D,4.0,13.0,2.0,5.0,10.0,17.0,2.0,8.0,2.0,4.0,0.0,0.0
2020/21,2021-01-27,Barnsley,Cardiff,2,2,D,1.0,0.0,H,12.0,11.0,4.0,4.0,21.0,13.0,1.0,3.0,0.0,0.0,0.0,0.0
2020/21,2021-01-27,Coventry,Sheffield Weds,2,0,H,0.0,0.0,D,14.0,6.0,5.0,1.0,8.0,14.0,5.0,7.0,2.0,3.0,0.0,0.0
2020/21,2021-01-27,Middlesbrough,Rotherham,0,3,A,0.0,1.0,A,14.0,11.0,1.0,6.0,13.0,14.0,7.0,3.0,0.0,0.0,0.0,0.0
2020/21,2021-01-27,Swansea,Brentford,1,1,D,0.0,0.0,D,2.0,21.0,1.0,5.0,17.0,11.0,1.0,9.0,3.0,0.0,1.0,0.0
2020/21,2021-01-29,Reading,Bournemouth,3,1,H,3.0,0.0,H,18.0,19.0,9.0,5.0,12.0,19.0,2.0,12.0,1.0,1.0,0.0,0.0
2020/21,2021-01-30,Birmingham,Coventry,1,1,D,1.0,1.0,D,13.0,13.0,3.0,3.0,19.0,11.0,9.0,0.0,3.0,1.0,0.0,0.0
2020/21,2021-01-30,Blackburn,Luton,1,0,H,0.0,0.0,D,10.0,7.0,2.0,1.0,12.0,16.0,3.0,3.0,1.0,1.0,0.0,0.0
2020/21,2021-01-30,Brentford,Wycombe,7,2,H,2.0,2.0,D,22.0,11.0,13.0,5.0,11.0,18.0,5.0,2.0,0.0,1.0,0.0,0.0
2020/21,2021-01-30,Cardiff,Millwall,1,1,D,0.0,1.0,A,17.0,5.0,3.0,1.0,10.0,14.0,5.0,3.0,3.0,0.0,0.0,0.0
2020/21,2021-01-30,Derby,Bristol City,1,0,H,1.0,0.0,H,12.0,4.0,6.0,2.0,14.0,13.0,4.0,0.0,1.0,1.0,0.0,0.0
2020/21,2021-01-30,Huddersfield,Stoke,1,1,D,1.0,1.0,D,18.0,7.0,4.0,1.0,12.0,9.0,10.0,3.0,0.0,1.0,0.0,1.0
2020/21,2021-01-30,Norwich,Middlesbrough,0,0,D,0.0,0.0,D,10.0,12.0,0.0,3.0,12.0,19.0,3.0,7.0,0.0,2.0,1.0,0.0
2020/21,2021-01-30,Nott'm Forest,Barnsley,0,0,D,0.0,0.0,D,6.0,12.0,1.0,3.0,10.0,16.0,4.0,8.0,1.0,2.0,0.0,0.0
2020/21,2021-01-30,Rotherham,Swansea,1,3,A,0.0,2.0,A,13.0,6.0,2.0,5.0,9.0,10.0,7.0,7.0,1.0,1.0,0.0,0.0
2020/21,2021-01-30,Sheffield Weds,Preston,1,0,H,1.0,0.0,H,10.0,10.0,2.0,3.0,7.0,7.0,6.0,3.0,1.0,1.0,0.0,0.0
2020/21,2021-02-01,Watford,QPR,1,2,A,0.0,0.0,D,10.0,13.0,4.0,5.0,9.0,12.0,7.0,5.0,2.0,1.0,0.0,0.0
2020/21,2021-02-02,Bournemouth,Sheffield Weds,1,2,A,0.0,1.0,A,12.0,14.0,5.0,5.0,8.0,11.0,7.0,5.0,1.0,2.0,0.0,0.0
2020/21,2021-02-02,Coventry,Nott'm Forest,1,2,A,1.0,1.0,D,14.0,6.0,5.0,1.0,11.0,16.0,6.0,5.0,1.0,4.0,0.0,0.0
2020/21,2021-02-02,Millwall,Norwich,0,0,D,0.0,0.0,D,15.0,17.0,3.0,2.0,14.0,6.0,4.0,4.0,1.0,2.0,0.0,0.0
2020/21,2021-02-02,Wycombe,Birmingham,0,0,D,0.0,0.0,D,3.0,18.0,2.0,5.0,15.0,10.0,4.0,7.0,1.0,1.0,0.0,1.0
2020/21,2021-02-03,Brentford,Bristol City,3,2,H,1.0,1.0,D,17.0,7.0,8.0,4.0,8.0,14.0,5.0,3.0,0.0,0.0,0.0,0.0
2020/21,2021-02-03,Rotherham,Derby,3,0,H,0.0,0.0,D,9.0,10.0,4.0,2.0,16.0,12.0,5.0,5.0,2.0,3.0,0.0,0.0
2020/21,2021-02-05,Swansea,Norwich,2,0,H,1.0,0.0,H,9.0,13.0,4.0,1.0,13.0,12.0,4.0,2.0,3.0,2.0,0.0,0.0
2020/21,2021-02-06,Bournemouth,Birmingham,3,2,H,1.0,1.0,D,8.0,9.0,4.0,6.0,9.0,19.0,2.0,6.0,1.0,2.0,0.0,0.0
2020/21,2021-02-06,Bristol City,Cardiff,0,2,A,0.0,2.0,A,7.0,12.0,1.0,4.0,12.0,14.0,3.0,11.0,3.0,2.0,0.0,0.0
2020/21,2021-02-06,Coventry,Watford,0,0,D,0.0,0.0,D,14.0,13.0,6.0,3.0,9.0,18.0,5.0,6.0,0.0,2.0,0.0,0.0
2020/21,2021-02-06,Luton,Huddersfield,1,1,D,1.0,0.0,H,14.0,7.0,4.0,2.0,14.0,18.0,7.0,6.0,1.0,3.0,0.0,1.0
2020/21,2021-02-06,Middlesbrough,Brentford,1,4,A,1.0,1.0,D,11.0,15.0,6.0,6.0,11.0,16.0,7.0,2.0,1.0,2.0,0.0,0.0
2020/21,2021-02-06,Millwall,Sheffield Weds,4,1,H,1.0,1.0,D,21.0,4.0,9.0,2.0,10.0,14.0,9.0,1.0,1.0,1.0,0.0,0.0
2020/21,2021-02-06,Preston,Rotherham,1,2,A,0.0,1.0,A,14.0,15.0,6.0,5.0,9.0,15.0,5.0,3.0,1.0,3.0,0.0,0.0
2020/21,2021-02-06,QPR,Blackburn,1,0,H,0.0,0.0,D,12.0,15.0,2.0,7.0,17.0,11.0,5.0,7.0,3.0,2.0,0.0,0.0
2020/21,2021-02-06,Stoke,Reading,0,0,D,0.0,0.0,D,10.0,8.0,2.0,1.0,14.0,8.0,6.0,4.0,3.0,0.0,0.0,0.0
2020/21,2021-02-06,Wycombe,Nott'm Forest,0,3,A,0.0,1.0,A,11.0,17.0,1.0,5.0,17.0,12.0,3.0,6.0,0.0,0.0,0.0,0.0
2020/21,2021-02-09,Rotherham,Cardiff,1,2,A,0.0,1.0,A,15.0,12.0,3.0,6.0,13.0,11.0,12.0,7.0,0.0,0.0,0.0,0.0
2020/21,2021-02-09,Sheffield Weds,Wycombe,2,0,H,1.0,0.0,H,15.0,6.0,8.0,2.0,15.0,14.0,9.0,2.0,0.0,2.0,0.0,0.0
2020/21,2021-02-10,Reading,Brentford,1,3,A,1.0,1.0,D,8.0,5.0,3.0,4.0,17.0,12.0,9.0,5.0,1.0,0.0,0.0,0.0
2020/21,2021-02-12,Blackburn,Preston,1,2,A,1.0,2.0,A,15.0,9.0,2.0,3.0,7.0,16.0,6.0,5.0,0.0,2.0,0.0,0.0
2020/21,2021-02-13,Birmingham,Luton,0,1,A,0.0,1.0,A,4.0,9.0,1.0,4.0,18.0,16.0,4.0,7.0,2.0,1.0,0.0,0.0
2020/21,2021-02-13,Cardiff,Coventry,3,1,H,2.0,0.0,H,8.0,21.0,3.0,5.0,24.0,11.0,1.0,4.0,3.0,1.0,0.0,0.0
2020/21,2021-02-13,Derby,Middlesbrough,2,1,H,2.0,1.0,H,10.0,7.0,5.0,5.0,17.0,17.0,3.0,1.0,2.0,1.0,0.0,0.0
2020/21,2021-02-13,Huddersfield,Wycombe,2,3,A,2.0,1.0,H,10.0,16.0,4.0,7.0,11.0,17.0,2.0,2.0,4.0,4.0,0.0,0.0
2020/21,2021-02-13,Norwich,Stoke,4,1,H,2.0,0.0,H,16.0,11.0,7.0,3.0,8.0,10.0,3.0,7.0,0.0,2.0,0.0,0.0
2020/21,2021-02-13,Nott'm Forest,Bournemouth,0,0,D,0.0,0.0,D,10.0,4.0,3.0,0.0,14.0,12.0,3.0,6.0,2.0,1.0,0.0,0.0
2020/21,2021-02-13,Reading,Millwall,1,2,A,1.0,0.0,H,17.0,16.0,6.0,4.0,8.0,17.0,4.0,5.0,0.0,2.0,0.0,0.0
2020/21,2021-02-13,Watford,Bristol City,6,0,H,4.0,0.0,H,17.0,4.0,7.0,1.0,12.0,9.0,11.0,2.0,2.0,3.0,0.0,0.0
2020/21,2021-02-14,Brentford,Barnsley,0,2,A,0.0,1.0,A,14.0,11.0,3.0,6.0,9.0,24.0,7.0,5.0,1.0,4.0,0.0,0.0
2020/21,2021-02-16,Bristol City,Reading,0,2,A,0.0,2.0,A,5.0,14.0,1.0,5.0,24.0,7.0,5.0,6.0,4.0,3.0,0.0,0.0
2020/21,2021-02-16,Luton,Cardiff,0,2,A,0.0,0.0,D,8.0,10.0,3.0,7.0,13.0,13.0,9.0,5.0,0.0,1.0,0.0,0.0
2020/21,2021-02-16,Middlesbrough,Huddersfield,2,1,H,2.0,1.0,H,11.0,16.0,5.0,5.0,14.0,17.0,9.0,4.0,1.0,1.0,1.0,0.0
2020/21,2021-02-16,Preston,Watford,0,1,A,0.0,0.0,D,12.0,9.0,0.0,1.0,14.0,10.0,4.0,8.0,0.0,1.0,0.0,0.0
2020/21,2021-02-16,Stoke,Sheffield Weds,1,0,H,0.0,0.0,D,11.0,5.0,6.0,2.0,15.0,14.0,7.0,4.0,1.0,1.0,0.0,0.0
2020/21,2021-02-16,Wycombe,Derby,1,2,A,0.0,1.0,A,17.0,14.0,6.0,3.0,14.0,15.0,5.0,3.0,2.0,2.0,0.0,0.0
2020/21,2021-02-17,Barnsley,Blackburn,2,1,H,0.0,0.0,D,16.0,8.0,6.0,3.0,10.0,11.0,7.0,2.0,1.0,1.0,0.0,0.0
2020/21,2021-02-17,Bournemouth,Rotherham,1,0,H,1.0,0.0,H,11.0,7.0,6.0,1.0,9.0,10.0,5.0,4.0,0.0,3.0,0.0,0.0
2020/21,2021-02-17,Coventry,Norwich,0,2,A,0.0,2.0,A,10.0,12.0,4.0,5.0,20.0,8.0,4.0,5.0,1.0,3.0,0.0,0.0
2020/21,2021-02-17,Millwall,Birmingham,2,0,H,1.0,0.0,H,8.0,12.0,4.0,3.0,14.0,18.0,2.0,5.0,2.0,2.0,0.0,0.0
2020/21,2021-02-17,QPR,Brentford,2,1,H,0.0,1.0,A,9.0,10.0,3.0,2.0,17.0,16.0,5.0,4.0,5.0,1.0,0.0,0.0
2020/21,2021-02-17,Swansea,Nott'm Forest,1,0,H,0.0,0.0,D,5.0,11.0,2.0,3.0,9.0,10.0,7.0,6.0,1.0,0.0,0.0,0.0
2020/21,2021-02-19,Watford,Derby,2,1,H,2.0,0.0,H,8.0,4.0,4.0,0.0,12.0,9.0,3.0,10.0,2.0,2.0,0.0,0.0
2020/21,2021-02-20,Bristol City,Barnsley,0,1,A,0.0,0.0,D,1.0,15.0,1.0,5.0,8.0,14.0,0.0,5.0,1.0,2.0,0.0,0.0
2020/21,2021-02-20,Cardiff,Preston,4,0,H,1.0,0.0,H,12.0,12.0,8.0,5.0,9.0,8.0,1.0,5.0,2.0,0.0,0.0,0.0
2020/21,2021-02-20,Coventry,Brentford,2,0,H,1.0,0.0,H,11.0,10.0,5.0,2.0,14.0,15.0,4.0,7.0,2.0,0.0,0.0,0.0
2020/21,2021-02-20,Huddersfield,Swansea,4,1,H,1.0,1.0,D,11.0,9.0,5.0,3.0,8.0,10.0,4.0,4.0,1.0,1.0,0.0,0.0
2020/21,2021-02-20,Millwall,Wycombe,0,0,D,0.0,0.0,D,13.0,9.0,3.0,3.0,15.0,14.0,2.0,0.0,2.0,1.0,0.0,0.0
2020/21,2021-02-20,Norwich,Rotherham,1,0,H,1.0,0.0,H,13.0,9.0,4.0,2.0,9.0,17.0,3.0,5.0,0.0,1.0,0.0,0.0
2020/21,2021-02-20,Nott'm Forest,Blackburn,1,0,H,1.0,0.0,H,13.0,12.0,3.0,5.0,18.0,19.0,2.0,2.0,2.0,1.0,0.0,0.0
2020/21,2021-02-20,QPR,Bournemouth,2,1,H,0.0,0.0,D,11.0,11.0,5.0,5.0,16.0,9.0,2.0,3.0,3.0,1.0,0.0,0.0
2020/21,2021-02-20,Reading,Middlesbrough,0,2,A,0.0,2.0,A,13.0,8.0,3.0,5.0,8.0,17.0,5.0,4.0,2.0,2.0,0.0,0.0
2020/21,2021-02-20,Sheffield Weds,Birmingham,0,1,A,0.0,0.0,D,10.0,7.0,3.0,2.0,7.0,14.0,7.0,2.0,0.0,2.0,1.0,0.0
2020/21,2021-02-20,Stoke,Luton,3,0,H,1.0,0.0,H,18.0,8.0,8.0,1.0,13.0,11.0,8.0,2.0,1.0,2.0,0.0,0.0
2020/21,2021-02-23,Birmingham,Norwich,1,3,A,1.0,1.0,D,14.0,12.0,6.0,6.0,19.0,8.0,4.0,3.0,2.0,2.0,0.0,0.0
2020/21,2021-02-23,Derby,Huddersfield,2,0,H,1.0,0.0,H,12.0,5.0,4.0,1.0,7.0,13.0,3.0,6.0,1.0,1.0,0.0,1.0
2020/21,2021-02-23,Luton,Millwall,1,1,D,0.0,0.0,D,9.0,14.0,4.0,3.0,11.0,17.0,1.0,4.0,2.0,1.0,0.0,0.0
2020/21,2021-02-23,Middlesbrough,Bristol City,1,3,A,0.0,3.0,A,17.0,6.0,3.0,6.0,10.0,13.0,6.0,2.0,1.0,2.0,0.0,0.0
2020/21,2021-02-23,Rotherham,Nott'm Forest,0,1,A,0.0,0.0,D,7.0,10.0,1.0,4.0,18.0,10.0,2.0,5.0,3.0,1.0,0.0,0.0
2020/21,2021-02-23,Wycombe,Reading,1,0,H,0.0,0.0,D,9.0,18.0,5.0,4.0,16.0,14.0,3.0,11.0,2.0,2.0,1.0,0.0
2020/21,2021-02-24,Barnsley,Stoke,2,0,H,1.0,0.0,H,12.0,12.0,4.0,1.0,12.0,8.0,5.0,8.0,0.0,3.0,0.0,0.0
2020/21,2021-02-24,Blackburn,Watford,2,3,A,1.0,2.0,A,10.0,17.0,5.0,7.0,13.0,9.0,7.0,6.0,1.0,0.0,0.0,0.0
2020/21,2021-02-24,Bournemouth,Cardiff,1,2,A,0.0,2.0,A,11.0,9.0,6.0,4.0,20.0,16.0,4.0,5.0,3.0,4.0,0.0,0.0
2020/21,2021-02-24,Brentford,Sheffield Weds,3,0,H,1.0,0.0,H,12.0,3.0,4.0,1.0,15.0,9.0,4.0,4.0,3.0,1.0,0.0,0.0
2020/21,2021-02-24,Preston,QPR,0,0,D,0.0,0.0,D,15.0,6.0,3.0,2.0,9.0,11.0,8.0,2.0,0.0,2.0,0.0,0.0
2020/21,2021-02-24,Swansea,Coventry,1,0,H,0.0,0.0,D,11.0,8.0,2.0,1.0,12.0,18.0,2.0,4.0,1.0,2.0,0.0,0.0
2020/21,2021-02-26,Derby,Nott'm Forest,1,1,D,0.0,1.0,A,13.0,13.0,2.0,5.0,12.0,13.0,3.0,5.0,1.0,0.0,0.0,0.0
2020/21,2021-02-27,Barnsley,Millwall,2,1,H,1.0,1.0,D,14.0,6.0,6.0,3.0,17.0,9.0,10.0,3.0,1.0,1.0,0.0,0.0
2020/21,2021-02-27,Birmingham,QPR,2,1,H,0.0,1.0,A,13.0,10.0,6.0,2.0,12.0,12.0,7.0,3.0,3.0,2.0,0.0,0.0
2020/21,2021-02-27,Blackburn,Coventry,1,1,D,1.0,0.0,H,6.0,10.0,2.0,3.0,11.0,11.0,5.0,2.0,1.0,0.0,0.0,1.0
2020/21,2021-02-27,Bournemouth,Watford,1,0,H,0.0,0.0,D,7.0,12.0,3.0,1.0,13.0,19.0,5.0,4.0,2.0,4.0,1.0,1.0
2020/21,2021-02-27,Brentford,Stoke,2,1,H,0.0,1.0,A,15.0,10.0,4.0,3.0,15.0,18.0,4.0,1.0,1.0,3.0,0.0,0.0
2020/21,2021-02-27,Luton,Sheffield Weds,3,2,H,0.0,2.0,A,7.0,16.0,3.0,3.0,10.0,9.0,7.0,7.0,1.0,2.0,0.0,0.0
2020/21,2021-02-27,Middlesbrough,Cardiff,1,1,D,0.0,1.0,A,10.0,2.0,2.0,2.0,8.0,12.0,11.0,0.0,0.0,3.0,0.0,0.0
2020/21,2021-02-27,Preston,Huddersfield,3,0,H,1.0,0.0,H,13.0,16.0,7.0,7.0,13.0,13.0,5.0,8.0,2.0,3.0,0.0,0.0
2020/21,2021-02-27,Rotherham,Reading,0,1,A,0.0,1.0,A,17.0,11.0,1.0,4.0,15.0,8.0,10.0,8.0,3.0,0.0,0.0,0.0
2020/21,2021-02-27,Swansea,Bristol City,1,3,A,0.0,0.0,D,21.0,9.0,9.0,4.0,10.0,12.0,8.0,3.0,1.0,2.0,0.0,0.0
2020/21,2021-02-28,Wycombe,Norwich,0,2,A,0.0,0.0,D,8.0,19.0,1.0,5.0,18.0,8.0,5.0,4.0,3.0,1.0,0.0,0.0
2020/21,2021-03-02,Cardiff,Derby,4,0,H,1.0,0.0,H,14.0,7.0,11.0,1.0,9.0,5.0,6.0,5.0,0.0,0.0,0.0,0.0
2020/21,2021-03-02,Coventry,Middlesbrough,1,2,A,1.0,1.0,D,8.0,11.0,0.0,2.0,15.0,9.0,3.0,2.0,1.0,2.0,0.0,0.0
2020/21,2021-03-02,Huddersfield,Birmingham,1,1,D,0.0,0.0,D,5.0,11.0,2.0,4.0,6.0,10.0,7.0,3.0,2.0,2.0,0.0,0.0
2020/21,2021-03-02,Millwall,Preston,2,1,H,1.0,1.0,D,13.0,6.0,3.0,2.0,12.0,11.0,4.0,2.0,1.0,1.0,0.0,0.0
2020/21,2021-03-02,Nott'm Forest,Luton,0,1,A,0.0,0.0,D,19.0,9.0,4.0,3.0,8.0,8.0,8.0,1.0,0.0,1.0,0.0,0.0
2020/21,2021-03-02,Reading,Blackburn,1,0,H,1.0,0.0,H,9.0,12.0,4.0,2.0,11.0,15.0,2.0,5.0,1.0,3.0,0.0,0.0
2020/21,2021-03-03,Bristol City,Bournemouth,1,2,A,1.0,1.0,D,8.0,14.0,3.0,5.0,7.0,11.0,4.0,5.0,0.0,1.0,0.0,0.0
2020/21,2021-03-03,Norwich,Brentford,1,0,H,1.0,0.0,H,13.0,11.0,7.0,2.0,12.0,13.0,2.0,1.0,2.0,1.0,0.0,0.0
2020/21,2021-03-03,QPR,Barnsley,1,3,A,1.0,2.0,A,13.0,13.0,4.0,5.0,8.0,9.0,3.0,6.0,1.0,0.0,0.0,0.0
2020/21,2021-03-03,Sheffield Weds,Rotherham,1,2,A,0.0,1.0,A,15.0,9.0,5.0,5.0,13.0,11.0,7.0,4.0,1.0,0.0,0.0,1.0
2020/21,2021-03-03,Stoke,Swansea,1,2,A,1.0,1.0,D,9.0,10.0,2.0,7.0,12.0,10.0,5.0,4.0,0.0,1.0,0.0,0.0
2020/21,2021-03-03,Watford,Wycombe,2,0,H,1.0,0.0,H,11.0,7.0,3.0,0.0,15.0,9.0,3.0,3.0,0.0,0.0,0.0,0.0
2020/21,2021-03-05,Huddersfield,Cardiff,0,0,D,0.0,0.0,D,9.0,8.0,3.0,3.0,13.0,11.0,4.0,4.0,0.0,2.0,0.0,0.0
2020/21,2021-03-06,Barnsley,Birmingham,1,0,H,0.0,0.0,D,12.0,3.0,4.0,0.0,11.0,12.0,5.0,3.0,2.0,2.0,0.0,0.0
2020/21,2021-03-06,Bristol City,QPR,0,2,A,0.0,2.0,A,7.0,16.0,1.0,5.0,10.0,15.0,4.0,8.0,2.0,3.0,0.0,0.0
2020/21,2021-03-06,Coventry,Derby,1,0,H,1.0,0.0,H,10.0,7.0,3.0,1.0,12.0,14.0,5.0,7.0,2.0,4.0,0.0,0.0
2020/21,2021-03-06,Millwall,Blackburn,0,2,A,0.0,1.0,A,12.0,13.0,2.0,5.0,15.0,12.0,3.0,2.0,2.0,3.0,0.0,0.0
2020/21,2021-03-06,Norwich,Luton,3,0,H,2.0,0.0,H,15.0,7.0,5.0,2.0,9.0,6.0,6.0,1.0,0.0,0.0,0.0,0.0
2020/21,2021-03-06,Preston,Bournemouth,1,1,D,0.0,1.0,A,10.0,12.0,3.0,6.0,17.0,8.0,5.0,4.0,2.0,0.0,0.0,0.0
2020/21,2021-03-06,Reading,Sheffield Weds,3,0,H,1.0,0.0,H,15.0,4.0,7.0,0.0,13.0,11.0,7.0,3.0,1.0,0.0,0.0,1.0
2020/21,2021-03-06,Stoke,Wycombe,2,0,H,0.0,0.0,D,16.0,13.0,6.0,2.0,18.0,4.0,6.0,4.0,3.0,2.0,0.0,0.0
2020/21,2021-03-06,Swansea,Middlesbrough,2,1,H,1.0,0.0,H,5.0,8.0,4.0,3.0,13.0,17.0,1.0,7.0,2.0,4.0,0.0,0.0
2020/21,2021-03-06,Watford,Nott'm Forest,1,0,H,1.0,0.0,H,12.0,9.0,4.0,0.0,16.0,8.0,7.0,8.0,2.0,1.0,0.0,0.0
2020/21,2021-03-09,Blackburn,Swansea,1,1,D,1.0,1.0,D,15.0,10.0,4.0,1.0,12.0,12.0,5.0,3.0,1.0,1.0,0.0,0.0
2020/21,2021-03-09,QPR,Wycombe,1,0,H,1.0,0.0,H,10.0,11.0,2.0,2.0,8.0,4.0,4.0,6.0,0.0,0.0,0.0,0.0
2020/21,2021-03-10,Barnsley,Derby,0,0,D,0.0,0.0,D,7.0,6.0,2.0,2.0,14.0,7.0,3.0,5.0,2.0,0.0,0.0,0.0
2020/21,2021-03-12,Blackburn,Brentford,0,1,A,0.0,1.0,A,10.0,13.0,4.0,3.0,19.0,15.0,2.0,3.0,4.0,2.0,0.0,0.0
2020/21,2021-03-13,Birmingham,Bristol City,0,3,A,0.0,1.0,A,9.0,9.0,0.0,4.0,12.0,10.0,5.0,2.0,3.0,2.0,0.0,0.0
2020/21,2021-03-13,Bournemouth,Barnsley,2,3,A,2.0,1.0,H,10.0,17.0,3.0,6.0,7.0,12.0,6.0,6.0,2.0,3.0,0.0,0.0
2020/21,2021-03-13,Cardiff,Watford,1,2,A,1.0,1.0,D,10.0,14.0,1.0,5.0,17.0,12.0,2.0,4.0,2.0,4.0,0.0,0.0
2020/21,2021-03-13,Derby,Millwall,0,1,A,0.0,1.0,A,13.0,2.0,3.0,1.0,10.0,14.0,3.0,1.0,1.0,1.0,0.0,0.0
2020/21,2021-03-13,Luton,Swansea,0,1,A,0.0,1.0,A,12.0,8.0,5.0,2.0,10.0,11.0,7.0,4.0,0.0,4.0,0.0,0.0
2020/21,2021-03-13,Middlesbrough,Stoke,3,0,H,2.0,0.0,H,9.0,16.0,3.0,4.0,9.0,12.0,4.0,9.0,0.0,1.0,0.0,0.0
2020/21,2021-03-13,Nott'm Forest,Reading,1,1,D,0.0,0.0,D,15.0,23.0,4.0,6.0,16.0,9.0,4.0,6.0,1.0,0.0,0.0,0.0
2020/21,2021-03-13,QPR,Huddersfield,0,1,A,0.0,0.0,D,4.0,13.0,2.0,3.0,7.0,9.0,5.0,7.0,1.0,0.0,0.0,0.0
2020/21,2021-03-13,Wycombe,Preston,1,0,H,1.0,0.0,H,14.0,6.0,5.0,1.0,14.0,9.0,9.0,5.0,2.0,1.0,0.0,0.0
2020/21,2021-03-14,Sheffield Weds,Norwich,1,2,A,1.0,0.0,H,12.0,12.0,4.0,3.0,17.0,9.0,3.0,5.0,2.0,3.0,0.0,0.0
2020/21,2021-03-16,Bournemouth,Swansea,3,0,H,2.0,0.0,H,17.0,7.0,3.0,2.0,12.0,13.0,8.0,7.0,1.0,0.0,0.0,0.0
2020/21,2021-03-16,Cardiff,Stoke,0,0,D,0.0,0.0,D,13.0,9.0,2.0,5.0,11.0,13.0,5.0,3.0,1.0,1.0,0.0,0.0
2020/21,2021-03-16,Derby,Brentford,2,2,D,0.0,2.0,A,11.0,10.0,3.0,4.0,10.0,9.0,7.0,4.0,0.0,0.0,0.0,0.0
2020/21,2021-03-16,Luton,Coventry,2,0,H,2.0,0.0,H,20.0,8.0,6.0,1.0,15.0,14.0,5.0,4.0,2.0,0.0,0.0,1.0
2020/21,2021-03-16,Middlesbrough,Preston,2,0,H,1.0,0.0,H,15.0,7.0,3.0,3.0,9.0,12.0,2.0,2.0,1.0,1.0,0.0,1.0
2020/21,2021-03-16,Rotherham,Watford,1,4,A,0.0,3.0,A,11.0,16.0,4.0,10.0,12.0,14.0,5.0,8.0,0.0,0.0,0.0,0.0
2020/21,2021-03-17,Birmingham,Reading,2,1,H,1.0,1.0,D,13.0,8.0,4.0,3.0,15.0,12.0,3.0,2.0,2.0,0.0,0.0,0.0
2020/21,2021-03-17,Blackburn,Bristol City,0,0,D,0.0,0.0,D,13.0,6.0,2.0,3.0,8.0,12.0,6.0,4.0,0.0,1.0,0.0,0.0
2020/21,2021-03-17,Nott'm Forest,Norwich,0,2,A,0.0,2.0,A,5.0,22.0,1.0,7.0,13.0,6.0,4.0,5.0,0.0,1.0,0.0,0.0
2020/21,2021-03-17,QPR,Millwall,3,2,H,0.0,2.0,A,16.0,14.0,8.0,4.0,11.0,8.0,4.0,2.0,2.0,0.0,0.0,0.0
2020/21,2021-03-17,Sheffield Weds,Huddersfield,1,1,D,1.0,0.0,H,8.0,9.0,2.0,3.0,9.0,9.0,2.0,6.0,1.0,1.0,0.0,0.0
2020/21,2021-03-17,Wycombe,Barnsley,1,3,A,0.0,1.0,A,7.0,14.0,3.0,4.0,13.0,11.0,5.0,8.0,2.0,3.0,0.0,1.0
2020/21,2021-03-20,Barnsley,Sheffield Weds,1,2,A,0.0,1.0,A,9.0,6.0,4.0,2.0,8.0,17.0,6.0,2.0,1.0,4.0,0.0,0.0
2020/21,2021-03-20,Brentford,Nott'm Forest,1,1,D,1.0,0.0,H,21.0,8.0,4.0,1.0,18.0,13.0,6.0,2.0,3.0,4.0,0.0,0.0
2020/21,2021-03-20,Bristol City,Rotherham,0,2,A,0.0,1.0,A,10.0,7.0,1.0,4.0,8.0,10.0,7.0,2.0,1.0,1.0,0.0,0.0
2020/21,2021-03-20,Coventry,Wycombe,0,0,D,0.0,0.0,D,9.0,8.0,1.0,1.0,10.0,17.0,1.0,2.0,0.0,2.0,0.0,0.0
2020/21,2021-03-20,Millwall,Middlesbrough,1,0,H,1.0,0.0,H,9.0,10.0,4.0,2.0,12.0,10.0,7.0,11.0,1.0,1.0,0.0,0.0
2020/21,2021-03-20,Norwich,Blackburn,1,1,D,0.0,0.0,D,16.0,11.0,7.0,4.0,12.0,11.0,5.0,4.0,0.0,0.0,0.0,0.0
2020/21,2021-03-20,Preston,Luton,0,1,A,0.0,0.0,D,9.0,20.0,2.0,4.0,12.0,11.0,4.0,3.0,0.0,0.0,0.0,0.0
2020/21,2021-03-20,Reading,QPR,1,1,D,0.0,1.0,A,17.0,13.0,2.0,4.0,8.0,19.0,7.0,5.0,0.0,1.0,0.0,0.0
2020/21,2021-03-20,Stoke,Derby,1,0,H,0.0,0.0,D,11.0,5.0,3.0,0.0,9.0,17.0,1.0,2.0,1.0,1.0,0.0,0.0
2020/21,2021-03-20,Swansea,Cardiff,0,1,A,0.0,1.0,A,23.0,9.0,1.0,7.0,7.0,14.0,11.0,0.0,0.0,3.0,0.0,0.0
2020/21,2021-03-20,Watford,Birmingham,3,0,H,1.0,0.0,H,12.0,14.0,9.0,1.0,9.0,13.0,6.0,5.0,1.0,1.0,0.0,0.0
2020/21,2021-04-02,Barnsley,Reading,1,1,D,0.0,1.0,A,16.0,6.0,2.0,1.0,19.0,6.0,7.0,5.0,3.0,0.0,0.0,0.0
2020/21,2021-04-02,Birmingham,Swansea,1,0,H,0.0,0.0,D,10.0,7.0,4.0,3.0,17.0,9.0,2.0,4.0,1.0,0.0,0.0,0.0
2020/21,2021-04-02,Bournemouth,Middlesbrough,3,1,H,1.0,0.0,H,7.0,8.0,5.0,1.0,4.0,16.0,6.0,6.0,2.0,2.0,0.0,0.0
2020/21,2021-04-02,Bristol City,Stoke,0,2,A,0.0,1.0,A,9.0,5.0,1.0,2.0,10.0,12.0,8.0,2.0,1.0,1.0,0.0,0.0
2020/21,2021-04-02,Cardiff,Nott'm Forest,0,1,A,0.0,1.0,A,18.0,8.0,3.0,1.0,15.0,13.0,6.0,4.0,2.0,3.0,0.0,0.0
2020/21,2021-04-02,Derby,Luton,2,0,H,1.0,0.0,H,11.0,13.0,5.0,3.0,14.0,11.0,5.0,4.0,4.0,2.0,0.0,0.0
2020/21,2021-04-02,Millwall,Rotherham,1,0,H,0.0,0.0,D,12.0,7.0,2.0,2.0,12.0,6.0,8.0,3.0,1.0,1.0,0.0,1.0
2020/21,2021-04-02,Preston,Norwich,1,1,D,0.0,1.0,A,11.0,18.0,3.0,5.0,17.0,10.0,4.0,2.0,1.0,1.0,0.0,0.0
2020/21,2021-04-02,QPR,Coventry,3,0,H,2.0,0.0,H,17.0,10.0,10.0,3.0,17.0,7.0,6.0,6.0,1.0,0.0,0.0,0.0
2020/21,2021-04-02,Watford,Sheffield Weds,1,0,H,1.0,0.0,H,11.0,8.0,2.0,1.0,19.0,14.0,6.0,3.0,2.0,4.0,0.0,0.0
2020/21,2021-04-02,Wycombe,Blackburn,1,0,H,0.0,0.0,D,9.0,11.0,2.0,2.0,17.0,13.0,7.0,4.0,1.0,1.0,0.0,0.0
2020/21,2021-04-03,Huddersfield,Brentford,1,1,D,1.0,0.0,H,3.0,15.0,2.0,5.0,19.0,15.0,2.0,4.0,4.0,1.0,0.0,0.0
2020/21,2021-04-05,Blackburn,Bournemouth,0,2,A,0.0,1.0,A,10.0,6.0,4.0,2.0,16.0,17.0,4.0,3.0,1.0,2.0,0.0,0.0
2020/21,2021-04-05,Coventry,Bristol City,3,1,H,1.0,0.0,H,15.0,6.0,5.0,3.0,14.0,16.0,2.0,0.0,2.0,2.0,0.0,0.0
2020/21,2021-04-05,Luton,Barnsley,1,2,A,0.0,1.0,A,8.0,17.0,2.0,7.0,8.0,8.0,3.0,4.0,1.0,0.0,0.0,0.0
2020/21,2021-04-05,Middlesbrough,Watford,1,1,D,0.0,1.0,A,3.0,10.0,1.0,2.0,11.0,15.0,5.0,2.0,0.0,1.0,0.0,0.0
2020/21,2021-04-05,Nott'm Forest,QPR,3,1,H,1.0,0.0,H,20.0,8.0,8.0,2.0,9.0,11.0,6.0,2.0,3.0,1.0,0.0,0.0
2020/21,2021-04-05,Reading,Derby,3,1,H,1.0,0.0,H,6.0,12.0,5.0,5.0,11.0,11.0,2.0,4.0,2.0,0.0,0.0,0.0
2020/21,2021-04-05,Rotherham,Wycombe,0,3,A,0.0,2.0,A,19.0,11.0,7.0,5.0,14.0,17.0,6.0,2.0,1.0,2.0,0.0,0.0
2020/21,2021-04-05,Sheffield Weds,Cardiff,5,0,H,3.0,0.0,H,12.0,17.0,6.0,3.0,15.0,11.0,4.0,7.0,0.0,0.0,0.0,0.0
2020/21,2021-04-05,Stoke,Millwall,1,2,A,1.0,1.0,D,14.0,10.0,5.0,3.0,11.0,17.0,5.0,4.0,1.0,1.0,0.0,0.0
2020/21,2021-04-05,Swansea,Preston,0,1,A,0.0,0.0,D,9.0,14.0,0.0,3.0,9.0,16.0,1.0,6.0,2.0,0.0,0.0,0.0
2020/21,2021-04-06,Brentford,Birmingham,0,0,D,0.0,0.0,D,9.0,7.0,4.0,0.0,12.0,13.0,5.0,3.0,0.0,0.0,0.0,0.0
2020/21,2021-04-06,Norwich,Huddersfield,7,0,H,5.0,0.0,H,22.0,7.0,11.0,2.0,8.0,12.0,7.0,3.0,0.0,1.0,0.0,0.0
2020/21,2021-04-09,Watford,Reading,2,0,H,2.0,0.0,H,12.0,17.0,3.0,5.0,23.0,14.0,3.0,3.0,3.0,1.0,0.0,0.0
2020/21,2021-04-10,Barnsley,Middlesbrough,2,0,H,0.0,0.0,D,13.0,5.0,5.0,2.0,12.0,7.0,5.0,6.0,1.0,0.0,0.0,0.0
2020/21,2021-04-10,Birmingham,Stoke,2,0,H,1.0,0.0,H,9.0,5.0,3.0,1.0,13.0,13.0,3.0,4.0,1.0,1.0,0.0,0.0
2020/21,2021-04-10,Bournemouth,Coventry,4,1,H,2.0,1.0,H,12.0,7.0,7.0,2.0,9.0,10.0,4.0,3.0,0.0,1.0,0.0,0.0
2020/21,2021-04-10,Bristol City,Nott'm Forest,0,0,D,0.0,0.0,D,7.0,16.0,1.0,4.0,12.0,13.0,3.0,8.0,0.0,1.0,0.0,0.0
2020/21,2021-04-10,Cardiff,Blackburn,2,2,D,1.0,1.0,D,12.0,20.0,6.0,5.0,12.0,10.0,5.0,2.0,2.0,2.0,0.0,0.0
2020/21,2021-04-10,Derby,Norwich,0,1,A,0.0,1.0,A,11.0,13.0,3.0,4.0,17.0,6.0,5.0,5.0,4.0,0.0,0.0,0.0
2020/21,2021-04-10,Huddersfield,Rotherham,0,0,D,0.0,0.0,D,9.0,13.0,4.0,4.0,12.0,5.0,6.0,9.0,0.0,0.0,0.0,0.0
2020/21,2021-04-10,Millwall,Swansea,0,3,A,0.0,1.0,A,12.0,10.0,2.0,5.0,13.0,8.0,4.0,3.0,0.0,0.0,0.0,0.0
2020/21,2021-04-10,Preston,Brentford,0,5,A,0.0,2.0,A,8.0,18.0,1.0,9.0,8.0,8.0,3.0,7.0,1.0,0.0,0.0,0.0
2020/21,2021-04-10,QPR,Sheffield Weds,4,1,H,1.0,1.0,D,9.0,18.0,6.0,2.0,9.0,9.0,2.0,4.0,2.0,0.0,0.0,0.0
2020/21,2021-04-10,Wycombe,Luton,1,3,A,1.0,0.0,H,7.0,13.0,4.0,6.0,10.0,12.0,4.0,3.0,1.0,1.0,1.0,0.0
2020/21,2021-04-13,Huddersfield,Bournemouth,1,2,A,0.0,2.0,A,9.0,15.0,3.0,5.0,14.0,8.0,6.0,5.0,0.0,2.0,0.0,0.0
2020/21,2021-04-13,Rotherham,QPR,3,1,H,0.0,0.0,D,14.0,12.0,5.0,3.0,11.0,9.0,7.0,4.0,4.0,0.0,0.0,0.0
2020/21,2021-04-13,Sheffield Weds,Swansea,0,2,A,0.0,1.0,A,6.0,6.0,1.0,3.0,5.0,9.0,6.0,5.0,0.0,0.0,0.0,0.0
2020/21,2021-04-15,Rotherham,Coventry,0,1,A,0.0,0.0,D,4.0,12.0,0.0,4.0,16.0,14.0,5.0,5.0,3.0,1.0,0.0,0.0
2020/21,2021-04-16,Blackburn,Derby,2,1,H,1.0,1.0,D,11.0,12.0,7.0,6.0,12.0,10.0,4.0,5.0,2.0,1.0,0.0,0.0
2020/21,2021-04-16,Reading,Cardiff,1,1,D,0.0,0.0,D,15.0,10.0,4.0,5.0,17.0,16.0,3.0,3.0,0.0,3.0,0.0,0.0
2020/21,2021-04-17,Brentford,Millwall,0,0,D,0.0,0.0,D,10.0,4.0,1.0,1.0,12.0,11.0,5.0,4.0,1.0,1.0,0.0,0.0
2020/21,2021-04-17,Luton,Watford,1,0,H,0.0,0.0,D,16.0,5.0,2.0,0.0,12.0,16.0,6.0,3.0,2.0,2.0,0.0,1.0
2020/21,2021-04-17,Middlesbrough,QPR,1,2,A,1.0,2.0,A,14.0,9.0,7.0,3.0,8.0,13.0,9.0,4.0,0.0,1.0,0.0,1.0
2020/21,2021-04-17,Norwich,Bournemouth,1,3,A,1.0,0.0,H,5.0,7.0,1.0,5.0,10.0,10.0,1.0,7.0,3.0,3.0,1.0,0.0
2020/21,2021-04-17,Nott'm Forest,Huddersfield,0,2,A,0.0,1.0,A,16.0,10.0,3.0,4.0,14.0,13.0,5.0,2.0,0.0,2.0,0.0,0.0
2020/21,2021-04-17,Sheffield Weds,Bristol City,1,1,D,1.0,0.0,H,20.0,5.0,3.0,3.0,16.0,12.0,5.0,0.0,1.0,0.0,0.0,1.0
2020/21,2021-04-17,Stoke,Preston,0,0,D,0.0,0.0,D,9.0,12.0,3.0,2.0,19.0,16.0,7.0,1.0,2.0,1.0,1.0,0.0
2020/21,2021-04-17,Swansea,Wycombe,2,2,D,0.0,0.0,D,14.0,15.0,8.0,5.0,9.0,14.0,4.0,5.0,1.0,3.0,0.0,0.0
2020/21,2021-04-18,Coventry,Barnsley,2,0,H,1.0,0.0,H,14.0,7.0,4.0,2.0,16.0,12.0,3.0,3.0,0.0,1.0,0.0,0.0
2020/21,2021-04-18,Rotherham,Birmingham,0,1,A,0.0,0.0,D,17.0,14.0,2.0,2.0,12.0,8.0,5.0,5.0,2.0,0.0,0.0,0.0
2020/21,2021-04-20,Brentford,Cardiff,1,1,D,0.0,0.0,D,15.0,13.0,6.0,3.0,15.0,9.0,10.0,3.0,2.0,0.0,0.0,0.0
2020/21,2021-04-20,Norwich,Watford,0,1,A,0.0,0.0,D,14.0,23.0,2.0,5.0,13.0,11.0,5.0,13.0,3.0,4.0,0.0,0.0
2020/21,2021-04-20,Preston,Derby,3,0,H,1.0,0.0,H,10.0,10.0,5.0,2.0,13.0,11.0,1.0,7.0,0.0,1.0,0.0,0.0
2020/21,2021-04-20,Sheffield Weds,Blackburn,1,0,H,1.0,0.0,H,14.0,9.0,6.0,4.0,6.0,6.0,3.0,2.0,2.0,2.0,0.0,0.0
2020/21,2021-04-20,Swansea,QPR,0,1,A,0.0,0.0,D,11.0,21.0,2.0,7.0,13.0,10.0,4.0,7.0,1.0,4.0,0.0,0.0
2020/21,2021-04-21,Birmingham,Nott'm Forest,1,1,D,0.0,0.0,D,18.0,4.0,6.0,2.0,15.0,11.0,5.0,3.0,0.0,0.0,0.0,0.0
2020/21,2021-04-21,Huddersfield,Barnsley,0,1,A,0.0,0.0,D,5.0,21.0,1.0,7.0,11.0,15.0,4.0,6.0,1.0,2.0,0.0,0.0
2020/21,2021-04-21,Luton,Reading,0,0,D,0.0,0.0,D,12.0,12.0,4.0,1.0,13.0,10.0,7.0,8.0,2.0,1.0,0.0,0.0
2020/21,2021-04-21,Millwall,Bournemouth,1,4,A,0.0,3.0,A,7.0,14.0,3.0,7.0,10.0,11.0,3.0,1.0,3.0,1.0,0.0,0.0
2020/21,2021-04-21,Rotherham,Middlesbrough,1,2,A,1.0,1.0,D,6.0,25.0,1.0,5.0,12.0,14.0,3.0,13.0,2.0,3.0,1.0,0.0
2020/21,2021-04-21,Stoke,Coventry,2,3,A,0.0,1.0,A,13.0,11.0,5.0,7.0,14.0,13.0,6.0,2.0,1.0,1.0,0.0,0.0
2020/21,2021-04-21,Wycombe,Bristol City,2,1,H,0.0,1.0,A,22.0,9.0,6.0,3.0,12.0,11.0,5.0,2.0,1.0,0.0,0.0,0.0
2020/21,2021-04-24,Barnsley,Rotherham,1,0,H,1.0,0.0,H,7.0,16.0,2.0,7.0,15.0,15.0,3.0,9.0,2.0,3.0,0.0,0.0
2020/21,2021-04-24,Blackburn,Huddersfield,5,2,H,2.0,1.0,H,16.0,8.0,12.0,1.0,9.0,7.0,7.0,2.0,3.0,1.0,0.0,0.0
2020/21,2021-04-24,Bournemouth,Brentford,0,1,A,0.0,0.0,D,4.0,18.0,1.0,6.0,13.0,18.0,3.0,5.0,1.0,3.0,0.0,1.0
2020/21,2021-04-24,Cardiff,Wycombe,2,1,H,1.0,1.0,D,10.0,15.0,4.0,2.0,15.0,15.0,7.0,6.0,3.0,1.0,1.0,0.0
2020/21,2021-04-24,Coventry,Preston,0,1,A,0.0,0.0,D,10.0,10.0,1.0,4.0,16.0,14.0,5.0,2.0,3.0,2.0,0.0,0.0
2020/21,2021-04-24,Derby,Birmingham,1,2,A,1.0,0.0,H,7.0,7.0,2.0,2.0,13.0,22.0,0.0,3.0,0.0,0.0,0.0,0.0
2020/21,2021-04-24,Middlesbrough,Sheffield Weds,3,1,H,1.0,1.0,D,14.0,18.0,5.0,6.0,12.0,9.0,8.0,7.0,1.0,0.0,0.0,0.0
2020/21,2021-04-24,Nott'm Forest,Stoke,1,1,D,0.0,1.0,A,6.0,10.0,2.0,1.0,7.0,11.0,3.0,6.0,1.0,1.0,0.0,0.0
2020/21,2021-04-24,QPR,Norwich,1,3,A,0.0,1.0,A,14.0,19.0,5.0,7.0,13.0,6.0,5.0,5.0,1.0,0.0,0.0,0.0
2020/21,2021-04-24,Watford,Millwall,1,0,H,1.0,0.0,H,13.0,10.0,4.0,2.0,9.0,19.0,5.0,5.0,0.0,1.0,0.0,0.0
2020/21,2021-04-25,Bristol City,Luton,2,3,A,2.0,0.0,H,10.0,14.0,4.0,5.0,10.0,9.0,4.0,5.0,0.0,0.0,0.0,0.0
2020/21,2021-04-25,Reading,Swansea,2,2,D,1.0,0.0,H,14.0,15.0,4.0,4.0,13.0,15.0,7.0,4.0,1.0,2.0,0.0,0.0
2020/21,2021-04-27,Brentford,Rotherham,1,0,H,1.0,0.0,H,15.0,10.0,5.0,3.0,14.0,15.0,2.0,4.0,0.0,0.0,0.0,0.0
2020/21,2021-05-01,Birmingham,Cardiff,0,4,A,0.0,2.0,A,11.0,13.0,1.0,7.0,11.0,20.0,4.0,4.0,1.0,1.0,0.0,0.0
2020/21,2021-05-01,Brentford,Watford,2,0,H,0.0,0.0,D,13.0,7.0,3.0,4.0,11.0,13.0,5.0,1.0,2.0,1.0,0.0,0.0
2020/21,2021-05-01,Huddersfield,Coventry,1,1,D,0.0,0.0,D,7.0,13.0,3.0,5.0,10.0,16.0,7.0,4.0,2.0,1.0,0.0,0.0
2020/21,2021-05-01,Luton,Middlesbrough,1,1,D,1.0,1.0,D,10.0,6.0,2.0,1.0,20.0,14.0,10.0,6.0,1.0,0.0,0.0,0.0
2020/21,2021-05-01,Millwall,Bristol City,4,1,H,2.0,1.0,H,20.0,4.0,12.0,1.0,13.0,9.0,5.0,0.0,2.0,1.0,0.0,0.0
2020/21,2021-05-01,Norwich,Reading,4,1,H,1.0,1.0,D,23.0,7.0,12.0,2.0,13.0,21.0,5.0,2.0,2.0,2.0,0.0,0.0
2020/21,2021-05-01,Preston,Barnsley,2,0,H,1.0,0.0,H,9.0,11.0,4.0,2.0,14.0,11.0,6.0,4.0,1.0,2.0,0.0,0.0
2020/21,2021-05-01,Rotherham,Blackburn,1,1,D,0.0,1.0,A,14.0,17.0,5.0,6.0,16.0,12.0,4.0,7.0,3.0,0.0,0.0,0.0
2020/21,2021-05-01,Sheffield Weds,Nott'm Forest,0,0,D,0.0,0.0,D,14.0,12.0,5.0,2.0,12.0,9.0,6.0,2.0,2.0,2.0,0.0,0.0
2020/21,2021-05-01,Stoke,QPR,0,2,A,0.0,1.0,A,14.0,6.0,1.0,3.0,11.0,13.0,9.0,1.0,1.0,2.0,0.0,0.0
2020/21,2021-05-01,Swansea,Derby,2,1,H,0.0,0.0,D,4.0,9.0,2.0,4.0,12.0,15.0,4.0,6.0,2.0,1.0,0.0,0.0
2020/21,2021-05-01,Wycombe,Bournemouth,1,0,H,1.0,0.0,H,13.0,11.0,4.0,1.0,12.0,17.0,4.0,1.0,1.0,1.0,0.0,0.0
2020/21,2021-05-04,Luton,Rotherham,0,0,D,0.0,0.0,D,13.0,9.0,3.0,2.0,11.0,8.0,6.0,7.0,0.0,1.0,0.0,0.0
2020/21,2021-05-08,Barnsley,Norwich,2,2,D,2.0,1.0,H,15.0,5.0,7.0,2.0,23.0,5.0,2.0,1.0,3.0,1.0,0.0,0.0
2020/21,2021-05-08,Blackburn,Birmingham,5,2,H,2.0,1.0,H,18.0,5.0,8.0,3.0,8.0,17.0,5.0,1.0,0.0,3.0,0.0,0.0
2020/21,2021-05-08,Bournemouth,Stoke,0,2,A,0.0,1.0,A,8.0,13.0,1.0,5.0,14.0,17.0,6.0,3.0,2.0,1.0,0.0,0.0
2020/21,2021-05-08,Bristol City,Brentford,1,3,A,0.0,0.0,D,4.0,14.0,3.0,5.0,12.0,13.0,1.0,2.0,4.0,1.0,0.0,0.0
2020/21,2021-05-08,Cardiff,Rotherham,1,1,D,0.0,1.0,A,9.0,17.0,3.0,4.0,12.0,15.0,6.0,4.0,1.0,2.0,0.0,0.0
2020/21,2021-05-08,Coventry,Millwall,6,1,H,2.0,0.0,H,21.0,12.0,11.0,0.0,7.0,10.0,10.0,8.0,1.0,3.0,0.0,0.0
2020/21,2021-05-08,Derby,Sheffield Weds,3,3,D,0.0,1.0,A,12.0,9.0,4.0,5.0,10.0,13.0,6.0,10.0,2.0,3.0,0.0,0.0
2020/21,2021-05-08,Middlesbrough,Wycombe,0,3,A,0.0,2.0,A,5.0,16.0,0.0,5.0,11.0,15.0,6.0,6.0,0.0,1.0,0.0,0.0
2020/21,2021-05-08,Nott'm Forest,Preston,1,2,A,1.0,0.0,H,16.0,7.0,3.0,3.0,10.0,12.0,4.0,3.0,1.0,1.0,0.0,0.0
2020/21,2021-05-08,QPR,Luton,3,1,H,1.0,1.0,D,9.0,17.0,4.0,4.0,14.0,6.0,8.0,6.0,1.0,1.0,0.0,0.0
2020/21,2021-05-08,Reading,Huddersfield,2,2,D,2.0,1.0,H,13.0,11.0,7.0,4.0,5.0,10.0,3.0,3.0,1.0,1.0,0.0,0.0
2020/21,2021-05-08,Watford,Swansea,2,0,H,0.0,0.0,D,10.0,15.0,3.0,2.0,12.0,6.0,3.0,8.0,0.0,0.0,0.0,0.0
2021/22,2021-08-06,Bournemouth,West Brom,2,2,D,1.0,1.0,D,7.0,15.0,4.0,5.0,11.0,13.0,4.0,8.0,1.0,3.0,0.0,0.0
2021/22,2021-08-07,Blackburn,Swansea,2,1,H,1.0,0.0,H,21.0,7.0,10.0,4.0,11.0,10.0,7.0,5.0,4.0,2.0,0.0,0.0
2021/22,2021-08-07,Bristol City,Blackpool,1,1,D,1.0,0.0,H,11.0,7.0,2.0,1.0,10.0,13.0,2.0,4.0,2.0,0.0,0.0,0.0
2021/22,2021-08-07,Cardiff,Barnsley,1,1,D,0.0,0.0,D,10.0,10.0,6.0,3.0,7.0,6.0,2.0,4.0,0.0,0.0,0.0,0.0
2021/22,2021-08-07,Derby,Huddersfield,1,1,D,1.0,1.0,D,11.0,17.0,3.0,6.0,17.0,15.0,4.0,6.0,3.0,2.0,0.0,0.0
2021/22,2021-08-07,Luton,Peterboro,3,0,H,1.0,0.0,H,12.0,4.0,6.0,1.0,18.0,7.0,7.0,2.0,1.0,5.0,0.0,0.0
2021/22,2021-08-07,Preston,Hull,1,4,A,1.0,1.0,D,7.0,16.0,4.0,5.0,9.0,6.0,2.0,7.0,2.0,2.0,0.0,0.0
2021/22,2021-08-07,QPR,Millwall,1,1,D,1.0,1.0,D,11.0,10.0,4.0,3.0,11.0,18.0,7.0,5.0,0.0,3.0,0.0,0.0
2021/22,2021-08-07,Sheffield United,Birmingham,0,1,A,0.0,1.0,A,16.0,9.0,2.0,2.0,3.0,12.0,8.0,2.0,1.0,6.0,0.0,0.0
2021/22,2021-08-07,Stoke,Reading,3,2,H,2.0,1.0,H,18.0,11.0,6.0,5.0,16.0,7.0,6.0,9.0,0.0,2.0,0.0,0.0
2021/22,2021-08-08,Coventry,Nott'm Forest,2,1,H,0.0,1.0,A,12.0,10.0,6.0,2.0,16.0,12.0,0.0,5.0,4.0,1.0,0.0,0.0
2021/22,2021-08-08,Fulham,Middlesbrough,1,1,D,1.0,0.0,H,16.0,7.0,3.0,1.0,14.0,14.0,4.0,2.0,2.0,3.0,0.0,0.0
2021/22,2021-08-14,Barnsley,Coventry,1,0,H,1.0,0.0,H,8.0,12.0,1.0,2.0,16.0,14.0,1.0,5.0,8.0,2.0,0.0,0.0
2021/22,2021-08-14,Birmingham,Stoke,0,0,D,0.0,0.0,D,9.0,8.0,2.0,2.0,7.0,8.0,7.0,6.0,1.0,2.0,0.0,0.0
2021/22,2021-08-14,Blackpool,Cardiff,0,2,A,0.0,0.0,D,8.0,17.0,2.0,8.0,9.0,18.0,5.0,3.0,1.0,1.0,0.0,0.0
2021/22,2021-08-14,Huddersfield,Fulham,1,5,A,1.0,3.0,A,9.0,15.0,2.0,11.0,10.0,9.0,5.0,7.0,1.0,1.0,0.0,1.0
2021/22,2021-08-14,Hull,QPR,0,3,A,0.0,1.0,A,12.0,14.0,4.0,8.0,6.0,7.0,7.0,2.0,0.0,0.0,1.0,0.0
2021/22,2021-08-14,Middlesbrough,Bristol City,2,1,H,1.0,0.0,H,13.0,10.0,7.0,2.0,15.0,13.0,1.0,1.0,1.0,1.0,0.0,0.0
2021/22,2021-08-14,Millwall,Blackburn,1,1,D,0.0,0.0,D,15.0,2.0,2.0,1.0,10.0,15.0,7.0,3.0,1.0,2.0,0.0,0.0
2021/22,2021-08-14,Nott'm Forest,Bournemouth,1,2,A,0.0,1.0,A,15.0,8.0,5.0,3.0,8.0,16.0,6.0,4.0,2.0,1.0,0.0,1.0
2021/22,2021-08-14,Peterboro,Derby,2,1,H,0.0,0.0,D,13.0,7.0,4.0,2.0,9.0,13.0,2.0,5.0,4.0,2.0,0.0,0.0
2021/22,2021-08-14,Reading,Preston,2,1,H,1.0,0.0,H,12.0,13.0,2.0,5.0,11.0,16.0,2.0,12.0,3.0,0.0,0.0,0.0
2021/22,2021-08-14,Swansea,Sheffield United,0,0,D,0.0,0.0,D,8.0,8.0,1.0,2.0,8.0,14.0,1.0,6.0,1.0,2.0,0.0,0.0
2021/22,2021-08-14,West Brom,Luton,3,2,H,2.0,0.0,H,18.0,11.0,6.0,5.0,15.0,9.0,8.0,4.0,2.0,2.0,0.0,0.0
2021/22,2021-08-17,Barnsley,Luton,0,1,A,0.0,1.0,A,10.0,7.0,3.0,4.0,13.0,13.0,4.0,4.0,1.0,4.0,0.0,0.0
2021/22,2021-08-17,Blackpool,Coventry,0,1,A,0.0,1.0,A,12.0,19.0,4.0,5.0,7.0,11.0,6.0,11.0,2.0,4.0,0.0,0.0
2021/22,2021-08-17,Huddersfield,Preston,1,0,H,0.0,0.0,D,7.0,8.0,0.0,2.0,12.0,7.0,4.0,4.0,3.0,2.0,0.0,0.0
2021/22,2021-08-17,Millwall,Fulham,1,2,A,0.0,2.0,A,7.0,16.0,2.0,6.0,11.0,11.0,2.0,5.0,4.0,2.0,0.0,0.0
2021/22,2021-08-17,Peterboro,Cardiff,2,2,D,0.0,0.0,D,8.0,9.0,3.0,3.0,9.0,18.0,0.0,6.0,1.0,2.0,0.0,0.0
2021/22,2021-08-17,Reading,Bristol City,2,3,A,1.0,2.0,A,11.0,8.0,3.0,5.0,11.0,12.0,5.0,2.0,0.0,1.0,0.0,0.0
2021/22,2021-08-17,Swansea,Stoke,1,3,A,0.0,1.0,A,9.0,12.0,3.0,5.0,6.0,14.0,5.0,5.0,0.0,2.0,0.0,0.0
2021/22,2021-08-18,Birmingham,Bournemouth,0,2,A,0.0,0.0,D,9.0,9.0,3.0,4.0,17.0,8.0,5.0,3.0,1.0,0.0,0.0,0.0
2021/22,2021-08-18,Hull,Derby,0,1,A,0.0,0.0,D,9.0,13.0,2.0,5.0,7.0,11.0,5.0,3.0,1.0,3.0,0.0,0.0
2021/22,2021-08-18,Middlesbrough,QPR,2,3,A,1.0,0.0,H,14.0,8.0,6.0,6.0,14.0,17.0,7.0,1.0,2.0,1.0,0.0,1.0
2021/22,2021-08-18,Nott'm Forest,Blackburn,1,2,A,0.0,0.0,D,7.0,9.0,4.0,7.0,13.0,15.0,3.0,1.0,1.0,3.0,1.0,0.0
2021/22,2021-08-18,West Brom,Sheffield United,4,0,H,1.0,0.0,H,12.0,5.0,4.0,1.0,11.0,3.0,5.0,4.0,0.0,1.0,0.0,0.0
2021/22,2021-08-20,Bristol City,Swansea,0,1,A,0.0,1.0,A,15.0,8.0,5.0,4.0,14.0,14.0,1.0,2.0,4.0,6.0,0.0,0.0
2021/22,2021-08-21,Blackburn,West Brom,1,2,A,0.0,2.0,A,7.0,23.0,2.0,11.0,11.0,12.0,5.0,6.0,1.0,2.0,0.0,0.0
2021/22,2021-08-21,Bournemouth,Blackpool,2,2,D,2.0,0.0,H,13.0,11.0,5.0,5.0,20.0,12.0,6.0,5.0,0.0,4.0,0.0,0.0
2021/22,2021-08-21,Cardiff,Millwall,3,1,H,0.0,0.0,D,16.0,12.0,5.0,5.0,15.0,14.0,2.0,3.0,2.0,1.0,0.0,0.0
2021/22,2021-08-21,Coventry,Reading,2,1,H,0.0,1.0,A,25.0,7.0,7.0,2.0,14.0,8.0,10.0,2.0,5.0,3.0,0.0,0.0
2021/22,2021-08-21,Derby,Middlesbrough,0,0,D,0.0,0.0,D,9.0,11.0,4.0,3.0,15.0,7.0,7.0,3.0,2.0,4.0,0.0,0.0
2021/22,2021-08-21,Fulham,Hull,2,0,H,2.0,0.0,H,15.0,8.0,6.0,3.0,14.0,5.0,9.0,1.0,3.0,2.0,0.0,0.0
2021/22,2021-08-21,Luton,Birmingham,0,5,A,0.0,2.0,A,11.0,20.0,3.0,9.0,10.0,7.0,5.0,5.0,1.0,1.0,0.0,0.0
2021/22,2021-08-21,Preston,Peterboro,1,0,H,1.0,0.0,H,16.0,9.0,7.0,2.0,14.0,7.0,5.0,1.0,2.0,0.0,0.0,0.0
2021/22,2021-08-21,QPR,Barnsley,2,2,D,0.0,2.0,A,13.0,12.0,6.0,4.0,3.0,15.0,6.0,9.0,2.0,3.0,0.0,0.0
2021/22,2021-08-21,Sheffield United,Huddersfield,1,2,A,0.0,0.0,D,16.0,6.0,6.0,3.0,7.0,9.0,6.0,4.0,0.0,3.0,0.0,0.0
2021/22,2021-08-21,Stoke,Nott'm Forest,1,0,H,0.0,0.0,D,11.0,2.0,5.0,0.0,8.0,6.0,6.0,2.0,2.0,2.0,0.0,0.0
2021/22,2021-08-28,Barnsley,Birmingham,1,1,D,1.0,1.0,D,7.0,14.0,2.0,4.0,10.0,11.0,2.0,2.0,2.0,4.0,0.0,0.0
2021/22,2021-08-28,Cardiff,Bristol City,1,2,A,0.0,1.0,A,12.0,9.0,5.0,5.0,9.0,8.0,4.0,3.0,2.0,2.0,0.0,0.0
2021/22,2021-08-28,Derby,Nott'm Forest,1,1,D,1.0,0.0,H,13.0,13.0,4.0,4.0,6.0,7.0,8.0,4.0,4.0,1.0,0.0,0.0
2021/22,2021-08-28,Fulham,Stoke,3,0,H,1.0,0.0,H,20.0,11.0,9.0,3.0,7.0,9.0,8.0,7.0,0.0,1.0,0.0,0.0
2021/22,2021-08-28,Huddersfield,Reading,4,0,H,1.0,0.0,H,16.0,7.0,8.0,1.0,10.0,10.0,5.0,3.0,3.0,2.0,0.0,0.0
2021/22,2021-08-28,Hull,Bournemouth,0,0,D,0.0,0.0,D,3.0,12.0,0.0,5.0,15.0,16.0,2.0,6.0,0.0,2.0,0.0,0.0
2021/22,2021-08-28,Luton,Sheffield United,0,0,D,0.0,0.0,D,9.0,8.0,1.0,1.0,13.0,8.0,2.0,6.0,1.0,1.0,0.0,0.0
2021/22,2021-08-28,Middlesbrough,Blackburn,1,1,D,1.0,1.0,D,12.0,6.0,5.0,1.0,9.0,7.0,11.0,5.0,1.0,2.0,1.0,1.0
2021/22,2021-08-28,Millwall,Blackpool,2,1,H,0.0,0.0,D,18.0,10.0,7.0,3.0,8.0,7.0,14.0,1.0,4.0,3.0,0.0,1.0
2021/22,2021-08-28,Peterboro,West Brom,0,1,A,0.0,0.0,D,5.0,19.0,1.0,3.0,9.0,10.0,6.0,5.0,2.0,4.0,0.0,0.0
2021/22,2021-08-28,Preston,Swansea,3,1,H,2.0,1.0,H,11.0,5.0,6.0,2.0,22.0,10.0,3.0,1.0,4.0,1.0,0.0,0.0
2021/22,2021-08-28,QPR,Coventry,2,0,H,0.0,0.0,D,13.0,15.0,5.0,4.0,5.0,16.0,5.0,11.0,1.0,1.0,0.0,0.0
2021/22,2021-09-10,Birmingham,Derby,2,0,H,1.0,0.0,H,13.0,7.0,4.0,2.0,19.0,6.0,2.0,2.0,2.0,3.0,0.0,0.0
2021/22,2021-09-11,Blackburn,Luton,2,2,D,2.0,0.0,H,11.0,10.0,5.0,4.0,11.0,11.0,1.0,4.0,4.0,5.0,0.0,0.0
2021/22,2021-09-11,Blackpool,Fulham,1,0,H,0.0,0.0,D,8.0,17.0,1.0,4.0,12.0,10.0,4.0,4.0,3.0,2.0,0.0,0.0
2021/22,2021-09-11,Bournemouth,Barnsley,3,0,H,1.0,0.0,H,14.0,2.0,8.0,0.0,10.0,11.0,6.0,0.0,3.0,3.0,0.0,0.0
2021/22,2021-09-11,Bristol City,Preston,0,0,D,0.0,0.0,D,10.0,10.0,3.0,2.0,8.0,9.0,8.0,6.0,0.0,1.0,0.0,0.0
2021/22,2021-09-11,Coventry,Middlesbrough,2,0,H,0.0,0.0,D,12.0,8.0,6.0,5.0,13.0,12.0,7.0,7.0,1.0,3.0,0.0,0.0
2021/22,2021-09-11,Reading,QPR,3,3,D,1.0,1.0,D,12.0,22.0,4.0,4.0,13.0,12.0,3.0,6.0,2.0,1.0,0.0,0.0
2021/22,2021-09-11,Sheffield United,Peterboro,6,2,H,1.0,1.0,D,24.0,7.0,9.0,5.0,1.0,18.0,11.0,3.0,0.0,2.0,0.0,0.0
2021/22,2021-09-11,Stoke,Huddersfield,2,1,H,0.0,0.0,D,6.0,15.0,2.0,4.0,16.0,8.0,3.0,5.0,2.0,3.0,0.0,0.0
2021/22,2021-09-11,Swansea,Hull,0,0,D,0.0,0.0,D,16.0,4.0,4.0,1.0,9.0,11.0,7.0,2.0,1.0,2.0,0.0,0.0
2021/22,2021-09-11,West Brom,Millwall,1,1,D,0.0,0.0,D,11.0,13.0,2.0,4.0,14.0,16.0,4.0,5.0,1.0,3.0,0.0,0.0
2021/22,2021-09-12,Nott'm Forest,Cardiff,1,2,A,1.0,0.0,H,15.0,22.0,4.0,5.0,9.0,9.0,4.0,4.0,0.0,3.0,0.0,0.0
2021/22,2021-09-14,Blackburn,Hull,2,0,H,0.0,0.0,D,18.0,16.0,6.0,4.0,7.0,11.0,6.0,6.0,1.0,2.0,0.0,0.0
2021/22,2021-09-14,Blackpool,Huddersfield,0,3,A,0.0,0.0,D,16.0,13.0,3.0,6.0,11.0,12.0,4.0,3.0,0.0,1.0,0.0,0.0
2021/22,2021-09-14,Bournemouth,QPR,2,1,H,2.0,0.0,H,10.0,15.0,4.0,6.0,21.0,7.0,3.0,6.0,5.0,3.0,0.0,0.0
2021/22,2021-09-14,Reading,Peterboro,3,1,H,0.0,0.0,D,12.0,6.0,6.0,3.0,14.0,6.0,3.0,5.0,0.0,1.0,0.0,0.0
2021/22,2021-09-14,Sheffield United,Preston,2,2,D,1.0,1.0,D,13.0,9.0,6.0,4.0,10.0,6.0,2.0,6.0,2.0,1.0,0.0,0.0
2021/22,2021-09-14,West Brom,Derby,0,0,D,0.0,0.0,D,25.0,4.0,9.0,0.0,8.0,10.0,5.0,4.0,1.0,1.0,0.0,0.0
2021/22,2021-09-15,Birmingham,Fulham,1,4,A,0.0,2.0,A,18.0,15.0,7.0,10.0,9.0,10.0,10.0,2.0,2.0,1.0,0.0,0.0
2021/22,2021-09-15,Bristol City,Luton,1,1,D,0.0,0.0,D,13.0,19.0,2.0,4.0,10.0,17.0,7.0,9.0,1.0,2.0,0.0,0.0
2021/22,2021-09-15,Coventry,Cardiff,1,0,H,1.0,0.0,H,11.0,10.0,4.0,1.0,3.0,15.0,7.0,6.0,2.0,1.0,1.0,0.0
2021/22,2021-09-15,Nott'm Forest,Middlesbrough,0,2,A,0.0,1.0,A,15.0,13.0,3.0,6.0,14.0,13.0,6.0,7.0,1.0,5.0,0.0,0.0
2021/22,2021-09-15,Stoke,Barnsley,1,1,D,1.0,1.0,D,12.0,9.0,7.0,4.0,12.0,12.0,12.0,4.0,1.0,5.0,1.0,0.0
2021/22,2021-09-15,Swansea,Millwall,0,0,D,0.0,0.0,D,12.0,10.0,4.0,4.0,13.0,8.0,7.0,3.0,2.0,3.0,0.0,0.0
2021/22,2021-09-18,Barnsley,Blackburn,0,0,D,0.0,0.0,D,13.0,3.0,4.0,2.0,9.0,13.0,8.0,1.0,0.0,1.0,0.0,0.0
2021/22,2021-09-18,Cardiff,Bournemouth,0,1,A,0.0,0.0,D,6.0,16.0,2.0,5.0,6.0,7.0,2.0,5.0,3.0,3.0,0.0,0.0
2021/22,2021-09-18,Derby,Stoke,2,1,H,2.0,0.0,H,14.0,13.0,5.0,5.0,10.0,8.0,7.0,6.0,2.0,3.0,0.0,0.0
2021/22,2021-09-18,Fulham,Reading,1,2,A,0.0,1.0,A,25.0,8.0,5.0,4.0,17.0,12.0,9.0,0.0,4.0,3.0,0.0,0.0
2021/22,2021-09-18,Huddersfield,Nott'm Forest,0,2,A,0.0,1.0,A,10.0,8.0,2.0,4.0,9.0,9.0,6.0,5.0,2.0,1.0,0.0,0.0
2021/22,2021-09-18,Hull,Sheffield United,1,3,A,0.0,1.0,A,10.0,15.0,5.0,8.0,8.0,10.0,6.0,4.0,3.0,2.0,0.0,0.0
2021/22,2021-09-18,Luton,Swansea,3,3,D,3.0,0.0,H,16.0,15.0,5.0,3.0,18.0,10.0,5.0,7.0,2.0,1.0,0.0,0.0
2021/22,2021-09-18,Middlesbrough,Blackpool,1,2,A,1.0,0.0,H,9.0,11.0,5.0,1.0,9.0,7.0,6.0,6.0,2.0,1.0,0.0,0.0
2021/22,2021-09-18,Millwall,Coventry,1,1,D,1.0,1.0,D,17.0,15.0,4.0,3.0,12.0,7.0,8.0,4.0,2.0,0.0,0.0,0.0
2021/22,2021-09-18,Peterboro,Birmingham,3,0,H,2.0,0.0,H,9.0,13.0,2.0,2.0,11.0,16.0,4.0,6.0,2.0,2.0,0.0,1.0
2021/22,2021-09-18,Preston,West Brom,1,1,D,1.0,1.0,D,8.0,12.0,2.0,3.0,10.0,12.0,3.0,10.0,1.0,1.0,0.0,0.0
2021/22,2021-09-18,QPR,Bristol City,1,2,A,0.0,1.0,A,26.0,9.0,11.0,3.0,13.0,8.0,9.0,4.0,4.0,1.0,0.0,0.0
2021/22,2021-09-24,Coventry,Peterboro,3,0,H,0.0,0.0,D,16.0,8.0,7.0,2.0,12.0,9.0,4.0,1.0,0.0,1.0,0.0,0.0
2021/22,2021-09-24,West Brom,QPR,2,1,H,0.0,1.0,A,18.0,5.0,7.0,4.0,13.0,10.0,8.0,5.0,1.0,1.0,0.0,0.0
2021/22,2021-09-25,Birmingham,Preston,0,0,D,0.0,0.0,D,6.0,9.0,2.0,2.0,10.0,13.0,5.0,8.0,1.0,3.0,0.0,0.0
2021/22,2021-09-25,Blackburn,Cardiff,5,1,H,3.0,0.0,H,17.0,11.0,10.0,5.0,7.0,9.0,2.0,6.0,0.0,2.0,0.0,0.0
2021/22,2021-09-25,Blackpool,Barnsley,1,0,H,1.0,0.0,H,13.0,13.0,6.0,4.0,17.0,13.0,6.0,4.0,1.0,3.0,0.0,0.0
2021/22,2021-09-25,Bournemouth,Luton,2,1,H,2.0,0.0,H,6.0,10.0,2.0,3.0,12.0,9.0,4.0,7.0,2.0,0.0,0.0,0.0
2021/22,2021-09-25,Bristol City,Fulham,1,1,D,0.0,0.0,D,14.0,22.0,5.0,5.0,7.0,11.0,3.0,7.0,1.0,3.0,0.0,0.0
2021/22,2021-09-25,Nott'm Forest,Millwall,1,1,D,0.0,1.0,A,10.0,12.0,3.0,2.0,10.0,12.0,3.0,4.0,2.0,3.0,0.0,0.0
2021/22,2021-09-25,Reading,Middlesbrough,1,0,H,0.0,0.0,D,13.0,10.0,5.0,2.0,6.0,15.0,2.0,4.0,3.0,3.0,0.0,1.0
2021/22,2021-09-25,Sheffield United,Derby,1,0,H,0.0,0.0,D,17.0,9.0,2.0,4.0,9.0,5.0,11.0,1.0,1.0,1.0,0.0,1.0
2021/22,2021-09-25,Stoke,Hull,2,0,H,1.0,0.0,H,10.0,12.0,5.0,4.0,11.0,14.0,1.0,5.0,2.0,0.0,0.0,0.0
2021/22,2021-09-25,Swansea,Huddersfield,1,0,H,1.0,0.0,H,7.0,5.0,6.0,0.0,14.0,18.0,3.0,2.0,2.0,2.0,0.0,0.0
2021/22,2021-09-28,Cardiff,West Brom,0,4,A,0.0,1.0,A,6.0,11.0,0.0,6.0,14.0,10.0,4.0,6.0,1.0,1.0,0.0,0.0
2021/22,2021-09-28,Huddersfield,Blackburn,3,2,H,1.0,0.0,H,13.0,13.0,8.0,3.0,6.0,5.0,5.0,3.0,2.0,0.0,0.0,0.0
2021/22,2021-09-28,Hull,Blackpool,1,1,D,0.0,1.0,A,15.0,10.0,3.0,3.0,8.0,14.0,9.0,3.0,1.0,2.0,1.0,0.0
2021/22,2021-09-28,Middlesbrough,Sheffield United,2,0,H,2.0,0.0,H,9.0,13.0,4.0,4.0,9.0,6.0,4.0,7.0,4.0,2.0,0.0,0.0
2021/22,2021-09-28,Preston,Stoke,1,1,D,1.0,1.0,D,9.0,21.0,2.0,5.0,8.0,13.0,1.0,6.0,2.0,4.0,0.0,0.0
2021/22,2021-09-28,QPR,Birmingham,2,0,H,1.0,0.0,H,12.0,13.0,5.0,0.0,9.0,10.0,1.0,4.0,1.0,1.0,0.0,0.0
2021/22,2021-09-29,Barnsley,Nott'm Forest,1,3,A,1.0,0.0,H,8.0,12.0,3.0,7.0,13.0,6.0,2.0,6.0,1.0,0.0,0.0,0.0
2021/22,2021-09-29,Derby,Reading,1,0,H,1.0,0.0,H,14.0,16.0,5.0,7.0,10.0,10.0,2.0,4.0,4.0,0.0,0.0,0.0
2021/22,2021-09-29,Fulham,Swansea,3,1,H,3.0,1.0,H,10.0,7.0,7.0,1.0,16.0,7.0,3.0,4.0,0.0,1.0,0.0,0.0
2021/22,2021-09-29,Luton,Coventry,5,0,H,4.0,0.0,H,21.0,6.0,9.0,1.0,12.0,8.0,5.0,7.0,0.0,2.0,0.0,0.0
2021/22,2021-09-29,Millwall,Bristol City,1,0,H,0.0,0.0,D,12.0,11.0,4.0,1.0,8.0,11.0,4.0,6.0,1.0,2.0,0.0,0.0
2021/22,2021-09-29,Peterboro,Bournemouth,0,0,D,0.0,0.0,D,4.0,11.0,1.0,3.0,12.0,14.0,4.0,6.0,1.0,0.0,0.0,0.0
2021/22,2021-10-01,Stoke,West Brom,1,0,H,0.0,0.0,D,11.0,11.0,6.0,2.0,11.0,15.0,1.0,5.0,2.0,2.0,0.0,0.0
2021/22,2021-10-02,Barnsley,Millwall,0,1,A,0.0,0.0,D,14.0,17.0,3.0,7.0,10.0,5.0,5.0,8.0,2.0,1.0,0.0,0.0
2021/22,2021-10-02,Birmingham,Nott'm Forest,0,3,A,0.0,2.0,A,18.0,12.0,9.0,7.0,15.0,11.0,6.0,4.0,1.0,3.0,0.0,0.0
2021/22,2021-10-02,Blackpool,Blackburn,2,1,H,2.0,0.0,H,8.0,16.0,3.0,6.0,13.0,8.0,2.0,9.0,3.0,1.0,0.0,0.0
2021/22,2021-10-02,Bournemouth,Sheffield United,2,1,H,0.0,0.0,D,11.0,8.0,7.0,1.0,13.0,9.0,4.0,7.0,3.0,2.0,0.0,0.0
2021/22,2021-10-02,Cardiff,Reading,0,1,A,0.0,1.0,A,27.0,2.0,5.0,1.0,18.0,5.0,7.0,2.0,4.0,0.0,0.0,0.0
2021/22,2021-10-02,Coventry,Fulham,4,1,H,0.0,1.0,A,14.0,12.0,5.0,1.0,11.0,11.0,7.0,7.0,1.0,3.0,0.0,0.0
2021/22,2021-10-02,Derby,Swansea,0,0,D,0.0,0.0,D,6.0,15.0,5.0,2.0,11.0,10.0,0.0,4.0,3.0,0.0,0.0,0.0
2021/22,2021-10-02,Hull,Middlesbrough,2,0,H,0.0,0.0,D,9.0,17.0,2.0,4.0,14.0,9.0,1.0,1.0,1.0,3.0,0.0,0.0
2021/22,2021-10-02,Luton,Huddersfield,0,0,D,0.0,0.0,D,14.0,9.0,3.0,2.0,10.0,14.0,6.0,4.0,2.0,3.0,0.0,0.0
2021/22,2021-10-02,Peterboro,Bristol City,2,3,A,2.0,2.0,D,15.0,15.0,3.0,7.0,13.0,9.0,5.0,10.0,1.0,1.0,0.0,0.0
2021/22,2021-10-02,QPR,Preston,3,2,H,1.0,1.0,D,19.0,11.0,9.0,5.0,12.0,11.0,7.0,3.0,1.0,0.0,0.0,0.0
2021/22,2021-10-15,West Brom,Birmingham,1,0,H,0.0,0.0,D,11.0,10.0,3.0,1.0,11.0,12.0,8.0,2.0,3.0,0.0,0.0,0.0
2021/22,2021-10-16,Blackburn,Coventry,2,2,D,2.0,0.0,H,10.0,9.0,6.0,4.0,9.0,15.0,4.0,5.0,2.0,2.0,0.0,0.0
2021/22,2021-10-16,Bristol City,Bournemouth,0,2,A,0.0,2.0,A,5.0,22.0,2.0,5.0,4.0,7.0,5.0,11.0,0.0,0.0,0.0,0.0
2021/22,2021-10-16,Fulham,QPR,4,1,H,1.0,0.0,H,16.0,7.0,7.0,1.0,9.0,12.0,7.0,2.0,0.0,4.0,0.0,0.0
2021/22,2021-10-16,Huddersfield,Hull,2,0,H,1.0,0.0,H,12.0,9.0,4.0,2.0,8.0,12.0,4.0,5.0,1.0,2.0,0.0,0.0
2021/22,2021-10-16,Middlesbrough,Peterboro,2,0,H,0.0,0.0,D,17.0,6.0,5.0,0.0,8.0,11.0,4.0,3.0,2.0,4.0,0.0,0.0
2021/22,2021-10-16,Millwall,Luton,0,2,A,0.0,1.0,A,14.0,6.0,5.0,2.0,10.0,18.0,12.0,3.0,1.0,3.0,0.0,0.0
2021/22,2021-10-16,Nott'm Forest,Blackpool,2,1,H,1.0,0.0,H,13.0,6.0,5.0,3.0,11.0,7.0,4.0,3.0,2.0,0.0,0.0,0.0
2021/22,2021-10-16,Preston,Derby,0,0,D,0.0,0.0,D,8.0,17.0,3.0,5.0,13.0,7.0,4.0,10.0,2.0,0.0,0.0,0.0
2021/22,2021-10-16,Reading,Barnsley,1,0,H,0.0,0.0,D,10.0,16.0,6.0,7.0,10.0,9.0,4.0,6.0,0.0,2.0,0.0,0.0
2021/22,2021-10-16,Sheffield United,Stoke,2,1,H,0.0,0.0,D,16.0,12.0,4.0,4.0,14.0,8.0,8.0,4.0,0.0,2.0,0.0,0.0
2021/22,2021-10-17,Swansea,Cardiff,3,0,H,1.0,0.0,H,12.0,10.0,7.0,3.0,5.0,15.0,8.0,5.0,1.0,2.0,0.0,0.0
2021/22,2021-10-19,Bristol City,Nott'm Forest,1,2,A,1.0,0.0,H,9.0,15.0,2.0,6.0,7.0,8.0,1.0,9.0,1.0,0.0,0.0,0.0
2021/22,2021-10-19,Derby,Luton,2,2,D,1.0,0.0,H,9.0,10.0,3.0,3.0,12.0,14.0,5.0,5.0,1.0,2.0,0.0,0.0
2021/22,2021-10-19,QPR,Blackburn,1,0,H,0.0,0.0,D,16.0,5.0,5.0,1.0,14.0,7.0,4.0,2.0,2.0,3.0,0.0,0.0
2021/22,2021-10-19,Sheffield United,Millwall,1,2,A,1.0,1.0,D,12.0,12.0,3.0,5.0,11.0,12.0,5.0,4.0,2.0,1.0,1.0,0.0
2021/22,2021-10-19,Stoke,Bournemouth,0,1,A,0.0,0.0,D,13.0,10.0,2.0,4.0,3.0,13.0,9.0,7.0,0.0,2.0,0.0,0.0
2021/22,2021-10-20,Fulham,Cardiff,2,0,H,0.0,0.0,D,24.0,15.0,6.0,2.0,8.0,15.0,6.0,2.0,0.0,3.0,0.0,0.0
2021/22,2021-10-20,Huddersfield,Birmingham,0,0,D,0.0,0.0,D,9.0,6.0,1.0,2.0,9.0,17.0,2.0,2.0,3.0,1.0,0.0,0.0
2021/22,2021-10-20,Hull,Peterboro,1,2,A,1.0,1.0,D,19.0,9.0,5.0,5.0,10.0,11.0,8.0,4.0,1.0,2.0,0.0,0.0
2021/22,2021-10-20,Middlesbrough,Barnsley,2,0,H,1.0,0.0,H,21.0,9.0,8.0,3.0,5.0,9.0,8.0,4.0,1.0,1.0,0.0,0.0
2021/22,2021-10-20,Preston,Coventry,2,1,H,0.0,1.0,A,16.0,8.0,4.0,3.0,11.0,11.0,9.0,3.0,2.0,1.0,0.0,0.0
2021/22,2021-10-20,Reading,Blackpool,2,3,A,2.0,0.0,H,6.0,18.0,3.0,10.0,13.0,13.0,0.0,8.0,0.0,3.0,0.0,0.0
2021/22,2021-10-20,Swansea,West Brom,2,1,H,0.0,1.0,A,9.0,10.0,3.0,6.0,7.0,14.0,5.0,3.0,2.0,4.0,0.0,0.0
2021/22,2021-10-23,Birmingham,Swansea,2,1,H,0.0,0.0,D,15.0,7.0,6.0,1.0,16.0,8.0,6.0,12.0,2.0,1.0,0.0,0.0
2021/22,2021-10-23,Blackburn,Reading,2,0,H,0.0,0.0,D,12.0,12.0,5.0,2.0,11.0,14.0,2.0,2.0,4.0,2.0,0.0,0.0
2021/22,2021-10-23,Blackpool,Preston,2,0,H,1.0,0.0,H,11.0,9.0,2.0,2.0,9.0,13.0,3.0,5.0,4.0,4.0,0.0,1.0
2021/22,2021-10-23,Bournemouth,Huddersfield,3,0,H,2.0,0.0,H,14.0,4.0,6.0,1.0,12.0,9.0,7.0,2.0,2.0,0.0,0.0,0.0
2021/22,2021-10-23,Cardiff,Middlesbrough,0,2,A,0.0,1.0,A,9.0,21.0,1.0,6.0,14.0,11.0,4.0,14.0,3.0,1.0,0.0,0.0
2021/22,2021-10-23,Coventry,Derby,1,1,D,1.0,0.0,H,11.0,7.0,3.0,1.0,12.0,8.0,4.0,0.0,1.0,2.0,0.0,0.0
2021/22,2021-10-23,Luton,Hull,1,0,H,1.0,0.0,H,12.0,10.0,4.0,1.0,10.0,11.0,6.0,7.0,0.0,1.0,0.0,0.0
2021/22,2021-10-23,Millwall,Stoke,2,1,H,0.0,1.0,A,8.0,14.0,4.0,3.0,9.0,13.0,0.0,10.0,2.0,1.0,0.0,0.0
2021/22,2021-10-23,Peterboro,QPR,2,1,H,0.0,0.0,D,12.0,14.0,5.0,6.0,7.0,11.0,1.0,4.0,0.0,0.0,0.0,0.0
2021/22,2021-10-23,West Brom,Bristol City,3,0,H,2.0,0.0,H,23.0,7.0,9.0,2.0,8.0,10.0,11.0,6.0,0.0,2.0,0.0,0.0
2021/22,2021-10-24,Barnsley,Sheffield United,2,3,A,0.0,0.0,D,11.0,7.0,4.0,4.0,6.0,15.0,5.0,2.0,0.0,2.0,0.0,0.0
2021/22,2021-10-24,Nott'm Forest,Fulham,0,4,A,0.0,1.0,A,8.0,11.0,1.0,3.0,13.0,17.0,5.0,1.0,5.0,4.0,0.0,0.0
2021/22,2021-10-29,QPR,Nott'm Forest,1,1,D,1.0,0.0,H,13.0,12.0,4.0,4.0,15.0,7.0,5.0,8.0,2.0,1.0,0.0,0.0
2021/22,2021-10-30,Bristol City,Barnsley,2,1,H,2.0,1.0,H,12.0,18.0,4.0,7.0,7.0,4.0,3.0,9.0,0.0,0.0,0.0,0.0
2021/22,2021-10-30,Derby,Blackburn,1,2,A,0.0,2.0,A,9.0,12.0,3.0,5.0,12.0,17.0,2.0,3.0,2.0,5.0,0.0,0.0
2021/22,2021-10-30,Fulham,West Brom,3,0,H,2.0,0.0,H,15.0,11.0,4.0,3.0,3.0,10.0,4.0,7.0,0.0,3.0,1.0,1.0
2021/22,2021-10-30,Huddersfield,Millwall,1,0,H,0.0,0.0,D,14.0,4.0,6.0,1.0,8.0,14.0,6.0,3.0,3.0,2.0,0.0,0.0
2021/22,2021-10-30,Hull,Coventry,0,1,A,0.0,1.0,A,13.0,11.0,4.0,3.0,12.0,13.0,4.0,8.0,2.0,0.0,0.0,0.0
2021/22,2021-10-30,Middlesbrough,Birmingham,0,2,A,0.0,0.0,D,11.0,8.0,3.0,3.0,9.0,15.0,9.0,0.0,0.0,3.0,0.0,0.0
2021/22,2021-10-30,Preston,Luton,2,0,H,2.0,0.0,H,14.0,8.0,5.0,4.0,20.0,13.0,7.0,5.0,1.0,2.0,0.0,0.0
2021/22,2021-10-30,Reading,Bournemouth,0,2,A,0.0,1.0,A,9.0,8.0,1.0,3.0,8.0,9.0,6.0,5.0,1.0,3.0,0.0,0.0
2021/22,2021-10-30,Sheffield United,Blackpool,0,1,A,0.0,0.0,D,13.0,5.0,4.0,2.0,15.0,8.0,4.0,4.0,2.0,1.0,0.0,0.0
2021/22,2021-10-30,Stoke,Cardiff,3,3,D,2.0,0.0,H,11.0,9.0,4.0,5.0,7.0,13.0,7.0,5.0,3.0,3.0,0.0,0.0
2021/22,2021-10-30,Swansea,Peterboro,3,0,H,3.0,0.0,H,13.0,2.0,5.0,1.0,7.0,10.0,7.0,3.0,2.0,0.0,0.0,0.0
2021/22,2021-11-02,Birmingham,Bristol City,3,0,H,1.0,0.0,H,14.0,8.0,3.0,1.0,12.0,8.0,6.0,2.0,0.0,2.0,0.0,0.0
2021/22,2021-11-02,Coventry,Swansea,1,2,A,1.0,2.0,A,11.0,9.0,4.0,4.0,12.0,8.0,7.0,3.0,1.0,2.0,0.0,0.0
2021/22,2021-11-02,Luton,Middlesbrough,3,1,H,0.0,1.0,A,10.0,9.0,3.0,4.0,14.0,12.0,5.0,0.0,4.0,3.0,0.0,0.0
2021/22,2021-11-02,Millwall,Reading,1,0,H,0.0,0.0,D,17.0,9.0,5.0,0.0,10.0,5.0,4.0,1.0,2.0,0.0,0.0,0.0
2021/22,2021-11-02,Nott'm Forest,Sheffield United,1,1,D,0.0,0.0,D,10.0,6.0,1.0,3.0,11.0,11.0,6.0,4.0,4.0,2.0,0.0,0.0
2021/22,2021-11-02,Peterboro,Huddersfield,1,1,D,0.0,0.0,D,9.0,9.0,5.0,2.0,10.0,15.0,2.0,3.0,3.0,3.0,0.0,0.0
2021/22,2021-11-03,Barnsley,Derby,2,1,H,1.0,1.0,D,9.0,15.0,4.0,5.0,10.0,9.0,7.0,8.0,3.0,2.0,0.0,0.0
2021/22,2021-11-03,Blackburn,Fulham,0,7,A,0.0,2.0,A,5.0,18.0,2.0,10.0,7.0,4.0,2.0,8.0,2.0,0.0,1.0,0.0
2021/22,2021-11-03,Blackpool,Stoke,0,1,A,0.0,0.0,D,9.0,11.0,1.0,4.0,6.0,9.0,4.0,4.0,0.0,5.0,0.0,0.0
2021/22,2021-11-03,Bournemouth,Preston,1,2,A,0.0,0.0,D,10.0,8.0,5.0,3.0,10.0,10.0,9.0,2.0,3.0,1.0,0.0,0.0
2021/22,2021-11-03,Cardiff,QPR,0,1,A,0.0,1.0,A,10.0,8.0,3.0,4.0,14.0,8.0,6.0,2.0,0.0,2.0,0.0,0.0
2021/22,2021-11-03,West Brom,Hull,1,0,H,0.0,0.0,D,17.0,9.0,5.0,1.0,11.0,9.0,8.0,6.0,2.0,2.0,0.0,0.0
2021/22,2021-11-06,Barnsley,Hull,0,2,A,0.0,1.0,A,13.0,19.0,6.0,4.0,10.0,11.0,3.0,7.0,2.0,2.0,0.0,0.0
2021/22,2021-11-06,Birmingham,Reading,1,2,A,1.0,0.0,H,17.0,14.0,2.0,5.0,14.0,3.0,3.0,3.0,4.0,1.0,0.0,0.0
2021/22,2021-11-06,Blackburn,Sheffield United,3,1,H,1.0,1.0,D,12.0,9.0,6.0,4.0,9.0,13.0,4.0,8.0,1.0,3.0,0.0,0.0
2021/22,2021-11-06,Blackpool,QPR,1,1,D,0.0,1.0,A,10.0,5.0,1.0,1.0,12.0,16.0,8.0,4.0,2.0,5.0,0.0,0.0
2021/22,2021-11-06,Bournemouth,Swansea,4,0,H,1.0,0.0,H,16.0,7.0,7.0,4.0,16.0,6.0,7.0,2.0,2.0,3.0,0.0,0.0
2021/22,2021-11-06,Cardiff,Huddersfield,2,1,H,0.0,1.0,A,15.0,13.0,5.0,2.0,15.0,3.0,5.0,3.0,4.0,1.0,0.0,0.0
2021/22,2021-11-06,Coventry,Bristol City,3,2,H,0.0,1.0,A,17.0,8.0,6.0,5.0,15.0,11.0,8.0,1.0,1.0,3.0,1.0,0.0
2021/22,2021-11-06,Luton,Stoke,0,1,A,0.0,1.0,A,7.0,5.0,2.0,1.0,10.0,10.0,5.0,6.0,1.0,5.0,0.0,0.0
2021/22,2021-11-06,Millwall,Derby,1,1,D,1.0,1.0,D,14.0,13.0,3.0,5.0,11.0,7.0,5.0,3.0,2.0,0.0,0.0,1.0
2021/22,2021-11-06,Nott'm Forest,Preston,3,0,H,2.0,0.0,H,11.0,4.0,4.0,2.0,7.0,15.0,5.0,1.0,2.0,3.0,0.0,0.0
2021/22,2021-11-06,Peterboro,Fulham,0,1,A,0.0,0.0,D,12.0,11.0,5.0,4.0,6.0,13.0,3.0,5.0,1.0,4.0,0.0,0.0
2021/22,2021-11-06,West Brom,Middlesbrough,1,1,D,0.0,1.0,A,9.0,6.0,4.0,3.0,21.0,13.0,9.0,3.0,3.0,4.0,0.0,0.0
2021/22,2021-11-19,QPR,Luton,2,0,H,1.0,0.0,H,8.0,16.0,2.0,4.0,12.0,11.0,4.0,4.0,3.0,3.0,0.0,0.0
2021/22,2021-11-20,Bristol City,Blackburn,1,1,D,1.0,0.0,H,12.0,8.0,4.0,1.0,7.0,13.0,5.0,1.0,2.0,2.0,0.0,0.0
2021/22,2021-11-20,Fulham,Barnsley,4,1,H,2.0,0.0,H,21.0,9.0,12.0,3.0,9.0,6.0,7.0,7.0,0.0,0.0,0.0,0.0
2021/22,2021-11-20,Huddersfield,West Brom,1,0,H,1.0,0.0,H,6.0,20.0,2.0,2.0,5.0,12.0,3.0,7.0,1.0,2.0,0.0,1.0
2021/22,2021-11-20,Hull,Birmingham,2,0,H,1.0,0.0,H,18.0,8.0,5.0,5.0,8.0,9.0,10.0,2.0,4.0,1.0,0.0,1.0
2021/22,2021-11-20,Middlesbrough,Millwall,1,1,D,1.0,1.0,D,13.0,6.0,7.0,1.0,10.0,16.0,10.0,4.0,1.0,2.0,0.0,0.0
2021/22,2021-11-20,Preston,Cardiff,1,2,A,1.0,0.0,H,12.0,14.0,5.0,3.0,9.0,12.0,8.0,6.0,2.0,3.0,0.0,0.0
2021/22,2021-11-20,Reading,Nott'm Forest,1,1,D,0.0,1.0,A,12.0,13.0,6.0,4.0,14.0,13.0,5.0,4.0,4.0,1.0,0.0,0.0
2021/22,2021-11-20,Sheffield United,Coventry,0,0,D,0.0,0.0,D,13.0,9.0,2.0,4.0,9.0,12.0,1.0,2.0,3.0,2.0,0.0,0.0
2021/22,2021-11-20,Stoke,Peterboro,2,0,H,1.0,0.0,H,7.0,14.0,3.0,1.0,13.0,10.0,3.0,9.0,5.0,2.0,1.0,0.0
2021/22,2021-11-20,Swansea,Blackpool,1,1,D,1.0,0.0,H,5.0,8.0,2.0,3.0,13.0,9.0,3.0,4.0,1.0,1.0,0.0,0.0
2021/22,2021-11-21,Derby,Bournemouth,3,2,H,1.0,2.0,A,9.0,12.0,3.0,5.0,7.0,9.0,3.0,4.0,0.0,1.0,0.0,0.0
2021/22,2021-11-23,Blackpool,West Brom,0,0,D,0.0,0.0,D,13.0,25.0,4.0,3.0,8.0,12.0,1.0,8.0,2.0,2.0,0.0,0.0
2021/22,2021-11-23,Coventry,Birmingham,0,0,D,0.0,0.0,D,13.0,6.0,5.0,1.0,7.0,15.0,9.0,1.0,0.0,3.0,0.0,1.0
2021/22,2021-11-23,Middlesbrough,Preston,1,2,A,1.0,0.0,H,18.0,7.0,6.0,2.0,9.0,17.0,11.0,4.0,0.0,4.0,0.0,0.0
2021/22,2021-11-23,Nott'm Forest,Luton,0,0,D,0.0,0.0,D,8.0,10.0,0.0,2.0,15.0,15.0,5.0,7.0,2.0,3.0,0.0,0.0
2021/22,2021-11-23,Reading,Sheffield United,0,1,A,0.0,0.0,D,6.0,8.0,2.0,2.0,9.0,14.0,5.0,5.0,0.0,3.0,0.0,0.0
2021/22,2021-11-24,Barnsley,Swansea,0,2,A,0.0,0.0,D,3.0,6.0,1.0,3.0,12.0,8.0,0.0,2.0,2.0,3.0,0.0,0.0
2021/22,2021-11-24,Blackburn,Peterboro,4,0,H,3.0,0.0,H,13.0,7.0,7.0,2.0,13.0,11.0,5.0,3.0,1.0,2.0,0.0,0.0
2021/22,2021-11-24,Bristol City,Stoke,1,0,H,1.0,0.0,H,8.0,13.0,2.0,4.0,7.0,13.0,4.0,5.0,2.0,1.0,0.0,1.0
2021/22,2021-11-24,Cardiff,Hull,0,1,A,0.0,1.0,A,14.0,6.0,4.0,1.0,9.0,14.0,4.0,4.0,2.0,2.0,0.0,0.0
2021/22,2021-11-24,Fulham,Derby,0,0,D,0.0,0.0,D,21.0,4.0,5.0,2.0,12.0,9.0,7.0,5.0,1.0,2.0,0.0,0.0
2021/22,2021-11-24,Millwall,Bournemouth,1,1,D,0.0,1.0,A,8.0,9.0,1.0,3.0,7.0,17.0,6.0,2.0,1.0,2.0,0.0,0.0
2021/22,2021-11-24,QPR,Huddersfield,1,0,H,0.0,0.0,D,22.0,10.0,5.0,5.0,12.0,7.0,9.0,4.0,2.0,2.0,0.0,0.0
2021/22,2021-11-26,West Brom,Nott'm Forest,0,0,D,0.0,0.0,D,16.0,9.0,3.0,1.0,13.0,7.0,7.0,7.0,1.0,2.0,1.0,0.0
2021/22,2021-11-27,Birmingham,Blackpool,1,0,H,0.0,0.0,D,9.0,8.0,3.0,1.0,16.0,11.0,2.0,1.0,2.0,3.0,0.0,0.0
2021/22,2021-11-27,Bournemouth,Coventry,2,2,D,1.0,0.0,H,9.0,9.0,5.0,6.0,10.0,15.0,4.0,6.0,2.0,1.0,1.0,0.0
2021/22,2021-11-27,Huddersfield,Middlesbrough,1,2,A,0.0,2.0,A,8.0,10.0,1.0,6.0,11.0,6.0,5.0,1.0,0.0,3.0,0.0,0.0
2021/22,2021-11-27,Hull,Millwall,2,1,H,1.0,1.0,D,10.0,12.0,3.0,5.0,8.0,10.0,7.0,5.0,2.0,2.0,0.0,0.0
2021/22,2021-11-27,Luton,Cardiff,1,2,A,0.0,1.0,A,12.0,9.0,1.0,4.0,7.0,10.0,6.0,1.0,1.0,2.0,0.0,0.0
2021/22,2021-11-27,Peterboro,Barnsley,0,0,D,0.0,0.0,D,12.0,10.0,2.0,3.0,7.0,14.0,6.0,3.0,3.0,2.0,0.0,0.0
2021/22,2021-11-27,Preston,Fulham,1,1,D,0.0,1.0,A,15.0,9.0,4.0,2.0,10.0,13.0,4.0,4.0,2.0,2.0,0.0,0.0
2021/22,2021-11-27,Stoke,Blackburn,0,1,A,0.0,0.0,D,7.0,7.0,4.0,2.0,13.0,6.0,5.0,3.0,4.0,4.0,0.0,0.0
2021/22,2021-11-27,Swansea,Reading,2,3,A,1.0,2.0,A,19.0,9.0,10.0,6.0,4.0,12.0,3.0,3.0,1.0,3.0,0.0,0.0
2021/22,2021-11-28,Sheffield United,Bristol City,2,0,H,1.0,0.0,H,21.0,7.0,5.0,2.0,11.0,9.0,7.0,7.0,3.0,4.0,0.0,0.0
2021/22,2021-11-29,Derby,QPR,1,2,A,1.0,0.0,H,6.0,10.0,1.0,4.0,9.0,11.0,1.0,11.0,0.0,1.0,0.0,0.0
2021/22,2021-12-03,Fulham,Bournemouth,1,1,D,0.0,0.0,D,24.0,8.0,7.0,3.0,7.0,11.0,11.0,3.0,3.0,6.0,0.0,0.0
2021/22,2021-12-04,Barnsley,Huddersfield,1,1,D,1.0,1.0,D,13.0,18.0,2.0,7.0,10.0,2.0,0.0,6.0,2.0,0.0,0.0,0.0
2021/22,2021-12-04,Blackburn,Preston,1,0,H,0.0,0.0,D,6.0,10.0,3.0,1.0,10.0,9.0,2.0,1.0,3.0,2.0,0.0,0.0
2021/22,2021-12-04,Blackpool,Luton,0,3,A,0.0,1.0,A,11.0,11.0,5.0,5.0,9.0,10.0,3.0,2.0,0.0,0.0,0.0,0.0
2021/22,2021-12-04,Bristol City,Derby,1,0,H,1.0,0.0,H,7.0,9.0,2.0,1.0,10.0,10.0,3.0,3.0,3.0,2.0,0.0,0.0
2021/22,2021-12-04,Cardiff,Sheffield United,2,3,A,1.0,0.0,H,7.0,16.0,5.0,8.0,7.0,5.0,5.0,3.0,1.0,1.0,1.0,0.0
2021/22,2021-12-04,Coventry,West Brom,1,2,A,0.0,2.0,A,12.0,10.0,3.0,4.0,7.0,17.0,4.0,2.0,0.0,3.0,0.0,0.0
2021/22,2021-12-04,Middlesbrough,Swansea,1,0,H,1.0,0.0,H,5.0,15.0,2.0,5.0,11.0,9.0,5.0,5.0,1.0,1.0,0.0,0.0
2021/22,2021-12-04,Millwall,Birmingham,3,1,H,2.0,0.0,H,19.0,16.0,9.0,3.0,9.0,12.0,11.0,5.0,0.0,2.0,0.0,0.0
2021/22,2021-12-04,Nott'm Forest,Peterboro,2,0,H,0.0,0.0,D,15.0,10.0,3.0,2.0,13.0,15.0,5.0,3.0,1.0,4.0,0.0,0.0
2021/22,2021-12-04,Reading,Hull,1,1,D,1.0,0.0,H,19.0,11.0,7.0,2.0,10.0,9.0,4.0,6.0,2.0,1.0,0.0,0.0
2021/22,2021-12-05,QPR,Stoke,0,2,A,0.0,1.0,A,23.0,17.0,9.0,5.0,7.0,13.0,17.0,4.0,0.0,1.0,0.0,0.0
2021/22,2021-12-11,Birmingham,Cardiff,2,2,D,2.0,0.0,H,12.0,16.0,4.0,7.0,14.0,12.0,7.0,5.0,2.0,2.0,0.0,0.0
2021/22,2021-12-11,Bournemouth,Blackburn,0,2,A,0.0,1.0,A,15.0,11.0,6.0,5.0,8.0,18.0,5.0,5.0,3.0,4.0,0.0,0.0
2021/22,2021-12-11,Derby,Blackpool,1,0,H,0.0,0.0,D,10.0,6.0,2.0,2.0,13.0,10.0,6.0,2.0,2.0,2.0,0.0,0.0
2021/22,2021-12-11,Huddersfield,Coventry,1,1,D,1.0,0.0,H,10.0,22.0,2.0,12.0,8.0,10.0,5.0,9.0,2.0,1.0,0.0,0.0
2021/22,2021-12-11,Hull,Bristol City,2,2,D,1.0,0.0,H,13.0,10.0,5.0,3.0,9.0,12.0,1.0,5.0,1.0,2.0,0.0,0.0
2021/22,2021-12-11,Luton,Fulham,1,1,D,0.0,1.0,A,7.0,11.0,1.0,6.0,10.0,9.0,2.0,4.0,1.0,0.0,0.0,0.0
2021/22,2021-12-11,Peterboro,Millwall,2,1,H,0.0,1.0,A,21.0,15.0,7.0,3.0,8.0,21.0,8.0,3.0,2.0,5.0,0.0,0.0
2021/22,2021-12-11,Preston,Barnsley,2,1,H,0.0,0.0,D,16.0,13.0,4.0,4.0,11.0,8.0,6.0,3.0,0.0,2.0,0.0,0.0
2021/22,2021-12-11,Stoke,Middlesbrough,0,0,D,0.0,0.0,D,8.0,7.0,1.0,1.0,7.0,5.0,5.0,4.0,2.0,1.0,0.0,0.0
2021/22,2021-12-11,Swansea,Nott'm Forest,1,4,A,0.0,0.0,D,12.0,9.0,4.0,5.0,12.0,13.0,2.0,2.0,3.0,4.0,0.0,0.0
2021/22,2021-12-11,West Brom,Reading,1,0,H,0.0,0.0,D,25.0,4.0,11.0,0.0,9.0,8.0,6.0,1.0,1.0,2.0,0.0,0.0
2021/22,2021-12-17,Barnsley,West Brom,0,0,D,0.0,0.0,D,3.0,16.0,1.0,3.0,12.0,13.0,3.0,11.0,1.0,3.0,0.0,0.0
2021/22,2021-12-18,Blackburn,Birmingham,4,0,H,1.0,0.0,H,16.0,8.0,5.0,2.0,7.0,18.0,8.0,4.0,1.0,1.0,0.0,0.0
2021/22,2021-12-18,Blackpool,Peterboro,3,1,H,1.0,1.0,D,15.0,9.0,8.0,1.0,8.0,6.0,6.0,7.0,0.0,0.0,0.0,0.0
2021/22,2021-12-18,Bristol City,Huddersfield,2,3,A,1.0,1.0,D,17.0,11.0,6.0,6.0,8.0,11.0,5.0,5.0,0.0,2.0,0.0,0.0
2021/22,2021-12-18,Middlesbrough,Bournemouth,1,0,H,0.0,0.0,D,19.0,10.0,7.0,3.0,13.0,11.0,7.0,4.0,4.0,2.0,0.0,0.0
2021/22,2021-12-18,Nott'm Forest,Hull,2,1,H,0.0,1.0,A,9.0,11.0,3.0,2.0,7.0,12.0,5.0,5.0,2.0,5.0,0.0,0.0
2021/22,2021-12-20,Fulham,Sheffield United,0,1,A,0.0,1.0,A,11.0,2.0,1.0,2.0,6.0,15.0,7.0,2.0,0.0,3.0,0.0,0.0
2021/22,2021-12-26,Huddersfield,Blackpool,3,2,H,1.0,2.0,A,14.0,10.0,6.0,3.0,11.0,10.0,6.0,0.0,2.0,0.0,0.0,1.0
2021/22,2021-12-26,Middlesbrough,Nott'm Forest,2,0,H,1.0,0.0,H,12.0,7.0,6.0,0.0,11.0,11.0,6.0,8.0,1.0,3.0,0.0,0.0
2021/22,2021-12-27,Derby,West Brom,1,0,H,0.0,0.0,D,3.0,19.0,1.0,5.0,14.0,9.0,2.0,4.0,4.0,1.0,0.0,0.0
2021/22,2021-12-27,QPR,Bournemouth,0,1,A,0.0,1.0,A,8.0,15.0,2.0,6.0,11.0,12.0,4.0,4.0,2.0,4.0,1.0,0.0
2021/22,2021-12-29,Blackburn,Barnsley,2,1,H,1.0,1.0,D,14.0,7.0,5.0,2.0,9.0,9.0,4.0,1.0,3.0,1.0,0.0,0.0
2021/22,2021-12-29,Blackpool,Middlesbrough,1,2,A,0.0,0.0,D,12.0,11.0,2.0,3.0,9.0,8.0,5.0,4.0,2.0,4.0,0.0,0.0
2021/22,2021-12-29,Coventry,Millwall,0,1,A,0.0,0.0,D,14.0,9.0,3.0,2.0,13.0,9.0,6.0,3.0,1.0,1.0,0.0,0.0
2021/22,2021-12-30,Bournemouth,Cardiff,3,0,H,1.0,0.0,H,16.0,7.0,5.0,3.0,7.0,7.0,6.0,1.0,1.0,2.0,0.0,1.0
2021/22,2021-12-30,Bristol City,QPR,1,2,A,1.0,1.0,D,11.0,11.0,3.0,4.0,14.0,8.0,5.0,9.0,1.0,3.0,1.0,0.0
2021/22,2021-12-30,Nott'm Forest,Huddersfield,0,1,A,0.0,1.0,A,23.0,9.0,6.0,2.0,14.0,4.0,8.0,3.0,1.0,2.0,0.0,0.0
2021/22,2021-12-30,Stoke,Derby,1,2,A,0.0,1.0,A,7.0,10.0,1.0,4.0,15.0,9.0,5.0,5.0,3.0,1.0,0.0,0.0
2021/22,2022-01-01,Blackpool,Hull,1,0,H,1.0,0.0,H,8.0,14.0,3.0,6.0,7.0,14.0,1.0,2.0,0.0,2.0,0.0,0.0
2021/22,2022-01-02,Birmingham,QPR,1,2,A,0.0,1.0,A,8.0,6.0,1.0,5.0,11.0,9.0,1.0,3.0,1.0,3.0,0.0,0.0
2021/22,2022-01-02,Blackburn,Huddersfield,0,0,D,0.0,0.0,D,11.0,4.0,2.0,1.0,13.0,13.0,10.0,3.0,3.0,2.0,0.0,0.0
2021/22,2022-01-02,Bristol City,Millwall,3,2,H,1.0,2.0,A,12.0,11.0,8.0,3.0,14.0,11.0,5.0,3.0,4.0,2.0,0.0,0.0
2021/22,2022-01-02,West Brom,Cardiff,1,1,D,0.0,1.0,A,13.0,6.0,3.0,1.0,9.0,14.0,5.0,1.0,2.0,2.0,2.0,1.0
2021/22,2022-01-03,Reading,Derby,2,2,D,1.0,0.0,H,9.0,16.0,3.0,5.0,14.0,7.0,3.0,10.0,1.0,2.0,0.0,0.0
2021/22,2022-01-03,Stoke,Preston,1,2,A,0.0,0.0,D,14.0,6.0,2.0,3.0,11.0,8.0,4.0,6.0,3.0,2.0,0.0,0.0
2021/22,2022-01-11,Reading,Fulham,0,7,A,0.0,2.0,A,3.0,22.0,1.0,13.0,6.0,6.0,2.0,11.0,1.0,0.0,0.0,0.0
2021/22,2022-01-15,Cardiff,Blackburn,0,1,A,0.0,1.0,A,11.0,4.0,2.0,2.0,10.0,13.0,7.0,2.0,4.0,5.0,0.0,1.0
2021/22,2022-01-15,Derby,Sheffield United,2,0,H,0.0,0.0,D,5.0,8.0,2.0,2.0,7.0,13.0,1.0,0.0,1.0,1.0,0.0,0.0
2021/22,2022-01-15,Fulham,Bristol City,6,2,H,5.0,2.0,H,18.0,8.0,8.0,5.0,8.0,8.0,6.0,4.0,0.0,2.0,0.0,0.0
2021/22,2022-01-15,Huddersfield,Swansea,1,1,D,1.0,0.0,H,11.0,18.0,8.0,11.0,8.0,3.0,4.0,7.0,0.0,0.0,0.0,0.0
2021/22,2022-01-15,Luton,Bournemouth,3,2,H,2.0,0.0,H,15.0,12.0,7.0,6.0,7.0,10.0,4.0,6.0,0.0,2.0,0.0,0.0
2021/22,2022-01-15,Middlesbrough,Reading,2,1,H,0.0,0.0,D,10.0,10.0,5.0,4.0,11.0,17.0,5.0,5.0,1.0,3.0,0.0,0.0
2021/22,2022-01-15,Millwall,Nott'm Forest,0,1,A,0.0,0.0,D,12.0,24.0,4.0,7.0,6.0,8.0,7.0,7.0,1.0,2.0,0.0,0.0
2021/22,2022-01-15,Peterboro,Coventry,1,4,A,1.0,2.0,A,9.0,22.0,4.0,9.0,13.0,10.0,3.0,8.0,3.0,1.0,0.0,0.0
2021/22,2022-01-15,Preston,Birmingham,1,1,D,1.0,0.0,H,15.0,16.0,5.0,3.0,10.0,9.0,7.0,7.0,1.0,1.0,0.0,0.0
2021/22,2022-01-15,QPR,West Brom,1,0,H,0.0,0.0,D,9.0,12.0,4.0,2.0,12.0,12.0,2.0,5.0,2.0,1.0,0.0,0.0
2021/22,2022-01-16,Hull,Stoke,0,2,A,0.0,1.0,A,5.0,22.0,1.0,9.0,17.0,10.0,7.0,5.0,3.0,1.0,0.0,0.0
2021/22,2022-01-18,Fulham,Birmingham,6,2,H,4.0,1.0,H,15.0,14.0,11.0,6.0,7.0,10.0,6.0,5.0,1.0,1.0,0.0,0.0
2021/22,2022-01-18,Preston,Sheffield United,2,2,D,0.0,2.0,A,12.0,18.0,8.0,7.0,6.0,8.0,4.0,11.0,1.0,2.0,1.0,0.0
2021/22,2022-01-19,Hull,Blackburn,2,0,H,1.0,0.0,H,14.0,15.0,5.0,4.0,11.0,9.0,4.0,10.0,0.0,3.0,0.0,0.0
2021/22,2022-01-19,Reading,Luton,0,2,A,0.0,1.0,A,8.0,16.0,4.0,4.0,9.0,13.0,6.0,4.0,2.0,0.0,0.0,0.0
2021/22,2022-01-22,Birmingham,Barnsley,2,1,H,1.0,0.0,H,11.0,9.0,5.0,4.0,9.0,11.0,5.0,3.0,1.0,2.0,0.0,0.0
2021/22,2022-01-22,Blackpool,Millwall,1,0,H,0.0,0.0,D,14.0,9.0,5.0,3.0,8.0,10.0,6.0,2.0,1.0,0.0,0.0,0.0
2021/22,2022-01-22,Bournemouth,Hull,0,1,A,0.0,0.0,D,17.0,6.0,6.0,4.0,11.0,11.0,4.0,7.0,2.0,2.0,0.0,0.0
2021/22,2022-01-22,Bristol City,Cardiff,3,2,H,1.0,1.0,D,12.0,16.0,6.0,5.0,8.0,10.0,3.0,6.0,1.0,2.0,0.0,0.0
2021/22,2022-01-22,Coventry,QPR,1,2,A,0.0,1.0,A,21.0,8.0,7.0,3.0,12.0,7.0,13.0,2.0,2.0,1.0,0.0,0.0
2021/22,2022-01-22,Nott'm Forest,Derby,2,1,H,0.0,0.0,D,13.0,4.0,6.0,1.0,17.0,22.0,4.0,2.0,2.0,5.0,0.0,1.0
2021/22,2022-01-22,Reading,Huddersfield,3,4,A,3.0,3.0,D,14.0,19.0,4.0,7.0,13.0,11.0,4.0,4.0,3.0,1.0,0.0,0.0
2021/22,2022-01-22,Sheffield United,Luton,2,0,H,0.0,0.0,D,25.0,4.0,7.0,2.0,14.0,8.0,8.0,1.0,0.0,0.0,0.0,1.0
2021/22,2022-01-22,Stoke,Fulham,2,3,A,1.0,2.0,A,6.0,12.0,3.0,6.0,7.0,11.0,3.0,5.0,2.0,0.0,0.0,0.0
2021/22,2022-01-22,Swansea,Preston,1,0,H,0.0,0.0,D,10.0,9.0,4.0,1.0,16.0,11.0,2.0,9.0,3.0,3.0,0.0,0.0
2021/22,2022-01-22,West Brom,Peterboro,3,0,H,0.0,0.0,D,27.0,1.0,6.0,0.0,11.0,8.0,10.0,1.0,1.0,1.0,0.0,0.0
2021/22,2022-01-24,Blackburn,Middlesbrough,1,0,H,0.0,0.0,D,15.0,9.0,3.0,1.0,14.0,14.0,6.0,7.0,4.0,6.0,0.0,0.0
2021/22,2022-01-25,Birmingham,Peterboro,2,2,D,0.0,1.0,A,12.0,10.0,3.0,4.0,15.0,12.0,3.0,4.0,0.0,1.0,0.0,0.0
2021/22,2022-01-25,Coventry,Stoke,1,0,H,0.0,0.0,D,14.0,7.0,4.0,0.0,6.0,9.0,5.0,5.0,2.0,1.0,0.0,0.0
2021/22,2022-01-25,Luton,Bristol City,2,1,H,1.0,0.0,H,8.0,12.0,3.0,3.0,11.0,9.0,8.0,9.0,2.0,2.0,0.0,0.0
2021/22,2022-01-25,Nott'm Forest,Barnsley,3,0,H,2.0,0.0,H,18.0,9.0,6.0,2.0,9.0,15.0,12.0,0.0,2.0,3.0,0.0,0.0
2021/22,2022-01-25,QPR,Swansea,0,0,D,0.0,0.0,D,6.0,12.0,2.0,5.0,15.0,15.0,4.0,3.0,3.0,3.0,0.0,1.0
2021/22,2022-01-26,West Brom,Preston,0,2,A,0.0,1.0,A,8.0,10.0,0.0,3.0,13.0,19.0,3.0,4.0,2.0,4.0,0.0,0.0
2021/22,2022-01-28,Huddersfield,Stoke,1,1,D,1.0,0.0,H,13.0,16.0,5.0,8.0,8.0,10.0,3.0,5.0,2.0,3.0,0.0,0.0
2021/22,2022-01-29,Barnsley,Bournemouth,0,1,A,0.0,1.0,A,14.0,15.0,7.0,3.0,4.0,14.0,2.0,9.0,0.0,2.0,0.0,1.0
2021/22,2022-01-29,Fulham,Blackpool,1,1,D,1.0,0.0,H,19.0,10.0,6.0,4.0,13.0,15.0,9.0,3.0,4.0,2.0,0.0,0.0
2021/22,2022-01-29,Hull,Swansea,2,0,H,2.0,0.0,H,5.0,15.0,2.0,5.0,7.0,10.0,1.0,2.0,0.0,2.0,0.0,0.0
2021/22,2022-01-29,Luton,Blackburn,0,0,D,0.0,0.0,D,8.0,7.0,2.0,2.0,16.0,14.0,6.0,5.0,3.0,2.0,0.0,0.0
2021/22,2022-01-29,Middlesbrough,Coventry,1,0,H,0.0,0.0,D,9.0,15.0,3.0,5.0,10.0,17.0,6.0,8.0,2.0,1.0,0.0,0.0
2021/22,2022-01-29,Millwall,West Brom,2,0,H,0.0,0.0,D,9.0,6.0,3.0,2.0,16.0,13.0,2.0,4.0,1.0,1.0,0.0,0.0
2021/22,2022-01-29,Peterboro,Sheffield United,0,2,A,0.0,0.0,D,3.0,20.0,2.0,5.0,9.0,13.0,0.0,9.0,0.0,1.0,0.0,0.0
2021/22,2022-01-29,Preston,Bristol City,2,2,D,0.0,1.0,A,10.0,12.0,4.0,3.0,9.0,10.0,3.0,6.0,0.0,0.0,0.0,0.0
2021/22,2022-01-29,QPR,Reading,4,0,H,3.0,0.0,H,16.0,18.0,8.0,3.0,19.0,10.0,6.0,8.0,4.0,2.0,0.0,0.0
2021/22,2022-01-30,Cardiff,Nott'm Forest,2,1,H,1.0,0.0,H,10.0,6.0,4.0,1.0,14.0,7.0,3.0,2.0,2.0,1.0,0.0,0.0
2021/22,2022-01-30,Derby,Birmingham,2,2,D,0.0,1.0,A,16.0,13.0,6.0,4.0,4.0,18.0,7.0,6.0,0.0,4.0,0.0,0.0
2021/22,2022-02-01,Millwall,Preston,0,0,D,0.0,0.0,D,7.0,4.0,2.0,1.0,8.0,8.0,2.0,3.0,3.0,1.0,0.0,0.0
2021/22,2022-02-01,Swansea,Luton,0,1,A,0.0,0.0,D,16.0,13.0,4.0,2.0,7.0,9.0,7.0,4.0,2.0,4.0,0.0,0.0
2021/22,2022-02-02,Barnsley,Cardiff,0,1,A,0.0,0.0,D,8.0,5.0,1.0,1.0,14.0,11.0,6.0,0.0,2.0,4.0,0.0,0.0
2021/22,2022-02-02,Huddersfield,Derby,2,0,H,0.0,0.0,D,16.0,1.0,6.0,0.0,11.0,9.0,4.0,3.0,1.0,3.0,0.0,1.0
2021/22,2022-02-04,Birmingham,Sheffield United,1,2,A,0.0,0.0,D,7.0,9.0,2.0,5.0,14.0,8.0,1.0,6.0,4.0,1.0,0.0,0.0
2021/22,2022-02-05,Blackpool,Bristol City,3,1,H,2.0,0.0,H,7.0,9.0,5.0,4.0,11.0,4.0,6.0,4.0,4.0,4.0,0.0,0.0
2021/22,2022-02-05,Hull,Preston,0,1,A,0.0,0.0,D,10.0,7.0,2.0,4.0,14.0,15.0,7.0,4.0,0.0,2.0,0.0,0.0
2021/22,2022-02-05,Swansea,Blackburn,1,0,H,1.0,0.0,H,4.0,17.0,2.0,4.0,9.0,13.0,0.0,13.0,2.0,2.0,1.0,0.0
2021/22,2022-02-08,Coventry,Blackpool,1,1,D,1.0,1.0,D,20.0,10.0,4.0,4.0,10.0,9.0,9.0,4.0,4.0,1.0,0.0,0.0
2021/22,2022-02-08,Derby,Hull,3,1,H,2.0,0.0,H,11.0,9.0,5.0,2.0,9.0,16.0,2.0,10.0,2.0,3.0,0.0,0.0
2021/22,2022-02-08,Fulham,Millwall,3,0,H,1.0,0.0,H,20.0,8.0,6.0,2.0,12.0,14.0,6.0,4.0,1.0,3.0,0.0,0.0
2021/22,2022-02-08,Luton,Barnsley,2,1,H,1.0,1.0,D,8.0,7.0,4.0,2.0,11.0,12.0,9.0,4.0,1.0,2.0,0.0,0.0
2021/22,2022-02-08,Stoke,Swansea,3,0,H,0.0,0.0,D,22.0,3.0,7.0,1.0,7.0,14.0,8.0,1.0,2.0,4.0,0.0,1.0
2021/22,2022-02-09,Blackburn,Nott'm Forest,0,2,A,0.0,1.0,A,13.0,14.0,8.0,5.0,20.0,11.0,5.0,4.0,3.0,3.0,1.0,0.0
2021/22,2022-02-09,Bournemouth,Birmingham,3,1,H,2.0,0.0,H,9.0,10.0,5.0,5.0,10.0,16.0,5.0,8.0,0.0,5.0,1.0,0.0
2021/22,2022-02-09,Bristol City,Reading,2,1,H,1.0,0.0,H,10.0,18.0,4.0,4.0,20.0,7.0,5.0,6.0,4.0,1.0,0.0,0.0
2021/22,2022-02-09,Cardiff,Peterboro,4,0,H,2.0,0.0,H,14.0,5.0,4.0,1.0,17.0,10.0,7.0,6.0,3.0,1.0,0.0,0.0
2021/22,2022-02-09,Preston,Huddersfield,0,0,D,0.0,0.0,D,16.0,8.0,4.0,1.0,12.0,7.0,1.0,2.0,1.0,2.0,0.0,0.0
2021/22,2022-02-09,QPR,Middlesbrough,2,2,D,1.0,1.0,D,7.0,18.0,4.0,5.0,9.0,10.0,3.0,8.0,0.0,1.0,0.0,0.0
2021/22,2022-02-09,Sheffield United,West Brom,2,0,H,1.0,0.0,H,12.0,13.0,5.0,3.0,10.0,10.0,3.0,2.0,1.0,1.0,0.0,1.0
2021/22,2022-02-12,Barnsley,QPR,1,0,H,0.0,0.0,D,19.0,12.0,5.0,3.0,11.0,11.0,2.0,4.0,1.0,1.0,0.0,0.0
2021/22,2022-02-12,Birmingham,Luton,3,0,H,1.0,0.0,H,9.0,8.0,6.0,2.0,8.0,12.0,0.0,7.0,0.0,0.0,0.0,0.0
2021/22,2022-02-12,Blackpool,Bournemouth,1,2,A,1.0,0.0,H,15.0,13.0,7.0,7.0,14.0,11.0,6.0,7.0,2.0,1.0,0.0,0.0
2021/22,2022-02-12,Huddersfield,Sheffield United,0,0,D,0.0,0.0,D,12.0,9.0,3.0,6.0,5.0,13.0,9.0,2.0,1.0,4.0,0.0,0.0
2021/22,2022-02-12,Hull,Fulham,0,1,A,0.0,0.0,D,8.0,11.0,2.0,4.0,14.0,15.0,1.0,4.0,2.0,1.0,0.0,0.0
2021/22,2022-02-12,Middlesbrough,Derby,4,1,H,3.0,1.0,H,14.0,6.0,9.0,1.0,13.0,12.0,6.0,7.0,3.0,2.0,0.0,0.0
2021/22,2022-02-12,Millwall,Cardiff,2,1,H,0.0,0.0,D,12.0,17.0,3.0,5.0,14.0,10.0,6.0,5.0,1.0,0.0,0.0,0.0
2021/22,2022-02-12,Nott'm Forest,Stoke,2,2,D,0.0,0.0,D,11.0,19.0,6.0,7.0,15.0,14.0,5.0,5.0,3.0,3.0,1.0,0.0
2021/22,2022-02-12,Peterboro,Preston,0,1,A,0.0,0.0,D,16.0,7.0,6.0,2.0,10.0,15.0,3.0,5.0,0.0,2.0,0.0,0.0
2021/22,2022-02-12,Reading,Coventry,2,3,A,1.0,1.0,D,12.0,13.0,4.0,4.0,9.0,9.0,4.0,5.0,1.0,5.0,1.0,0.0
2021/22,2022-02-13,Swansea,Bristol City,3,1,H,0.0,1.0,A,16.0,10.0,6.0,3.0,5.0,17.0,6.0,5.0,2.0,5.0,0.0,0.0
2021/22,2022-02-14,West Brom,Blackburn,0,0,D,0.0,0.0,D,13.0,10.0,3.0,3.0,8.0,10.0,3.0,7.0,0.0,1.0,0.0,0.0
2021/22,2022-02-15,Cardiff,Coventry,2,0,H,0.0,0.0,D,8.0,11.0,6.0,3.0,10.0,6.0,4.0,2.0,2.0,1.0,0.0,0.0
2021/22,2022-02-15,Millwall,QPR,2,0,H,0.0,0.0,D,13.0,10.0,8.0,2.0,7.0,10.0,2.0,5.0,2.0,1.0,0.0,0.0
2021/22,2022-02-15,Sheffield United,Hull,0,0,D,0.0,0.0,D,21.0,8.0,3.0,1.0,11.0,13.0,12.0,3.0,2.0,2.0,0.0,0.0
2021/22,2022-02-16,Peterboro,Reading,0,0,D,0.0,0.0,D,16.0,8.0,9.0,4.0,17.0,16.0,8.0,3.0,3.0,2.0,0.0,0.0
2021/22,2022-02-19,Bristol City,Middlesbrough,2,1,H,1.0,0.0,H,5.0,21.0,4.0,10.0,19.0,6.0,0.0,13.0,2.0,1.0,0.0,0.0
2021/22,2022-02-19,Cardiff,Blackpool,1,1,D,0.0,1.0,A,11.0,6.0,2.0,2.0,15.0,11.0,3.0,2.0,3.0,1.0,0.0,0.0
2021/22,2022-02-19,Coventry,Barnsley,1,0,H,0.0,0.0,D,19.0,6.0,7.0,0.0,11.0,14.0,3.0,3.0,0.0,2.0,0.0,0.0
2021/22,2022-02-19,Derby,Peterboro,1,0,H,0.0,0.0,D,25.0,5.0,5.0,0.0,10.0,13.0,8.0,1.0,5.0,4.0,1.0,1.0
2021/22,2022-02-19,Fulham,Huddersfield,1,2,A,0.0,2.0,A,20.0,6.0,6.0,4.0,5.0,9.0,12.0,2.0,2.0,1.0,0.0,0.0
2021/22,2022-02-19,Luton,West Brom,2,0,H,0.0,0.0,D,6.0,16.0,3.0,6.0,13.0,5.0,4.0,4.0,2.0,3.0,0.0,0.0
2021/22,2022-02-19,Preston,Reading,2,3,A,0.0,2.0,A,18.0,13.0,2.0,9.0,11.0,5.0,5.0,6.0,1.0,0.0,0.0,0.0
2021/22,2022-02-19,QPR,Hull,1,1,D,0.0,1.0,A,13.0,6.0,4.0,2.0,8.0,4.0,5.0,2.0,2.0,1.0,0.0,0.0
2021/22,2022-02-19,Sheffield United,Swansea,4,0,H,3.0,0.0,H,12.0,6.0,6.0,2.0,18.0,7.0,5.0,2.0,2.0,0.0,0.0,0.0
2021/22,2022-02-19,Stoke,Birmingham,2,2,D,1.0,1.0,D,10.0,8.0,3.0,3.0,8.0,10.0,5.0,2.0,0.0,0.0,0.0,0.0
2021/22,2022-02-22,Bristol City,Coventry,1,2,A,0.0,1.0,A,13.0,12.0,4.0,4.0,5.0,13.0,4.0,4.0,1.0,3.0,0.0,0.0
2021/22,2022-02-22,Hull,Barnsley,0,2,A,0.0,2.0,A,6.0,8.0,3.0,5.0,4.0,18.0,6.0,4.0,1.0,0.0,0.0,0.0
2021/22,2022-02-22,Middlesbrough,West Brom,2,1,H,0.0,1.0,A,8.0,8.0,3.0,2.0,16.0,8.0,2.0,3.0,2.0,3.0,0.0,0.0
2021/22,2022-02-22,Preston,Nott'm Forest,0,0,D,0.0,0.0,D,15.0,7.0,4.0,2.0,10.0,8.0,11.0,3.0,3.0,2.0,0.0,0.0
2021/22,2022-02-22,Reading,Birmingham,2,1,H,0.0,0.0,D,9.0,16.0,3.0,7.0,7.0,14.0,0.0,6.0,0.0,3.0,0.0,0.0
2021/22,2022-02-23,Derby,Millwall,1,2,A,0.0,2.0,A,14.0,8.0,3.0,4.0,11.0,11.0,9.0,1.0,1.0,1.0,0.0,0.0
2021/22,2022-02-23,Fulham,Peterboro,2,1,H,1.0,0.0,H,25.0,6.0,11.0,2.0,5.0,6.0,10.0,4.0,0.0,1.0,0.0,0.0
2021/22,2022-02-23,Huddersfield,Cardiff,2,1,H,0.0,0.0,D,14.0,10.0,4.0,7.0,5.0,9.0,12.0,2.0,2.0,7.0,0.0,0.0
2021/22,2022-02-23,QPR,Blackpool,2,1,H,1.0,0.0,H,8.0,7.0,5.0,2.0,7.0,11.0,3.0,1.0,3.0,2.0,1.0,0.0
2021/22,2022-02-23,Sheffield United,Blackburn,1,0,H,0.0,0.0,D,13.0,11.0,6.0,4.0,15.0,9.0,7.0,5.0,3.0,2.0,1.0,0.0
2021/22,2022-02-23,Stoke,Luton,1,2,A,0.0,0.0,D,5.0,12.0,2.0,4.0,8.0,11.0,6.0,6.0,1.0,6.0,0.0,0.0
2021/22,2022-02-26,Barnsley,Middlesbrough,3,2,H,2.0,0.0,H,7.0,16.0,5.0,4.0,14.0,12.0,2.0,12.0,3.0,0.0,0.0,0.0
2021/22,2022-02-26,Birmingham,Huddersfield,0,2,A,0.0,2.0,A,11.0,7.0,2.0,5.0,9.0,14.0,6.0,2.0,0.0,0.0,0.0,0.0
2021/22,2022-02-26,Blackburn,QPR,1,0,H,0.0,0.0,D,11.0,7.0,7.0,2.0,15.0,12.0,9.0,1.0,3.0,2.0,0.0,0.0
2021/22,2022-02-26,Blackpool,Reading,4,1,H,1.0,1.0,D,15.0,15.0,8.0,3.0,14.0,3.0,7.0,2.0,1.0,0.0,0.0,0.0
2021/22,2022-02-26,Bournemouth,Stoke,2,1,H,0.0,1.0,A,16.0,8.0,5.0,3.0,16.0,11.0,6.0,3.0,4.0,3.0,0.0,1.0
2021/22,2022-02-26,Cardiff,Fulham,0,1,A,0.0,1.0,A,9.0,11.0,4.0,3.0,12.0,10.0,8.0,9.0,2.0,2.0,0.0,0.0
2021/22,2022-02-26,Coventry,Preston,1,1,D,0.0,0.0,D,10.0,14.0,3.0,6.0,10.0,20.0,4.0,8.0,2.0,3.0,1.0,1.0
2021/22,2022-02-26,Luton,Derby,1,0,H,0.0,0.0,D,8.0,6.0,5.0,1.0,13.0,16.0,7.0,4.0,2.0,2.0,0.0,0.0
2021/22,2022-02-26,Millwall,Sheffield United,1,0,H,0.0,0.0,D,6.0,8.0,2.0,3.0,7.0,13.0,4.0,2.0,0.0,4.0,0.0,0.0
2021/22,2022-02-26,Nott'm Forest,Bristol City,2,0,H,1.0,0.0,H,16.0,5.0,6.0,1.0,9.0,14.0,11.0,5.0,1.0,4.0,0.0,0.0
2021/22,2022-02-26,Peterboro,Hull,0,3,A,0.0,1.0,A,5.0,11.0,1.0,6.0,8.0,4.0,5.0,1.0,3.0,0.0,0.0,0.0
2021/22,2022-02-28,West Brom,Swansea,0,2,A,0.0,0.0,D,12.0,15.0,1.0,4.0,7.0,8.0,4.0,7.0,0.0,2.0,0.0,0.0
2021/22,2022-03-01,Cardiff,Derby,1,0,H,0.0,0.0,D,14.0,9.0,4.0,1.0,11.0,10.0,3.0,6.0,2.0,4.0,0.0,0.0
2021/22,2022-03-04,Huddersfield,Peterboro,3,0,H,2.0,0.0,H,16.0,10.0,7.0,1.0,9.0,7.0,4.0,4.0,0.0,1.0,0.0,0.0
2021/22,2022-03-04,Sheffield United,Nott'm Forest,1,1,D,0.0,0.0,D,8.0,13.0,6.0,4.0,17.0,12.0,6.0,12.0,4.0,1.0,0.0,0.0
2021/22,2022-03-05,Bristol City,Birmingham,1,2,A,0.0,2.0,A,11.0,13.0,4.0,6.0,6.0,8.0,4.0,5.0,2.0,1.0,0.0,0.0
2021/22,2022-03-05,Derby,Barnsley,2,0,H,1.0,0.0,H,9.0,9.0,2.0,3.0,8.0,9.0,4.0,4.0,0.0,2.0,0.0,0.0
2021/22,2022-03-05,Fulham,Blackburn,2,0,H,2.0,0.0,H,14.0,4.0,6.0,1.0,10.0,14.0,5.0,5.0,2.0,2.0,0.0,0.0
2021/22,2022-03-05,Hull,West Brom,0,2,A,0.0,1.0,A,13.0,7.0,2.0,5.0,9.0,10.0,5.0,3.0,2.0,2.0,0.0,0.0
2021/22,2022-03-05,Middlesbrough,Luton,2,1,H,1.0,0.0,H,8.0,9.0,3.0,5.0,10.0,20.0,4.0,2.0,2.0,3.0,0.0,0.0
2021/22,2022-03-05,Preston,Bournemouth,2,1,H,0.0,0.0,D,13.0,8.0,5.0,3.0,11.0,10.0,2.0,4.0,4.0,1.0,0.0,1.0
2021/22,2022-03-05,QPR,Cardiff,1,2,A,1.0,0.0,H,18.0,11.0,3.0,4.0,8.0,12.0,8.0,2.0,1.0,0.0,0.0,0.0
2021/22,2022-03-05,Reading,Millwall,0,1,A,0.0,1.0,A,11.0,7.0,3.0,2.0,11.0,13.0,6.0,2.0,2.0,2.0,0.0,0.0
2021/22,2022-03-05,Stoke,Blackpool,0,1,A,0.0,0.0,D,10.0,9.0,2.0,4.0,15.0,10.0,2.0,2.0,3.0,3.0,0.0,0.0
2021/22,2022-03-05,Swansea,Coventry,3,1,H,2.0,0.0,H,8.0,12.0,3.0,4.0,9.0,11.0,1.0,4.0,2.0,2.0,0.0,0.0
2021/22,2022-03-08,Barnsley,Stoke,1,1,D,0.0,0.0,D,7.0,12.0,2.0,2.0,15.0,11.0,2.0,8.0,2.0,0.0,0.0,0.0
2021/22,2022-03-08,Blackburn,Millwall,0,0,D,0.0,0.0,D,12.0,0.0,3.0,0.0,3.0,13.0,10.0,2.0,1.0,2.0,0.0,0.0
2021/22,2022-03-08,Bournemouth,Peterboro,1,1,D,0.0,1.0,A,22.0,6.0,2.0,2.0,6.0,9.0,3.0,7.0,2.0,1.0,0.0,0.0
2021/22,2022-03-08,Coventry,Luton,0,1,A,0.0,1.0,A,12.0,6.0,3.0,3.0,7.0,16.0,2.0,2.0,3.0,5.0,0.0,0.0
2021/22,2022-03-08,Sheffield United,Middlesbrough,4,1,H,2.0,0.0,H,12.0,7.0,5.0,2.0,15.0,7.0,5.0,3.0,3.0,3.0,0.0,0.0
2021/22,2022-03-08,Swansea,Fulham,1,5,A,0.0,0.0,D,5.0,12.0,3.0,7.0,6.0,10.0,2.0,5.0,0.0,0.0,1.0,0.0
2021/22,2022-03-11,West Brom,Huddersfield,2,2,D,0.0,1.0,A,13.0,15.0,4.0,9.0,12.0,6.0,6.0,7.0,3.0,2.0,0.0,0.0
2021/22,2022-03-12,Barnsley,Fulham,1,1,D,1.0,0.0,H,8.0,16.0,3.0,3.0,15.0,13.0,4.0,5.0,4.0,3.0,0.0,0.0
2021/22,2022-03-12,Birmingham,Hull,0,0,D,0.0,0.0,D,13.0,8.0,2.0,2.0,10.0,15.0,5.0,6.0,0.0,1.0,0.0,0.0
2021/22,2022-03-12,Blackburn,Bristol City,0,1,A,0.0,0.0,D,14.0,8.0,7.0,3.0,11.0,12.0,7.0,3.0,1.0,3.0,0.0,0.0
2021/22,2022-03-12,Blackpool,Swansea,1,0,H,1.0,0.0,H,11.0,8.0,4.0,1.0,11.0,10.0,7.0,3.0,0.0,2.0,0.0,0.0
2021/22,2022-03-12,Bournemouth,Derby,2,0,H,1.0,0.0,H,14.0,8.0,7.0,3.0,11.0,6.0,7.0,4.0,3.0,2.0,0.0,0.0
2021/22,2022-03-12,Cardiff,Preston,0,0,D,0.0,0.0,D,9.0,9.0,3.0,3.0,7.0,5.0,5.0,2.0,2.0,2.0,0.0,0.0
2021/22,2022-03-12,Coventry,Sheffield United,4,1,H,1.0,1.0,D,27.0,12.0,14.0,4.0,13.0,4.0,5.0,7.0,0.0,0.0,0.0,0.0
2021/22,2022-03-12,Millwall,Middlesbrough,0,0,D,0.0,0.0,D,10.0,7.0,2.0,4.0,12.0,7.0,8.0,6.0,4.0,1.0,0.0,0.0
2021/22,2022-03-12,Nott'm Forest,Reading,4,0,H,1.0,0.0,H,10.0,7.0,5.0,3.0,18.0,14.0,2.0,4.0,2.0,4.0,0.0,0.0
2021/22,2022-03-12,Peterboro,Stoke,2,2,D,1.0,1.0,D,6.0,14.0,3.0,2.0,18.0,10.0,3.0,3.0,1.0,2.0,0.0,0.0
2021/22,2022-03-13,Luton,QPR,1,2,A,1.0,0.0,H,13.0,5.0,4.0,3.0,10.0,7.0,4.0,4.0,0.0,3.0,0.0,0.0
2021/22,2022-03-15,Barnsley,Bristol City,2,0,H,2.0,0.0,H,12.0,16.0,5.0,3.0,10.0,7.0,7.0,3.0,0.0,0.0,0.0,0.0
2021/22,2022-03-15,Birmingham,Middlesbrough,0,2,A,0.0,1.0,A,8.0,10.0,0.0,5.0,14.0,11.0,5.0,7.0,1.0,2.0,1.0,0.0
2021/22,2022-03-15,Blackburn,Derby,3,1,H,0.0,1.0,A,12.0,11.0,5.0,2.0,6.0,6.0,9.0,1.0,1.0,1.0,0.0,0.0
2021/22,2022-03-15,Bournemouth,Reading,1,1,D,1.0,0.0,H,10.0,8.0,6.0,3.0,21.0,8.0,5.0,7.0,2.0,1.0,0.0,0.0
2021/22,2022-03-15,West Brom,Fulham,1,0,H,0.0,0.0,D,9.0,8.0,5.0,1.0,7.0,7.0,8.0,8.0,1.0,1.0,0.0,0.0
2021/22,2022-03-16,Blackpool,Sheffield United,0,0,D,0.0,0.0,D,10.0,8.0,1.0,2.0,6.0,12.0,2.0,5.0,1.0,2.0,0.0,0.0
2021/22,2022-03-16,Cardiff,Stoke,2,1,H,2.0,1.0,H,12.0,7.0,6.0,4.0,11.0,10.0,9.0,8.0,1.0,0.0,0.0,0.0
2021/22,2022-03-16,Coventry,Hull,0,2,A,0.0,2.0,A,17.0,12.0,5.0,6.0,9.0,6.0,12.0,5.0,2.0,0.0,0.0,0.0
2021/22,2022-03-16,Luton,Preston,4,0,H,3.0,0.0,H,12.0,10.0,5.0,2.0,8.0,13.0,4.0,3.0,1.0,2.0,0.0,0.0
2021/22,2022-03-16,Millwall,Huddersfield,2,0,H,1.0,0.0,H,19.0,13.0,7.0,3.0,8.0,7.0,7.0,3.0,2.0,0.0,0.0,0.0
2021/22,2022-03-16,Nott'm Forest,QPR,3,1,H,0.0,1.0,A,16.0,6.0,8.0,1.0,11.0,18.0,6.0,2.0,2.0,5.0,0.0,0.0
2021/22,2022-03-16,Peterboro,Swansea,2,3,A,0.0,1.0,A,5.0,16.0,2.0,9.0,10.0,11.0,3.0,4.0,1.0,5.0,0.0,0.0
2021/22,2022-03-19,Bristol City,West Brom,2,2,D,1.0,0.0,H,8.0,7.0,3.0,2.0,17.0,18.0,3.0,5.0,1.0,1.0,0.0,0.0
2021/22,2022-03-19,Derby,Coventry,1,1,D,0.0,1.0,A,15.0,13.0,6.0,6.0,4.0,15.0,7.0,10.0,1.0,3.0,0.0,0.0
2021/22,2022-03-19,Huddersfield,Bournemouth,0,3,A,0.0,2.0,A,7.0,14.0,4.0,6.0,7.0,8.0,2.0,5.0,0.0,3.0,0.0,0.0
2021/22,2022-03-19,Hull,Luton,1,3,A,0.0,1.0,A,16.0,11.0,4.0,5.0,9.0,11.0,6.0,5.0,2.0,2.0,0.0,0.0
2021/22,2022-03-19,Reading,Blackburn,1,0,H,0.0,0.0,D,8.0,16.0,6.0,5.0,9.0,10.0,3.0,4.0,1.0,2.0,0.0,0.0
2021/22,2022-03-19,Sheffield United,Barnsley,2,0,H,0.0,0.0,D,12.0,10.0,4.0,3.0,7.0,19.0,7.0,6.0,1.0,1.0,0.0,0.0
2021/22,2022-03-19,Stoke,Millwall,2,0,H,1.0,0.0,H,15.0,7.0,2.0,2.0,10.0,12.0,4.0,4.0,3.0,1.0,0.0,0.0
2021/22,2022-03-19,Swansea,Birmingham,0,0,D,0.0,0.0,D,9.0,16.0,4.0,4.0,13.0,8.0,1.0,6.0,0.0,0.0,0.0,0.0
2021/22,2022-03-20,QPR,Peterboro,1,3,A,1.0,1.0,D,13.0,12.0,1.0,8.0,9.0,12.0,4.0,2.0,1.0,3.0,0.0,0.0
2021/22,2022-04-01,Hull,Huddersfield,0,1,A,0.0,0.0,D,6.0,23.0,1.0,8.0,12.0,9.0,4.0,9.0,2.0,1.0,1.0,0.0
2021/22,2022-04-02,Barnsley,Reading,1,1,D,1.0,0.0,H,8.0,13.0,2.0,4.0,19.0,12.0,1.0,8.0,2.0,3.0,0.0,0.0
2021/22,2022-04-02,Blackpool,Nott'm Forest,1,4,A,0.0,3.0,A,18.0,17.0,5.0,7.0,9.0,8.0,8.0,4.0,1.0,1.0,0.0,0.0
2021/22,2022-04-02,Bournemouth,Bristol City,3,2,H,1.0,1.0,D,25.0,6.0,9.0,3.0,8.0,7.0,12.0,3.0,0.0,1.0,0.0,0.0
2021/22,2022-04-02,Cardiff,Swansea,0,4,A,0.0,1.0,A,10.0,12.0,2.0,4.0,14.0,14.0,8.0,4.0,2.0,4.0,0.0,0.0
2021/22,2022-04-02,Coventry,Blackburn,2,2,D,1.0,0.0,H,11.0,11.0,4.0,4.0,13.0,16.0,2.0,4.0,2.0,5.0,0.0,0.0
2021/22,2022-04-02,Derby,Preston,1,0,H,0.0,0.0,D,22.0,12.0,13.0,1.0,10.0,10.0,9.0,5.0,2.0,2.0,1.0,1.0
2021/22,2022-04-02,Luton,Millwall,2,2,D,1.0,1.0,D,9.0,10.0,2.0,4.0,6.0,10.0,5.0,4.0,0.0,0.0,0.0,0.0
2021/22,2022-04-02,Peterboro,Middlesbrough,0,4,A,0.0,1.0,A,10.0,11.0,3.0,6.0,19.0,10.0,5.0,7.0,3.0,1.0,0.0,0.0
2021/22,2022-04-02,QPR,Fulham,0,2,A,0.0,1.0,A,8.0,13.0,2.0,8.0,15.0,5.0,4.0,5.0,3.0,0.0,0.0,0.0
2021/22,2022-04-02,Stoke,Sheffield United,1,0,H,0.0,0.0,D,9.0,10.0,1.0,1.0,10.0,5.0,4.0,7.0,0.0,0.0,0.0,0.0
2021/22,2022-04-03,Birmingham,West Brom,1,0,H,0.0,0.0,D,3.0,8.0,2.0,0.0,11.0,11.0,3.0,6.0,2.0,1.0,0.0,0.0
2021/22,2022-04-05,Millwall,Swansea,0,1,A,0.0,0.0,D,13.0,14.0,2.0,5.0,9.0,5.0,10.0,5.0,1.0,2.0,0.0,0.0
2021/22,2022-04-05,Peterboro,Luton,1,1,D,0.0,0.0,D,18.0,9.0,6.0,3.0,19.0,12.0,4.0,6.0,4.0,2.0,0.0,0.0
2021/22,2022-04-05,Preston,Blackpool,1,0,H,1.0,0.0,H,12.0,8.0,2.0,0.0,17.0,9.0,3.0,3.0,4.0,0.0,0.0,0.0
2021/22,2022-04-05,Reading,Stoke,2,1,H,1.0,1.0,D,9.0,12.0,3.0,3.0,6.0,13.0,5.0,3.0,1.0,3.0,0.0,0.0
2021/22,2022-04-05,Sheffield United,QPR,1,0,H,1.0,0.0,H,9.0,7.0,3.0,1.0,14.0,9.0,5.0,5.0,2.0,3.0,0.0,0.0
2021/22,2022-04-06,Middlesbrough,Fulham,0,1,A,0.0,0.0,D,15.0,6.0,2.0,2.0,13.0,13.0,8.0,4.0,3.0,2.0,0.0,0.0
2021/22,2022-04-06,Nott'm Forest,Coventry,2,0,H,1.0,0.0,H,18.0,13.0,3.0,5.0,9.0,9.0,7.0,2.0,3.0,3.0,0.0,0.0
2021/22,2022-04-06,West Brom,Bournemouth,2,0,H,2.0,0.0,H,12.0,17.0,4.0,0.0,9.0,14.0,6.0,5.0,3.0,3.0,0.0,0.0
2021/22,2022-04-09,Blackburn,Blackpool,1,1,D,1.0,0.0,H,10.0,18.0,2.0,3.0,15.0,10.0,7.0,6.0,2.0,3.0,0.0,0.0
2021/22,2022-04-09,Bristol City,Peterboro,1,1,D,1.0,0.0,H,19.0,16.0,2.0,5.0,12.0,13.0,11.0,4.0,0.0,1.0,0.0,1.0
2021/22,2022-04-09,Middlesbrough,Hull,0,1,A,0.0,0.0,D,11.0,5.0,4.0,3.0,7.0,13.0,7.0,1.0,3.0,5.0,0.0,0.0
2021/22,2022-04-09,Millwall,Barnsley,4,1,H,1.0,0.0,H,15.0,13.0,10.0,4.0,7.0,12.0,7.0,7.0,1.0,1.0,0.0,0.0
2021/22,2022-04-09,Nott'm Forest,Birmingham,2,0,H,1.0,0.0,H,13.0,7.0,5.0,2.0,11.0,13.0,9.0,4.0,1.0,3.0,0.0,0.0
2021/22,2022-04-09,Preston,QPR,2,1,H,1.0,0.0,H,20.0,15.0,7.0,7.0,11.0,9.0,7.0,5.0,0.0,1.0,0.0,0.0
2021/22,2022-04-09,Reading,Cardiff,1,2,A,1.0,0.0,H,10.0,7.0,2.0,3.0,8.0,10.0,5.0,5.0,0.0,1.0,0.0,0.0
2021/22,2022-04-09,Sheffield United,Bournemouth,0,0,D,0.0,0.0,D,10.0,6.0,2.0,2.0,18.0,14.0,7.0,4.0,3.0,2.0,0.0,0.0
2021/22,2022-04-09,Swansea,Derby,2,1,H,2.0,1.0,H,10.0,8.0,3.0,3.0,11.0,9.0,3.0,4.0,2.0,1.0,0.0,0.0
2021/22,2022-04-09,West Brom,Stoke,1,3,A,0.0,1.0,A,15.0,13.0,3.0,4.0,7.0,6.0,6.0,4.0,0.0,0.0,0.0,0.0
2021/22,2022-04-10,Fulham,Coventry,1,3,A,0.0,2.0,A,28.0,18.0,7.0,5.0,10.0,12.0,6.0,10.0,1.0,4.0,0.0,0.0
2021/22,2022-04-11,Huddersfield,Luton,2,0,H,0.0,0.0,D,11.0,7.0,4.0,1.0,7.0,14.0,6.0,3.0,3.0,2.0,0.0,0.0
2021/22,2022-04-15,Birmingham,Coventry,2,4,A,2.0,2.0,D,12.0,13.0,2.0,7.0,6.0,5.0,8.0,7.0,4.0,0.0,0.0,0.0
2021/22,2022-04-15,Bournemouth,Middlesbrough,0,0,D,0.0,0.0,D,8.0,5.0,2.0,1.0,8.0,10.0,3.0,4.0,1.0,2.0,0.0,0.0
2021/22,2022-04-15,Derby,Fulham,2,1,H,0.0,1.0,A,6.0,21.0,4.0,8.0,8.0,11.0,3.0,8.0,4.0,1.0,0.0,0.0
2021/22,2022-04-15,Huddersfield,QPR,2,2,D,1.0,1.0,D,6.0,11.0,2.0,3.0,13.0,9.0,7.0,4.0,3.0,2.0,0.0,0.0
2021/22,2022-04-15,Hull,Cardiff,2,1,H,2.0,0.0,H,8.0,11.0,3.0,4.0,4.0,13.0,4.0,4.0,0.0,3.0,0.0,0.0
2021/22,2022-04-15,Luton,Nott'm Forest,1,0,H,1.0,0.0,H,8.0,11.0,4.0,3.0,17.0,15.0,6.0,1.0,6.0,4.0,1.0,0.0
2021/22,2022-04-15,Peterboro,Blackburn,2,1,H,0.0,0.0,D,15.0,13.0,10.0,2.0,8.0,13.0,7.0,6.0,1.0,1.0,0.0,1.0
2021/22,2022-04-15,Preston,Millwall,1,1,D,1.0,1.0,D,17.0,14.0,5.0,7.0,10.0,7.0,10.0,6.0,0.0,1.0,0.0,0.0
2021/22,2022-04-15,Sheffield United,Reading,1,2,A,0.0,1.0,A,13.0,8.0,2.0,3.0,15.0,11.0,6.0,2.0,4.0,4.0,0.0,0.0
2021/22,2022-04-15,Stoke,Bristol City,0,1,A,0.0,0.0,D,12.0,6.0,3.0,4.0,16.0,13.0,6.0,0.0,2.0,4.0,0.0,0.0
2021/22,2022-04-15,Swansea,Barnsley,1,1,D,0.0,0.0,D,17.0,19.0,7.0,4.0,13.0,11.0,6.0,8.0,1.0,3.0,0.0,0.0
2021/22,2022-04-15,West Brom,Blackpool,2,1,H,1.0,0.0,H,17.0,11.0,5.0,4.0,8.0,9.0,7.0,3.0,0.0,1.0,0.0,0.0
2021/22,2022-04-18,Barnsley,Peterboro,0,2,A,0.0,1.0,A,19.0,10.0,11.0,4.0,15.0,13.0,9.0,3.0,1.0,2.0,0.0,0.0
2021/22,2022-04-18,Blackburn,Stoke,0,1,A,0.0,1.0,A,13.0,7.0,4.0,2.0,13.0,12.0,1.0,3.0,2.0,2.0,0.0,0.0
2021/22,2022-04-18,Blackpool,Birmingham,6,1,H,3.0,0.0,H,16.0,11.0,9.0,6.0,7.0,13.0,9.0,7.0,0.0,1.0,0.0,0.0
2021/22,2022-04-18,Bristol City,Sheffield United,1,1,D,0.0,0.0,D,7.0,16.0,3.0,5.0,11.0,14.0,2.0,7.0,2.0,4.0,0.0,0.0
2021/22,2022-04-18,Cardiff,Luton,0,1,A,0.0,0.0,D,13.0,10.0,3.0,3.0,12.0,6.0,9.0,4.0,1.0,1.0,0.0,0.0
2021/22,2022-04-18,Coventry,Bournemouth,0,3,A,0.0,2.0,A,11.0,5.0,4.0,3.0,15.0,6.0,10.0,3.0,0.0,0.0,0.0,0.0
2021/22,2022-04-18,Middlesbrough,Huddersfield,0,2,A,0.0,1.0,A,13.0,10.0,2.0,7.0,11.0,15.0,11.0,4.0,3.0,3.0,0.0,0.0
2021/22,2022-04-18,Millwall,Hull,2,1,H,0.0,0.0,D,17.0,9.0,8.0,4.0,9.0,12.0,5.0,7.0,2.0,0.0,0.0,0.0
2021/22,2022-04-18,Nott'm Forest,West Brom,4,0,H,3.0,0.0,H,17.0,1.0,6.0,0.0,10.0,6.0,8.0,0.0,2.0,2.0,0.0,1.0
2021/22,2022-04-18,QPR,Derby,1,0,H,0.0,0.0,D,14.0,13.0,6.0,2.0,13.0,8.0,6.0,5.0,2.0,0.0,0.0,1.0
2021/22,2022-04-18,Reading,Swansea,4,4,D,1.0,3.0,A,9.0,11.0,6.0,5.0,12.0,12.0,5.0,3.0,2.0,4.0,0.0,0.0
2021/22,2022-04-19,Fulham,Preston,3,0,H,3.0,0.0,H,14.0,8.0,6.0,1.0,13.0,14.0,6.0,5.0,1.0,1.0,0.0,0.0
2021/22,2022-04-22,Huddersfield,Barnsley,2,1,H,2.0,0.0,H,10.0,11.0,5.0,3.0,7.0,17.0,2.0,7.0,0.0,3.0,0.0,0.0
2021/22,2022-04-23,Birmingham,Millwall,2,2,D,0.0,0.0,D,15.0,13.0,3.0,8.0,16.0,15.0,4.0,6.0,4.0,3.0,0.0,0.0
2021/22,2022-04-23,Bournemouth,Fulham,1,1,D,0.0,0.0,D,9.0,6.0,2.0,2.0,15.0,26.0,4.0,3.0,3.0,7.0,0.0,0.0
2021/22,2022-04-23,Derby,Bristol City,1,3,A,0.0,2.0,A,11.0,18.0,2.0,7.0,10.0,13.0,2.0,5.0,1.0,3.0,0.0,0.0
2021/22,2022-04-23,Hull,Reading,3,0,H,1.0,0.0,H,9.0,13.0,3.0,4.0,10.0,12.0,5.0,5.0,2.0,1.0,0.0,0.0
2021/22,2022-04-23,Luton,Blackpool,1,1,D,1.0,0.0,H,10.0,14.0,5.0,2.0,17.0,14.0,0.0,3.0,0.0,4.0,0.0,0.0
2021/22,2022-04-23,Peterboro,Nott'm Forest,0,1,A,0.0,1.0,A,12.0,12.0,5.0,4.0,14.0,17.0,6.0,5.0,3.0,3.0,0.0,0.0
2021/22,2022-04-23,Sheffield United,Cardiff,1,0,H,0.0,0.0,D,7.0,5.0,4.0,1.0,10.0,10.0,5.0,4.0,1.0,3.0,0.0,0.0
2021/22,2022-04-23,Stoke,QPR,1,0,H,1.0,0.0,H,15.0,10.0,6.0,0.0,13.0,7.0,9.0,7.0,0.0,1.0,0.0,0.0
2021/22,2022-04-23,Swansea,Middlesbrough,1,1,D,0.0,0.0,D,19.0,13.0,4.0,4.0,12.0,12.0,8.0,2.0,2.0,1.0,0.0,0.0
2021/22,2022-04-23,West Brom,Coventry,0,0,D,0.0,0.0,D,12.0,10.0,2.0,3.0,10.0,9.0,7.0,3.0,1.0,1.0,0.0,0.0
2021/22,2022-04-25,Preston,Blackburn,1,4,A,1.0,3.0,A,11.0,12.0,3.0,6.0,16.0,9.0,4.0,6.0,2.0,3.0,0.0,0.0
2021/22,2022-04-26,Barnsley,Blackpool,0,2,A,0.0,1.0,A,6.0,11.0,2.0,4.0,13.0,10.0,6.0,4.0,1.0,1.0,0.0,0.0
2021/22,2022-04-26,Fulham,Nott'm Forest,0,1,A,0.0,1.0,A,20.0,9.0,5.0,6.0,6.0,15.0,8.0,5.0,2.0,1.0,0.0,0.0
2021/22,2022-04-26,Swansea,Bournemouth,3,3,D,2.0,0.0,H,5.0,24.0,3.0,11.0,10.0,13.0,4.0,7.0,2.0,6.0,0.0,0.0
2021/22,2022-04-27,Middlesbrough,Cardiff,2,0,H,1.0,0.0,H,14.0,8.0,4.0,4.0,6.0,16.0,9.0,4.0,2.0,4.0,0.0,0.0
2021/22,2022-04-29,QPR,Sheffield United,1,3,A,1.0,0.0,H,8.0,27.0,2.0,8.0,6.0,6.0,1.0,15.0,2.0,2.0,0.0,0.0
2021/22,2022-04-30,Barnsley,Preston,1,3,A,1.0,1.0,D,15.0,18.0,5.0,7.0,11.0,5.0,3.0,10.0,0.0,0.0,0.0,0.0
2021/22,2022-04-30,Blackburn,Bournemouth,0,3,A,0.0,1.0,A,9.0,13.0,2.0,6.0,10.0,10.0,6.0,2.0,4.0,2.0,0.0,0.0
2021/22,2022-04-30,Blackpool,Derby,0,2,A,0.0,0.0,D,17.0,9.0,3.0,4.0,5.0,11.0,5.0,1.0,1.0,2.0,0.0,0.0
2021/22,2022-04-30,Bristol City,Hull,5,0,H,3.0,0.0,H,12.0,12.0,8.0,5.0,12.0,8.0,1.0,4.0,1.0,2.0,0.0,0.0
2021/22,2022-04-30,Cardiff,Birmingham,1,1,D,0.0,1.0,A,12.0,13.0,5.0,4.0,7.0,8.0,7.0,2.0,4.0,2.0,0.0,0.0
2021/22,2022-04-30,Coventry,Huddersfield,1,2,A,0.0,1.0,A,22.0,7.0,9.0,4.0,8.0,5.0,10.0,3.0,1.0,0.0,0.0,0.0
2021/22,2022-04-30,Middlesbrough,Stoke,3,1,H,2.0,0.0,H,9.0,10.0,2.0,3.0,4.0,7.0,7.0,1.0,0.0,0.0,0.0,0.0
2021/22,2022-04-30,Millwall,Peterboro,3,0,H,0.0,0.0,D,18.0,14.0,4.0,2.0,9.0,9.0,8.0,12.0,0.0,0.0,0.0,0.0
2021/22,2022-04-30,Nott'm Forest,Swansea,5,1,H,1.0,1.0,D,27.0,12.0,17.0,3.0,11.0,9.0,12.0,4.0,0.0,2.0,0.0,0.0
2021/22,2022-04-30,Reading,West Brom,0,1,A,0.0,0.0,D,9.0,14.0,0.0,4.0,8.0,10.0,6.0,5.0,1.0,3.0,0.0,0.0
2021/22,2022-05-02,Fulham,Luton,7,0,H,2.0,0.0,H,19.0,5.0,12.0,2.0,6.0,14.0,5.0,3.0,2.0,6.0,0.0,0.0
2021/22,2022-05-03,Bournemouth,Nott'm Forest,1,0,H,0.0,0.0,D,11.0,7.0,3.0,2.0,7.0,14.0,4.0,3.0,2.0,2.0,0.0,0.0
2021/22,2022-05-07,Birmingham,Blackburn,1,2,A,0.0,2.0,A,14.0,14.0,5.0,7.0,7.0,11.0,8.0,1.0,0.0,1.0,0.0,0.0
2021/22,2022-05-07,Bournemouth,Millwall,1,0,H,0.0,0.0,D,20.0,8.0,3.0,3.0,8.0,7.0,6.0,5.0,0.0,2.0,0.0,0.0
2021/22,2022-05-07,Derby,Cardiff,0,1,A,0.0,0.0,D,17.0,3.0,4.0,1.0,9.0,8.0,7.0,1.0,1.0,2.0,0.0,0.0
2021/22,2022-05-07,Huddersfield,Bristol City,2,0,H,2.0,0.0,H,13.0,11.0,5.0,3.0,5.0,4.0,7.0,2.0,2.0,1.0,0.0,0.0
2021/22,2022-05-07,Hull,Nott'm Forest,1,1,D,0.0,0.0,D,7.0,14.0,3.0,4.0,14.0,9.0,6.0,4.0,0.0,2.0,0.0,0.0
2021/22,2022-05-07,Luton,Reading,1,0,H,1.0,0.0,H,16.0,8.0,4.0,2.0,11.0,10.0,1.0,4.0,0.0,1.0,0.0,0.0
2021/22,2022-05-07,Peterboro,Blackpool,5,0,H,1.0,0.0,H,17.0,10.0,10.0,3.0,14.0,5.0,4.0,4.0,1.0,0.0,0.0,0.0
2021/22,2022-05-07,Preston,Middlesbrough,4,1,H,2.0,0.0,H,15.0,12.0,10.0,4.0,14.0,13.0,7.0,0.0,3.0,5.0,0.0,1.0
2021/22,2022-05-07,Sheffield United,Fulham,4,0,H,3.0,0.0,H,10.0,14.0,5.0,4.0,17.0,12.0,2.0,7.0,2.0,1.0,0.0,0.0
2021/22,2022-05-07,Stoke,Coventry,1,1,D,1.0,1.0,D,9.0,18.0,2.0,5.0,9.0,11.0,4.0,7.0,0.0,1.0,0.0,0.0
2021/22,2022-05-07,Swansea,QPR,0,1,A,0.0,0.0,D,11.0,7.0,6.0,3.0,9.0,11.0,0.0,5.0,0.0,0.0,0.0,0.0
2021/22,2022-05-07,West Brom,Barnsley,4,0,H,2.0,0.0,H,17.0,3.0,7.0,2.0,5.0,9.0,6.0,1.0,0.0,1.0,0.0,0.0
2022/23,2022-07-29,Huddersfield,Burnley,0,1,A,0.0,1.0,A,2.0,16.0,0.0,7.0,13.0,10.0,1.0,5.0,1.0,2.0,0.0,0.0
2022/23,2022-07-30,Blackburn,QPR,1,0,H,1.0,0.0,H,9.0,4.0,4.0,0.0,15.0,9.0,6.0,0.0,1.0,1.0,0.0,0.0
2022/23,2022-07-30,Blackpool,Reading,1,0,H,1.0,0.0,H,10.0,12.0,5.0,3.0,12.0,7.0,3.0,10.0,1.0,0.0,0.0,0.0
2022/23,2022-07-30,Cardiff,Norwich,1,0,H,0.0,0.0,D,3.0,7.0,2.0,1.0,16.0,9.0,1.0,7.0,4.0,0.0,1.0,1.0
2022/23,2022-07-30,Hull,Bristol City,2,1,H,0.0,1.0,A,14.0,10.0,4.0,4.0,11.0,5.0,6.0,3.0,0.0,0.0,0.0,0.0
2022/23,2022-07-30,Luton,Birmingham,0,0,D,0.0,0.0,D,14.0,12.0,4.0,3.0,7.0,15.0,10.0,6.0,0.0,3.0,0.0,0.0
2022/23,2022-07-30,Middlesbrough,West Brom,1,1,D,1.0,0.0,H,16.0,12.0,2.0,5.0,7.0,9.0,4.0,3.0,2.0,1.0,0.0,0.0
2022/23,2022-07-30,Millwall,Stoke,2,0,H,1.0,0.0,H,13.0,4.0,5.0,2.0,14.0,8.0,8.0,2.0,1.0,2.0,0.0,0.0
2022/23,2022-07-30,Rotherham,Swansea,1,1,D,1.0,1.0,D,9.0,14.0,8.0,5.0,12.0,6.0,5.0,6.0,1.0,2.0,0.0,0.0
2022/23,2022-07-30,Wigan,Preston,0,0,D,0.0,0.0,D,20.0,11.0,5.0,2.0,9.0,17.0,7.0,4.0,2.0,3.0,0.0,1.0
2022/23,2022-07-31,Sunderland,Coventry,1,1,D,1.0,0.0,H,10.0,9.0,5.0,2.0,16.0,6.0,4.0,3.0,4.0,1.0,0.0,0.0
2022/23,2022-08-01,Watford,Sheffield United,1,0,H,0.0,0.0,D,10.0,6.0,4.0,3.0,13.0,8.0,5.0,4.0,4.0,3.0,0.0,0.0
2022/23,2022-08-05,Birmingham,Huddersfield,2,1,H,2.0,0.0,H,18.0,9.0,6.0,2.0,10.0,10.0,6.0,7.0,1.0,2.0,0.0,0.0
2022/23,2022-08-06,Bristol City,Sunderland,2,3,A,1.0,1.0,D,13.0,16.0,5.0,6.0,10.0,9.0,8.0,9.0,2.0,2.0,0.0,0.0
2022/23,2022-08-06,Burnley,Luton,1,1,D,0.0,1.0,A,13.0,13.0,1.0,2.0,10.0,11.0,11.0,2.0,2.0,1.0,0.0,0.0
2022/23,2022-08-06,Norwich,Wigan,1,1,D,0.0,1.0,A,22.0,6.0,4.0,3.0,6.0,13.0,9.0,0.0,0.0,4.0,0.0,0.0
2022/23,2022-08-06,Preston,Hull,0,0,D,0.0,0.0,D,20.0,6.0,6.0,1.0,13.0,10.0,4.0,1.0,1.0,4.0,0.0,0.0
2022/23,2022-08-06,QPR,Middlesbrough,3,2,H,3.0,1.0,H,10.0,12.0,5.0,3.0,12.0,12.0,5.0,5.0,2.0,2.0,0.0,1.0
2022/23,2022-08-06,Reading,Cardiff,2,1,H,1.0,1.0,D,8.0,6.0,2.0,2.0,17.0,16.0,1.0,2.0,3.0,3.0,0.0,0.0
2022/23,2022-08-06,Sheffield United,Millwall,2,0,H,2.0,0.0,H,19.0,11.0,6.0,1.0,12.0,10.0,3.0,5.0,3.0,2.0,0.0,0.0
2022/23,2022-08-06,Stoke,Blackpool,2,0,H,1.0,0.0,H,20.0,10.0,7.0,0.0,10.0,8.0,5.0,6.0,2.0,2.0,0.0,0.0
2022/23,2022-08-06,Swansea,Blackburn,0,3,A,0.0,1.0,A,8.0,5.0,5.0,4.0,8.0,9.0,5.0,4.0,3.0,1.0,0.0,0.0
2022/23,2022-08-08,West Brom,Watford,1,1,D,1.0,1.0,D,19.0,5.0,7.0,3.0,7.0,13.0,12.0,0.0,2.0,1.0,0.0,0.0
2022/23,2022-08-12,Watford,Burnley,1,0,H,1.0,0.0,H,5.0,11.0,1.0,4.0,13.0,12.0,3.0,6.0,1.0,1.0,1.0,0.0
2022/23,2022-08-13,Blackpool,Swansea,0,1,A,0.0,0.0,D,10.0,15.0,4.0,5.0,6.0,13.0,3.0,6.0,1.0,3.0,0.0,0.0
2022/23,2022-08-13,Cardiff,Birmingham,1,0,H,1.0,0.0,H,16.0,4.0,7.0,0.0,9.0,12.0,2.0,2.0,1.0,4.0,0.0,0.0
2022/23,2022-08-13,Huddersfield,Stoke,3,1,H,1.0,0.0,H,10.0,18.0,5.0,5.0,9.0,9.0,3.0,3.0,1.0,3.0,0.0,0.0
2022/23,2022-08-13,Hull,Norwich,2,1,H,1.0,0.0,H,13.0,18.0,4.0,12.0,15.0,6.0,2.0,11.0,1.0,1.0,0.0,0.0
2022/23,2022-08-13,Luton,Preston,0,1,A,0.0,1.0,A,18.0,7.0,2.0,5.0,11.0,12.0,8.0,3.0,0.0,6.0,0.0,0.0
2022/23,2022-08-13,Millwall,Coventry,3,2,H,1.0,2.0,A,13.0,17.0,6.0,7.0,8.0,13.0,3.0,6.0,4.0,2.0,0.0,1.0
2022/23,2022-08-13,Rotherham,Reading,4,0,H,4.0,0.0,H,11.0,12.0,4.0,6.0,5.0,8.0,5.0,7.0,0.0,2.0,0.0,0.0
2022/23,2022-08-13,Sunderland,QPR,2,2,D,2.0,0.0,H,16.0,20.0,8.0,4.0,12.0,9.0,4.0,3.0,3.0,2.0,0.0,0.0
2022/23,2022-08-13,Wigan,Bristol City,1,1,D,0.0,1.0,A,13.0,5.0,3.0,1.0,10.0,13.0,5.0,1.0,1.0,2.0,0.0,0.0
2022/23,2022-08-14,Blackburn,West Brom,2,1,H,1.0,0.0,H,7.0,13.0,2.0,4.0,14.0,16.0,1.0,5.0,4.0,1.0,0.0,0.0
2022/23,2022-08-14,Middlesbrough,Sheffield United,2,2,D,1.0,1.0,D,7.0,4.0,4.0,4.0,6.0,13.0,5.0,4.0,2.0,3.0,0.0,0.0
2022/23,2022-08-16,Birmingham,Watford,1,1,D,1.0,0.0,H,7.0,14.0,4.0,2.0,12.0,5.0,3.0,5.0,1.0,1.0,0.0,0.0
2022/23,2022-08-16,Bristol City,Luton,2,0,H,2.0,0.0,H,10.0,11.0,3.0,2.0,9.0,14.0,5.0,7.0,2.0,2.0,1.0,0.0
2022/23,2022-08-16,Burnley,Hull,1,1,D,1.0,1.0,D,15.0,4.0,5.0,3.0,7.0,13.0,6.0,2.0,1.0,3.0,0.0,0.0
2022/23,2022-08-16,Norwich,Huddersfield,2,1,H,2.0,0.0,H,22.0,11.0,9.0,5.0,13.0,5.0,8.0,1.0,1.0,0.0,0.0,1.0
2022/23,2022-08-16,Preston,Rotherham,0,0,D,0.0,0.0,D,21.0,5.0,6.0,1.0,5.0,11.0,10.0,3.0,1.0,3.0,0.0,0.0
2022/23,2022-08-16,QPR,Blackpool,0,1,A,0.0,1.0,A,12.0,14.0,6.0,4.0,10.0,13.0,2.0,2.0,1.0,2.0,0.0,0.0
2022/23,2022-08-16,Swansea,Millwall,2,2,D,2.0,0.0,H,17.0,15.0,9.0,1.0,8.0,8.0,6.0,7.0,2.0,3.0,0.0,0.0
2022/23,2022-08-17,Reading,Blackburn,3,0,H,1.0,0.0,H,12.0,8.0,7.0,1.0,8.0,7.0,7.0,3.0,5.0,2.0,0.0,0.0
2022/23,2022-08-17,Sheffield United,Sunderland,2,1,H,1.0,0.0,H,22.0,4.0,7.0,2.0,7.0,13.0,13.0,3.0,1.0,4.0,0.0,1.0
2022/23,2022-08-17,Stoke,Middlesbrough,2,2,D,1.0,1.0,D,9.0,15.0,4.0,4.0,12.0,10.0,4.0,8.0,2.0,1.0,0.0,0.0
2022/23,2022-08-17,West Brom,Cardiff,0,0,D,0.0,0.0,D,13.0,7.0,5.0,0.0,12.0,10.0,9.0,2.0,3.0,3.0,0.0,0.0
2022/23,2022-08-19,Norwich,Millwall,2,0,H,0.0,0.0,D,18.0,10.0,3.0,2.0,4.0,16.0,5.0,4.0,2.0,2.0,0.0,0.0
2022/23,2022-08-20,Birmingham,Wigan,0,1,A,0.0,0.0,D,14.0,5.0,4.0,2.0,11.0,8.0,7.0,3.0,0.0,2.0,0.0,1.0
2022/23,2022-08-20,Burnley,Blackpool,3,3,D,3.0,1.0,H,13.0,12.0,4.0,8.0,10.0,13.0,4.0,6.0,1.0,3.0,1.0,1.0
2022/23,2022-08-20,Preston,Watford,0,0,D,0.0,0.0,D,10.0,12.0,4.0,2.0,14.0,9.0,7.0,5.0,2.0,2.0,0.0,0.0
2022/23,2022-08-20,QPR,Rotherham,1,1,D,1.0,1.0,D,17.0,6.0,5.0,2.0,11.0,11.0,9.0,3.0,3.0,2.0,0.0,0.0
2022/23,2022-08-20,Reading,Middlesbrough,1,0,H,1.0,0.0,H,8.0,16.0,3.0,3.0,8.0,15.0,5.0,7.0,4.0,1.0,0.0,0.0
2022/23,2022-08-20,Sheffield United,Blackburn,3,0,H,1.0,0.0,H,22.0,3.0,11.0,0.0,8.0,8.0,11.0,4.0,3.0,2.0,0.0,0.0
2022/23,2022-08-20,Stoke,Sunderland,0,1,A,0.0,1.0,A,15.0,12.0,3.0,2.0,14.0,14.0,7.0,3.0,3.0,6.0,0.0,0.0
2022/23,2022-08-20,Swansea,Luton,0,2,A,0.0,1.0,A,14.0,7.0,2.0,5.0,7.0,12.0,7.0,5.0,1.0,0.0,0.0,0.0
2022/23,2022-08-20,West Brom,Hull,5,2,H,1.0,0.0,H,16.0,7.0,7.0,5.0,2.0,12.0,12.0,2.0,0.0,3.0,0.0,0.0
2022/23,2022-08-21,Bristol City,Cardiff,2,0,H,1.0,0.0,H,15.0,10.0,3.0,3.0,12.0,12.0,7.0,8.0,4.0,3.0,0.0,0.0
2022/23,2022-08-26,Luton,Sheffield United,1,1,D,1.0,0.0,H,12.0,12.0,4.0,3.0,11.0,8.0,4.0,9.0,0.0,4.0,0.0,0.0
2022/23,2022-08-27,Blackburn,Stoke,0,1,A,0.0,1.0,A,18.0,8.0,2.0,3.0,8.0,14.0,12.0,3.0,3.0,3.0,0.0,0.0
2022/23,2022-08-27,Blackpool,Bristol City,3,3,D,1.0,1.0,D,19.0,13.0,4.0,4.0,15.0,17.0,5.0,3.0,1.0,5.0,0.0,0.0
2022/23,2022-08-27,Cardiff,Preston,0,0,D,0.0,0.0,D,22.0,5.0,2.0,0.0,5.0,8.0,8.0,2.0,0.0,2.0,0.0,0.0
2022/23,2022-08-27,Huddersfield,West Brom,2,2,D,2.0,1.0,H,11.0,16.0,3.0,6.0,2.0,6.0,6.0,4.0,1.0,2.0,0.0,0.0
2022/23,2022-08-27,Hull,Coventry,3,2,H,2.0,1.0,H,9.0,15.0,4.0,6.0,9.0,6.0,3.0,4.0,3.0,2.0,0.0,0.0
2022/23,2022-08-27,Middlesbrough,Swansea,2,1,H,2.0,0.0,H,7.0,9.0,3.0,4.0,13.0,14.0,8.0,4.0,5.0,2.0,0.0,1.0
2022/23,2022-08-27,Millwall,Reading,0,1,A,0.0,1.0,A,13.0,5.0,1.0,2.0,11.0,13.0,3.0,1.0,0.0,1.0,0.0,0.0
2022/23,2022-08-27,Rotherham,Birmingham,2,0,H,1.0,0.0,H,20.0,10.0,6.0,3.0,7.0,13.0,7.0,2.0,1.0,2.0,0.0,0.0
2022/23,2022-08-27,Sunderland,Norwich,0,1,A,0.0,0.0,D,20.0,12.0,6.0,3.0,11.0,9.0,8.0,7.0,2.0,2.0,0.0,0.0
2022/23,2022-08-27,Watford,QPR,2,3,A,1.0,2.0,A,12.0,9.0,5.0,5.0,9.0,9.0,1.0,4.0,4.0,2.0,0.0,0.0
2022/23,2022-08-27,Wigan,Burnley,1,5,A,1.0,2.0,A,18.0,8.0,4.0,6.0,8.0,8.0,6.0,1.0,1.0,1.0,0.0,0.0
2022/23,2022-08-30,Birmingham,Norwich,1,2,A,0.0,0.0,D,9.0,14.0,2.0,5.0,15.0,5.0,6.0,8.0,4.0,4.0,0.0,0.0
2022/23,2022-08-30,Burnley,Millwall,2,0,H,0.0,0.0,D,22.0,12.0,10.0,5.0,7.0,15.0,5.0,3.0,0.0,3.0,0.0,0.0
2022/23,2022-08-30,Cardiff,Luton,1,2,A,0.0,0.0,D,17.0,14.0,2.0,4.0,9.0,15.0,5.0,2.0,0.0,3.0,0.0,0.0
2022/23,2022-08-30,QPR,Hull,3,1,H,3.0,0.0,H,11.0,7.0,7.0,3.0,4.0,12.0,2.0,7.0,1.0,1.0,0.0,0.0
2022/23,2022-08-30,Sheffield United,Reading,4,0,H,1.0,0.0,H,18.0,4.0,7.0,0.0,13.0,7.0,3.0,5.0,0.0,0.0,0.0,0.0
2022/23,2022-08-30,Watford,Middlesbrough,2,1,H,1.0,1.0,D,14.0,14.0,4.0,3.0,13.0,9.0,2.0,7.0,2.0,4.0,0.0,0.0
2022/23,2022-08-30,Wigan,West Brom,1,1,D,1.0,1.0,D,8.0,8.0,3.0,3.0,12.0,12.0,3.0,2.0,2.0,2.0,0.0,0.0
2022/23,2022-08-31,Blackpool,Blackburn,0,1,A,0.0,1.0,A,13.0,17.0,1.0,5.0,9.0,15.0,7.0,5.0,2.0,3.0,0.0,0.0
2022/23,2022-08-31,Bristol City,Huddersfield,2,0,H,1.0,0.0,H,12.0,12.0,7.0,4.0,6.0,13.0,4.0,7.0,0.0,0.0,0.0,0.0
2022/23,2022-08-31,Coventry,Preston,0,1,A,0.0,0.0,D,13.0,13.0,4.0,4.0,7.0,8.0,9.0,6.0,1.0,2.0,0.0,0.0
2022/23,2022-08-31,Stoke,Swansea,1,1,D,0.0,1.0,A,20.0,10.0,4.0,5.0,12.0,8.0,12.0,3.0,1.0,2.0,0.0,0.0
2022/23,2022-08-31,Sunderland,Rotherham,3,0,H,0.0,0.0,D,16.0,7.0,3.0,3.0,8.0,13.0,2.0,1.0,0.0,4.0,0.0,0.0
2022/23,2022-09-02,West Brom,Burnley,1,1,D,0.0,1.0,A,23.0,11.0,8.0,4.0,12.0,10.0,9.0,1.0,1.0,4.0,0.0,0.0
2022/23,2022-09-03,Blackburn,Bristol City,2,3,A,0.0,1.0,A,11.0,16.0,6.0,5.0,8.0,10.0,5.0,6.0,2.0,2.0,0.0,0.0
2022/23,2022-09-03,Luton,Wigan,1,2,A,1.0,0.0,H,13.0,9.0,4.0,1.0,10.0,7.0,9.0,4.0,1.0,1.0,0.0,0.0
2022/23,2022-09-03,Millwall,Cardiff,2,0,H,0.0,0.0,D,16.0,12.0,7.0,2.0,9.0,15.0,4.0,6.0,2.0,2.0,0.0,0.0
2022/23,2022-09-03,Norwich,Coventry,3,0,H,2.0,0.0,H,14.0,7.0,7.0,1.0,8.0,4.0,4.0,1.0,1.0,0.0,0.0,0.0
2022/23,2022-09-03,Preston,Birmingham,0,1,A,0.0,1.0,A,10.0,8.0,3.0,3.0,14.0,12.0,4.0,6.0,1.0,3.0,0.0,0.0
2022/23,2022-09-03,Rotherham,Watford,1,1,D,1.0,1.0,D,8.0,12.0,3.0,2.0,12.0,11.0,3.0,6.0,3.0,2.0,0.0,0.0
2022/23,2022-09-03,Swansea,QPR,1,0,H,1.0,0.0,H,13.0,8.0,4.0,3.0,8.0,9.0,6.0,4.0,3.0,0.0,0.0,0.0
2022/23,2022-09-04,Huddersfield,Blackpool,0,1,A,0.0,1.0,A,15.0,7.0,6.0,2.0,8.0,4.0,10.0,2.0,0.0,3.0,0.0,0.0
2022/23,2022-09-04,Hull,Sheffield United,0,2,A,0.0,1.0,A,11.0,12.0,3.0,5.0,8.0,14.0,6.0,1.0,1.0,2.0,0.0,0.0
2022/23,2022-09-04,Reading,Stoke,2,1,H,1.0,1.0,D,11.0,11.0,3.0,3.0,5.0,15.0,4.0,6.0,2.0,0.0,0.0,0.0
2022/23,2022-09-05,Middlesbrough,Sunderland,1,0,H,1.0,0.0,H,15.0,8.0,5.0,2.0,10.0,11.0,4.0,6.0,5.0,1.0,0.0,0.0
2022/23,2022-09-13,Blackburn,Watford,2,0,H,1.0,0.0,H,15.0,6.0,6.0,2.0,9.0,12.0,9.0,5.0,2.0,0.0,0.0,0.0
2022/23,2022-09-13,Huddersfield,Wigan,1,2,A,0.0,1.0,A,18.0,12.0,6.0,5.0,12.0,10.0,4.0,5.0,2.0,2.0,0.0,0.0
2022/23,2022-09-13,Hull,Stoke,0,3,A,0.0,2.0,A,15.0,20.0,4.0,7.0,13.0,12.0,7.0,6.0,2.0,1.0,0.0,0.0
2022/23,2022-09-13,Middlesbrough,Cardiff,2,3,A,0.0,3.0,A,10.0,6.0,2.0,4.0,6.0,6.0,9.0,3.0,1.0,1.0,0.0,0.0
2022/23,2022-09-13,Preston,Burnley,1,1,D,1.0,1.0,D,6.0,12.0,3.0,4.0,17.0,6.0,4.0,6.0,2.0,0.0,0.0,0.0
2022/23,2022-09-13,Swansea,Sheffield United,0,1,A,0.0,0.0,D,12.0,12.0,2.0,3.0,9.0,13.0,6.0,4.0,1.0,1.0,0.0,0.0
2022/23,2022-09-14,Luton,Coventry,2,2,D,2.0,1.0,H,11.0,12.0,4.0,4.0,7.0,11.0,7.0,3.0,2.0,1.0,0.0,0.0
2022/23,2022-09-14,Millwall,QPR,0,2,A,0.0,0.0,D,12.0,13.0,3.0,4.0,10.0,7.0,5.0,4.0,0.0,0.0,0.0,0.0
2022/23,2022-09-14,Norwich,Bristol City,3,2,H,2.0,1.0,H,11.0,11.0,6.0,4.0,10.0,8.0,2.0,7.0,0.0,0.0,0.0,0.0
2022/23,2022-09-14,Reading,Sunderland,0,3,A,0.0,2.0,A,6.0,13.0,2.0,6.0,16.0,8.0,3.0,7.0,1.0,1.0,0.0,0.0
2022/23,2022-09-14,Rotherham,Blackpool,3,0,H,1.0,0.0,H,11.0,6.0,4.0,1.0,9.0,8.0,5.0,4.0,1.0,1.0,0.0,0.0
2022/23,2022-09-14,West Brom,Birmingham,2,3,A,1.0,1.0,D,18.0,7.0,5.0,3.0,6.0,12.0,6.0,2.0,2.0,1.0,0.0,0.0
2022/23,2022-09-17,Birmingham,Coventry,0,0,D,0.0,0.0,D,12.0,13.0,4.0,3.0,6.0,17.0,6.0,4.0,1.0,3.0,0.0,1.0
2022/23,2022-09-17,Burnley,Bristol City,2,1,H,1.0,1.0,D,13.0,9.0,6.0,5.0,10.0,6.0,8.0,5.0,1.0,1.0,0.0,0.0
2022/23,2022-09-17,Huddersfield,Cardiff,1,0,H,1.0,0.0,H,8.0,7.0,4.0,2.0,10.0,6.0,1.0,3.0,3.0,0.0,0.0,0.0
2022/23,2022-09-17,Luton,Blackburn,2,0,H,0.0,0.0,D,13.0,7.0,4.0,1.0,10.0,13.0,4.0,3.0,2.0,2.0,0.0,0.0
2022/23,2022-09-17,Middlesbrough,Rotherham,0,0,D,0.0,0.0,D,13.0,3.0,3.0,0.0,14.0,15.0,8.0,3.0,1.0,2.0,0.0,0.0
2022/23,2022-09-17,Millwall,Blackpool,2,1,H,1.0,1.0,D,16.0,8.0,6.0,2.0,16.0,12.0,5.0,2.0,2.0,2.0,0.0,0.0
2022/23,2022-09-17,Norwich,West Brom,1,1,D,0.0,1.0,A,11.0,11.0,3.0,2.0,10.0,13.0,7.0,4.0,1.0,1.0,0.0,0.0
2022/23,2022-09-17,Preston,Sheffield United,0,2,A,0.0,1.0,A,18.0,15.0,3.0,6.0,11.0,10.0,7.0,5.0,1.0,3.0,0.0,0.0
2022/23,2022-09-17,QPR,Stoke,0,0,D,0.0,0.0,D,20.0,8.0,5.0,1.0,11.0,14.0,8.0,6.0,1.0,2.0,0.0,0.0
2022/23,2022-09-17,Swansea,Hull,3,0,H,0.0,0.0,D,17.0,6.0,5.0,1.0,6.0,7.0,5.0,3.0,1.0,2.0,0.0,0.0
2022/23,2022-09-17,Watford,Sunderland,2,2,D,1.0,1.0,D,13.0,12.0,4.0,5.0,8.0,6.0,8.0,3.0,0.0,4.0,0.0,0.0
2022/23,2022-09-17,Wigan,Reading,0,1,A,0.0,0.0,D,10.0,7.0,0.0,2.0,10.0,12.0,1.0,3.0,3.0,2.0,0.0,0.0
2022/23,2022-09-30,Hull,Luton,0,2,A,0.0,2.0,A,11.0,10.0,0.0,5.0,11.0,10.0,7.0,6.0,1.0,3.0,0.0,0.0
2022/23,2022-10-01,Blackburn,Millwall,2,1,H,0.0,0.0,D,10.0,10.0,4.0,2.0,6.0,9.0,4.0,4.0,1.0,0.0,0.0,0.0
2022/23,2022-10-01,Blackpool,Norwich,0,1,A,0.0,1.0,A,17.0,22.0,6.0,8.0,13.0,4.0,9.0,6.0,3.0,0.0,0.0,0.0
2022/23,2022-10-01,Bristol City,QPR,1,2,A,0.0,2.0,A,12.0,15.0,2.0,6.0,13.0,13.0,8.0,2.0,3.0,1.0,0.0,0.0
2022/23,2022-10-01,Cardiff,Burnley,1,1,D,0.0,0.0,D,12.0,8.0,4.0,2.0,9.0,5.0,9.0,1.0,3.0,0.0,0.0,0.0
2022/23,2022-10-01,Coventry,Middlesbrough,1,0,H,1.0,0.0,H,11.0,6.0,4.0,3.0,22.0,12.0,3.0,6.0,4.0,1.0,0.0,0.0
2022/23,2022-10-01,Reading,Huddersfield,3,1,H,2.0,0.0,H,11.0,10.0,3.0,3.0,5.0,13.0,5.0,1.0,0.0,3.0,0.0,0.0
2022/23,2022-10-01,Rotherham,Wigan,0,2,A,0.0,1.0,A,12.0,14.0,3.0,5.0,9.0,8.0,8.0,4.0,3.0,1.0,0.0,0.0
2022/23,2022-10-01,Sheffield United,Birmingham,1,1,D,0.0,0.0,D,13.0,8.0,3.0,2.0,9.0,14.0,4.0,4.0,3.0,3.0,0.0,0.0
2022/23,2022-10-01,Sunderland,Preston,0,0,D,0.0,0.0,D,16.0,8.0,2.0,5.0,11.0,14.0,4.0,8.0,1.0,1.0,0.0,0.0
2022/23,2022-10-01,West Brom,Swansea,2,3,A,0.0,1.0,A,13.0,7.0,5.0,4.0,21.0,8.0,8.0,6.0,3.0,1.0,0.0,0.0
2022/23,2022-10-02,Stoke,Watford,0,4,A,0.0,1.0,A,15.0,16.0,2.0,9.0,10.0,15.0,6.0,6.0,2.0,5.0,0.0,0.0
2022/23,2022-10-04,Bristol City,Coventry,0,0,D,0.0,0.0,D,9.0,10.0,3.0,3.0,7.0,11.0,9.0,2.0,2.0,1.0,0.0,0.0
2022/23,2022-10-04,Cardiff,Blackburn,1,0,H,0.0,0.0,D,14.0,5.0,5.0,2.0,13.0,14.0,7.0,0.0,2.0,2.0,0.0,0.0
2022/23,2022-10-04,Luton,Huddersfield,3,3,D,3.0,2.0,H,24.0,3.0,10.0,3.0,9.0,9.0,9.0,5.0,0.0,0.0,0.0,1.0
2022/23,2022-10-04,Reading,Norwich,1,1,D,0.0,0.0,D,10.0,7.0,3.0,1.0,10.0,4.0,3.0,7.0,3.0,1.0,0.0,0.0
2022/23,2022-10-04,Sheffield United,QPR,0,1,A,0.0,0.0,D,21.0,10.0,5.0,3.0,8.0,10.0,9.0,3.0,2.0,2.0,0.0,0.0
2022/23,2022-10-04,Sunderland,Blackpool,0,0,D,0.0,0.0,D,15.0,13.0,4.0,4.0,10.0,13.0,5.0,12.0,1.0,3.0,0.0,0.0
2022/23,2022-10-05,Burnley,Stoke,1,1,D,0.0,0.0,D,13.0,6.0,6.0,4.0,5.0,11.0,15.0,2.0,2.0,2.0,0.0,0.0
2022/23,2022-10-05,Hull,Wigan,2,1,H,1.0,1.0,D,11.0,12.0,5.0,4.0,13.0,10.0,9.0,5.0,3.0,1.0,0.0,0.0
2022/23,2022-10-05,Middlesbrough,Birmingham,1,0,H,1.0,0.0,H,13.0,13.0,3.0,4.0,11.0,10.0,6.0,6.0,2.0,1.0,0.0,0.0
2022/23,2022-10-05,Preston,West Brom,1,0,H,1.0,0.0,H,9.0,18.0,4.0,5.0,9.0,3.0,2.0,10.0,2.0,1.0,0.0,0.0
2022/23,2022-10-05,Rotherham,Millwall,1,1,D,1.0,1.0,D,10.0,14.0,1.0,4.0,9.0,8.0,6.0,4.0,2.0,2.0,0.0,0.0
2022/23,2022-10-05,Watford,Swansea,1,2,A,1.0,0.0,H,9.0,12.0,4.0,4.0,18.0,12.0,1.0,6.0,1.0,5.0,0.0,0.0
2022/23,2022-10-07,QPR,Reading,2,1,H,1.0,1.0,D,11.0,9.0,5.0,2.0,10.0,14.0,4.0,5.0,2.0,3.0,0.0,0.0
2022/23,2022-10-08,Birmingham,Bristol City,3,0,H,2.0,0.0,H,10.0,7.0,5.0,1.0,23.0,11.0,7.0,4.0,3.0,2.0,0.0,0.0
2022/23,2022-10-08,Blackburn,Rotherham,3,0,H,1.0,0.0,H,19.0,9.0,6.0,2.0,7.0,9.0,8.0,3.0,0.0,3.0,0.0,0.0
2022/23,2022-10-08,Blackpool,Watford,3,1,H,1.0,1.0,D,18.0,10.0,9.0,5.0,10.0,9.0,5.0,7.0,1.0,1.0,0.0,0.0
2022/23,2022-10-08,Coventry,Burnley,0,1,A,0.0,1.0,A,6.0,13.0,0.0,4.0,7.0,8.0,2.0,7.0,1.0,3.0,0.0,0.0
2022/23,2022-10-08,Millwall,Middlesbrough,2,0,H,1.0,0.0,H,9.0,7.0,7.0,1.0,15.0,12.0,0.0,7.0,2.0,2.0,0.0,0.0
2022/23,2022-10-08,Norwich,Preston,2,3,A,1.0,1.0,D,17.0,8.0,8.0,5.0,10.0,12.0,8.0,3.0,1.0,5.0,0.0,0.0
2022/23,2022-10-08,Stoke,Sheffield United,3,1,H,2.0,1.0,H,12.0,8.0,5.0,3.0,12.0,6.0,6.0,5.0,3.0,1.0,0.0,0.0
2022/23,2022-10-08,Swansea,Sunderland,2,1,H,2.0,0.0,H,10.0,11.0,6.0,3.0,7.0,13.0,7.0,4.0,2.0,5.0,0.0,0.0
2022/23,2022-10-08,West Brom,Luton,0,0,D,0.0,0.0,D,12.0,8.0,3.0,3.0,5.0,10.0,7.0,4.0,1.0,1.0,0.0,0.0
2022/23,2022-10-08,Wigan,Cardiff,1,3,A,0.0,1.0,A,10.0,10.0,1.0,6.0,7.0,15.0,6.0,3.0,4.0,2.0,0.0,0.0
2022/23,2022-10-09,Huddersfield,Hull,2,0,H,1.0,0.0,H,9.0,12.0,5.0,2.0,10.0,14.0,6.0,3.0,4.0,3.0,0.0,0.0
2022/23,2022-10-11,Wigan,Blackburn,1,0,H,0.0,0.0,D,13.0,3.0,6.0,0.0,11.0,10.0,2.0,1.0,2.0,1.0,0.0,0.0
2022/23,2022-10-12,Bristol City,Preston,2,1,H,0.0,0.0,D,13.0,8.0,4.0,2.0,12.0,12.0,5.0,1.0,3.0,4.0,0.0,0.0
2022/23,2022-10-15,Bristol City,Millwall,1,2,A,0.0,1.0,A,9.0,16.0,1.0,7.0,10.0,11.0,0.0,6.0,2.0,3.0,0.0,0.0
2022/23,2022-10-15,Burnley,Swansea,4,0,H,3.0,0.0,H,10.0,6.0,5.0,2.0,9.0,11.0,5.0,6.0,1.0,4.0,0.0,1.0
2022/23,2022-10-15,Cardiff,Coventry,0,1,A,0.0,1.0,A,15.0,11.0,1.0,4.0,6.0,12.0,12.0,7.0,1.0,4.0,0.0,0.0
2022/23,2022-10-15,Luton,QPR,3,1,H,1.0,0.0,H,17.0,12.0,4.0,4.0,16.0,12.0,9.0,9.0,2.0,0.0,0.0,0.0
2022/23,2022-10-15,Middlesbrough,Blackburn,1,2,A,1.0,2.0,A,16.0,10.0,8.0,5.0,7.0,9.0,9.0,4.0,2.0,4.0,0.0,0.0
2022/23,2022-10-15,Preston,Stoke,0,2,A,0.0,0.0,D,7.0,18.0,0.0,6.0,9.0,11.0,3.0,6.0,1.0,0.0,0.0,0.0
2022/23,2022-10-15,Reading,West Brom,0,2,A,0.0,1.0,A,17.0,9.0,6.0,3.0,10.0,11.0,4.0,7.0,3.0,1.0,0.0,0.0
2022/23,2022-10-15,Rotherham,Huddersfield,2,1,H,1.0,1.0,D,10.0,7.0,4.0,4.0,12.0,12.0,3.0,3.0,3.0,2.0,0.0,0.0
2022/23,2022-10-15,Sheffield United,Blackpool,3,3,D,2.0,2.0,D,20.0,10.0,9.0,3.0,13.0,10.0,14.0,4.0,5.0,0.0,1.0,3.0
2022/23,2022-10-15,Sunderland,Wigan,2,1,H,0.0,1.0,A,8.0,8.0,3.0,1.0,7.0,15.0,1.0,5.0,3.0,2.0,0.0,0.0
2022/23,2022-10-15,Watford,Norwich,2,1,H,2.0,1.0,H,16.0,11.0,9.0,2.0,10.0,8.0,3.0,12.0,1.0,1.0,0.0,0.0
2022/23,2022-10-16,Hull,Birmingham,0,2,A,0.0,1.0,A,12.0,9.0,2.0,3.0,15.0,6.0,7.0,6.0,4.0,3.0,0.0,0.0
2022/23,2022-10-18,Blackburn,Sunderland,2,0,H,1.0,0.0,H,11.0,13.0,3.0,4.0,16.0,11.0,3.0,7.0,3.0,3.0,0.0,0.0
2022/23,2022-10-18,Huddersfield,Preston,0,1,A,0.0,0.0,D,9.0,10.0,0.0,3.0,13.0,9.0,5.0,5.0,5.0,1.0,0.0,0.0
2022/23,2022-10-18,Norwich,Luton,0,1,A,0.0,0.0,D,14.0,6.0,1.0,2.0,9.0,13.0,4.0,2.0,1.0,2.0,1.0,0.0
2022/23,2022-10-18,Stoke,Rotherham,0,1,A,0.0,1.0,A,29.0,4.0,12.0,1.0,7.0,14.0,8.0,3.0,0.0,3.0,0.0,0.0
2022/23,2022-10-18,Swansea,Reading,3,2,H,1.0,2.0,A,13.0,7.0,5.0,4.0,2.0,7.0,8.0,0.0,1.0,1.0,0.0,0.0
2022/23,2022-10-18,West Brom,Bristol City,0,2,A,0.0,2.0,A,14.0,6.0,0.0,2.0,12.0,8.0,13.0,1.0,3.0,1.0,0.0,0.0
2022/23,2022-10-19,Birmingham,Burnley,1,1,D,0.0,0.0,D,14.0,9.0,2.0,1.0,13.0,11.0,8.0,4.0,1.0,2.0,0.0,0.0
2022/23,2022-10-19,Blackpool,Hull,1,3,A,1.0,2.0,A,8.0,11.0,1.0,3.0,13.0,15.0,2.0,4.0,3.0,4.0,0.0,0.0
2022/23,2022-10-19,Coventry,Sheffield United,1,0,H,0.0,0.0,D,7.0,18.0,2.0,3.0,14.0,7.0,4.0,10.0,4.0,1.0,0.0,0.0
2022/23,2022-10-19,Millwall,Watford,3,0,H,3.0,0.0,H,12.0,13.0,4.0,2.0,12.0,10.0,2.0,5.0,0.0,2.0,0.0,0.0
2022/23,2022-10-19,QPR,Cardiff,3,0,H,2.0,0.0,H,22.0,4.0,10.0,0.0,16.0,11.0,6.0,2.0,2.0,5.0,0.0,1.0
2022/23,2022-10-19,Wigan,Middlesbrough,1,4,A,1.0,1.0,D,10.0,16.0,5.0,7.0,7.0,11.0,4.0,4.0,1.0,2.0,0.0,0.0
2022/23,2022-10-22,Blackburn,Birmingham,2,1,H,2.0,0.0,H,5.0,17.0,3.0,6.0,8.0,6.0,2.0,9.0,1.0,1.0,0.0,0.0
2022/23,2022-10-22,Blackpool,Preston,4,2,H,1.0,1.0,D,11.0,18.0,5.0,6.0,11.0,12.0,1.0,6.0,1.0,2.0,0.0,0.0
2022/23,2022-10-22,Middlesbrough,Huddersfield,0,0,D,0.0,0.0,D,11.0,9.0,2.0,4.0,7.0,11.0,3.0,5.0,3.0,1.0,0.0,0.0
2022/23,2022-10-22,Millwall,West Brom,2,1,H,1.0,1.0,D,18.0,8.0,3.0,2.0,8.0,11.0,5.0,2.0,1.0,1.0,0.0,1.0
2022/23,2022-10-22,QPR,Wigan,2,1,H,2.0,1.0,H,9.0,11.0,4.0,2.0,10.0,6.0,5.0,4.0,1.0,2.0,0.0,0.0
2022/23,2022-10-22,Reading,Bristol City,2,0,H,0.0,0.0,D,15.0,5.0,4.0,0.0,12.0,8.0,10.0,5.0,2.0,3.0,0.0,0.0
2022/23,2022-10-22,Rotherham,Hull,2,4,A,1.0,1.0,D,11.0,19.0,3.0,13.0,6.0,9.0,4.0,7.0,1.0,0.0,0.0,0.0
2022/23,2022-10-22,Sheffield United,Norwich,2,2,D,0.0,2.0,A,22.0,10.0,8.0,6.0,16.0,12.0,4.0,9.0,1.0,5.0,0.0,0.0
2022/23,2022-10-22,Stoke,Coventry,0,2,A,0.0,0.0,D,11.0,8.0,2.0,3.0,8.0,15.0,9.0,2.0,1.0,1.0,0.0,0.0
2022/23,2022-10-22,Sunderland,Burnley,2,4,A,2.0,0.0,H,10.0,9.0,5.0,4.0,9.0,10.0,2.0,5.0,1.0,3.0,0.0,0.0
2022/23,2022-10-23,Swansea,Cardiff,2,0,H,1.0,0.0,H,13.0,3.0,6.0,1.0,5.0,10.0,7.0,1.0,3.0,3.0,0.0,1.0
2022/23,2022-10-23,Watford,Luton,4,0,H,2.0,0.0,H,13.0,9.0,8.0,3.0,9.0,15.0,6.0,1.0,3.0,4.0,0.0,1.0
2022/23,2022-10-25,Burnley,Norwich,1,0,H,0.0,0.0,D,17.0,5.0,2.0,2.0,10.0,14.0,5.0,4.0,3.0,3.0,0.0,0.0
2022/23,2022-10-25,Coventry,Rotherham,2,2,D,0.0,1.0,A,21.0,10.0,7.0,4.0,7.0,11.0,6.0,1.0,2.0,3.0,0.0,0.0
2022/23,2022-10-28,Birmingham,QPR,2,0,H,2.0,0.0,H,7.0,15.0,3.0,4.0,15.0,6.0,2.0,10.0,4.0,3.0,0.0,0.0
2022/23,2022-10-29,Bristol City,Swansea,1,1,D,1.0,0.0,H,10.0,14.0,4.0,3.0,13.0,5.0,7.0,11.0,1.0,0.0,0.0,0.0
2022/23,2022-10-29,Burnley,Reading,2,1,H,0.0,0.0,D,14.0,10.0,3.0,4.0,7.0,7.0,12.0,9.0,3.0,4.0,0.0,0.0
2022/23,2022-10-29,Cardiff,Rotherham,1,0,H,0.0,0.0,D,19.0,3.0,5.0,0.0,3.0,9.0,10.0,3.0,0.0,1.0,0.0,0.0
2022/23,2022-10-29,Coventry,Blackpool,1,2,A,1.0,0.0,H,16.0,17.0,5.0,4.0,9.0,12.0,3.0,5.0,1.0,4.0,0.0,0.0
2022/23,2022-10-29,Huddersfield,Millwall,1,0,H,1.0,0.0,H,14.0,4.0,5.0,1.0,8.0,13.0,8.0,1.0,2.0,3.0,0.0,0.0
2022/23,2022-10-29,Hull,Blackburn,0,1,A,0.0,1.0,A,7.0,14.0,0.0,6.0,11.0,10.0,6.0,3.0,2.0,1.0,0.0,0.0
2022/23,2022-10-29,Luton,Sunderland,1,1,D,1.0,0.0,H,15.0,16.0,3.0,4.0,18.0,17.0,8.0,5.0,2.0,3.0,0.0,0.0
2022/23,2022-10-29,Norwich,Stoke,3,1,H,1.0,0.0,H,16.0,17.0,9.0,4.0,14.0,10.0,5.0,6.0,6.0,2.0,0.0,0.0
2022/23,2022-10-29,Preston,Middlesbrough,2,1,H,1.0,1.0,D,13.0,9.0,4.0,1.0,11.0,10.0,2.0,4.0,3.0,3.0,0.0,0.0
2022/23,2022-10-29,West Brom,Sheffield United,0,2,A,0.0,2.0,A,15.0,11.0,4.0,2.0,6.0,4.0,8.0,3.0,0.0,1.0,0.0,0.0
2022/23,2022-10-29,Wigan,Watford,0,1,A,0.0,0.0,D,8.0,13.0,1.0,2.0,5.0,7.0,3.0,4.0,2.0,2.0,0.0,0.0
2022/23,2022-11-01,Bristol City,Sheffield United,0,1,A,0.0,0.0,D,16.0,4.0,3.0,3.0,6.0,15.0,8.0,1.0,3.0,5.0,1.0,0.0
2022/23,2022-11-01,Coventry,Blackburn,1,0,H,1.0,0.0,H,15.0,9.0,7.0,2.0,5.0,10.0,3.0,4.0,2.0,4.0,0.0,1.0
2022/23,2022-11-01,Hull,Middlesbrough,1,3,A,0.0,1.0,A,10.0,6.0,2.0,3.0,11.0,8.0,7.0,2.0,1.0,3.0,0.0,0.0
2022/23,2022-11-01,Luton,Reading,0,0,D,0.0,0.0,D,9.0,17.0,2.0,3.0,10.0,8.0,6.0,5.0,2.0,3.0,0.0,0.0
2022/23,2022-11-01,Preston,Swansea,1,0,H,1.0,0.0,H,9.0,14.0,4.0,4.0,11.0,8.0,2.0,7.0,4.0,3.0,0.0,0.0
2022/23,2022-11-01,West Brom,Blackpool,1,0,H,0.0,0.0,D,11.0,4.0,5.0,0.0,11.0,8.0,7.0,2.0,4.0,2.0,0.0,0.0
2022/23,2022-11-02,Birmingham,Millwall,0,0,D,0.0,0.0,D,5.0,10.0,0.0,3.0,10.0,11.0,2.0,5.0,0.0,1.0,0.0,0.0
2022/23,2022-11-02,Burnley,Rotherham,3,2,H,1.0,1.0,D,24.0,8.0,11.0,5.0,7.0,4.0,7.0,3.0,3.0,2.0,0.0,1.0
2022/23,2022-11-02,Cardiff,Watford,1,2,A,1.0,1.0,D,11.0,16.0,3.0,5.0,9.0,8.0,8.0,11.0,2.0,2.0,0.0,0.0
2022/23,2022-11-02,Huddersfield,Sunderland,0,2,A,0.0,0.0,D,16.0,9.0,3.0,3.0,9.0,8.0,5.0,1.0,2.0,2.0,0.0,0.0
2022/23,2022-11-02,Norwich,QPR,0,0,D,0.0,0.0,D,12.0,13.0,3.0,4.0,7.0,10.0,11.0,4.0,1.0,3.0,0.0,0.0
2022/23,2022-11-02,Wigan,Stoke,0,1,A,0.0,0.0,D,11.0,14.0,1.0,5.0,7.0,12.0,2.0,7.0,1.0,1.0,0.0,0.0
2022/23,2022-11-04,Reading,Preston,1,2,A,0.0,0.0,D,11.0,10.0,2.0,4.0,10.0,9.0,3.0,2.0,1.0,4.0,0.0,0.0
2022/23,2022-11-05,Blackburn,Huddersfield,1,0,H,1.0,0.0,H,12.0,8.0,4.0,3.0,3.0,16.0,5.0,4.0,0.0,3.0,0.0,0.0
2022/23,2022-11-05,Blackpool,Luton,0,1,A,0.0,0.0,D,19.0,11.0,8.0,3.0,7.0,10.0,9.0,11.0,1.0,1.0,0.0,0.0
2022/23,2022-11-05,Middlesbrough,Bristol City,1,1,D,0.0,1.0,A,23.0,6.0,9.0,2.0,13.0,11.0,8.0,1.0,3.0,2.0,0.0,0.0
2022/23,2022-11-05,Millwall,Hull,0,0,D,0.0,0.0,D,24.0,7.0,6.0,2.0,9.0,13.0,10.0,2.0,0.0,3.0,0.0,1.0
2022/23,2022-11-05,QPR,West Brom,0,1,A,0.0,0.0,D,9.0,10.0,2.0,2.0,9.0,10.0,8.0,5.0,1.0,2.0,0.0,0.0
2022/23,2022-11-05,Rotherham,Norwich,1,2,A,0.0,1.0,A,10.0,13.0,4.0,4.0,10.0,12.0,2.0,9.0,1.0,3.0,0.0,0.0
2022/23,2022-11-05,Sheffield United,Burnley,5,2,H,1.0,2.0,A,28.0,14.0,12.0,4.0,8.0,7.0,10.0,6.0,2.0,3.0,0.0,0.0
2022/23,2022-11-05,Stoke,Birmingham,1,2,A,0.0,1.0,A,11.0,8.0,7.0,3.0,14.0,17.0,4.0,3.0,3.0,4.0,0.0,0.0
2022/23,2022-11-05,Sunderland,Cardiff,0,1,A,0.0,0.0,D,11.0,13.0,2.0,4.0,6.0,12.0,6.0,4.0,4.0,3.0,0.0,0.0
2022/23,2022-11-05,Swansea,Wigan,2,2,D,1.0,2.0,A,13.0,5.0,3.0,4.0,10.0,13.0,6.0,3.0,2.0,2.0,0.0,0.0
2022/23,2022-11-05,Watford,Coventry,0,1,A,0.0,0.0,D,11.0,12.0,2.0,4.0,13.0,6.0,10.0,5.0,4.0,2.0,0.0,0.0
2022/23,2022-11-08,Birmingham,Swansea,2,2,D,1.0,2.0,A,15.0,8.0,2.0,3.0,12.0,11.0,12.0,1.0,3.0,4.0,0.0,0.0
2022/23,2022-11-08,Blackpool,Middlesbrough,0,3,A,0.0,1.0,A,7.0,19.0,1.0,5.0,10.0,12.0,2.0,7.0,4.0,1.0,0.0,0.0
2022/23,2022-11-08,Cardiff,Hull,2,3,A,0.0,1.0,A,12.0,10.0,2.0,4.0,6.0,9.0,4.0,2.0,0.0,1.0,0.0,0.0
2022/23,2022-11-08,Coventry,Wigan,2,0,H,0.0,0.0,D,14.0,6.0,2.0,0.0,11.0,15.0,6.0,4.0,2.0,1.0,0.0,0.0
2022/23,2022-11-08,QPR,Huddersfield,1,2,A,1.0,2.0,A,36.0,11.0,6.0,5.0,11.0,8.0,14.0,4.0,0.0,6.0,0.0,0.0
2022/23,2022-11-08,Sheffield United,Rotherham,0,1,A,0.0,1.0,A,14.0,4.0,5.0,2.0,10.0,10.0,12.0,1.0,2.0,3.0,0.0,0.0
2022/23,2022-11-08,Stoke,Luton,2,0,H,2.0,0.0,H,8.0,15.0,2.0,3.0,7.0,15.0,5.0,13.0,1.0,4.0,0.0,0.0
2022/23,2022-11-08,Watford,Reading,2,0,H,1.0,0.0,H,15.0,6.0,5.0,1.0,15.0,16.0,7.0,3.0,2.0,3.0,0.0,0.0
2022/23,2022-11-11,Birmingham,Sunderland,1,2,A,0.0,1.0,A,22.0,6.0,6.0,4.0,8.0,12.0,7.0,3.0,2.0,4.0,0.0,0.0
2022/23,2022-11-12,Bristol City,Watford,0,0,D,0.0,0.0,D,9.0,2.0,2.0,0.0,15.0,10.0,4.0,3.0,1.0,1.0,0.0,0.0
2022/23,2022-11-12,Cardiff,Sheffield United,0,1,A,0.0,0.0,D,12.0,10.0,2.0,5.0,10.0,7.0,5.0,4.0,0.0,1.0,0.0,0.0
2022/23,2022-11-12,Coventry,QPR,2,0,H,1.0,0.0,H,13.0,11.0,5.0,1.0,7.0,11.0,2.0,6.0,2.0,2.0,0.0,0.0
2022/23,2022-11-12,Huddersfield,Swansea,0,0,D,0.0,0.0,D,8.0,16.0,4.0,6.0,8.0,9.0,2.0,11.0,1.0,2.0,0.0,0.0
2022/23,2022-11-12,Hull,Reading,1,2,A,1.0,1.0,D,12.0,9.0,4.0,4.0,6.0,6.0,4.0,6.0,0.0,1.0,0.0,0.0
2022/23,2022-11-12,Luton,Rotherham,1,1,D,0.0,1.0,A,18.0,8.0,7.0,2.0,10.0,13.0,12.0,4.0,1.0,7.0,0.0,0.0
2022/23,2022-11-12,Norwich,Middlesbrough,1,2,A,1.0,0.0,H,14.0,11.0,6.0,3.0,9.0,10.0,3.0,4.0,1.0,2.0,0.0,0.0
2022/23,2022-11-12,Preston,Millwall,2,4,A,2.0,2.0,D,17.0,5.0,4.0,4.0,5.0,10.0,2.0,2.0,1.0,3.0,0.0,0.0
2022/23,2022-11-12,West Brom,Stoke,2,0,H,1.0,0.0,H,16.0,13.0,4.0,3.0,9.0,9.0,8.0,6.0,1.0,3.0,0.0,0.0
2022/23,2022-11-12,Wigan,Blackpool,2,1,H,0.0,1.0,A,18.0,4.0,3.0,1.0,11.0,13.0,8.0,3.0,3.0,2.0,0.0,1.0
2022/23,2022-11-13,Burnley,Blackburn,3,0,H,0.0,0.0,D,17.0,1.0,8.0,1.0,12.0,9.0,7.0,3.0,1.0,2.0,0.0,0.0
2022/23,2022-12-03,Sunderland,Millwall,3,0,H,0.0,0.0,D,11.0,19.0,5.0,5.0,10.0,19.0,1.0,8.0,1.0,3.0,0.0,0.0
2022/23,2022-12-10,Blackburn,Preston,1,4,A,0.0,1.0,A,7.0,13.0,2.0,6.0,12.0,4.0,2.0,2.0,1.0,2.0,0.0,0.0
2022/23,2022-12-10,Blackpool,Birmingham,0,0,D,0.0,0.0,D,9.0,10.0,0.0,1.0,9.0,14.0,2.0,6.0,0.0,1.0,0.0,0.0
2022/23,2022-12-10,Middlesbrough,Luton,2,1,H,1.0,1.0,D,17.0,3.0,3.0,1.0,16.0,16.0,3.0,2.0,0.0,2.0,0.0,1.0
2022/23,2022-12-10,Millwall,Wigan,1,1,D,1.0,1.0,D,12.0,7.0,6.0,3.0,18.0,12.0,4.0,3.0,1.0,2.0,0.0,0.0
2022/23,2022-12-10,Reading,Coventry,1,0,H,0.0,0.0,D,9.0,15.0,3.0,4.0,11.0,8.0,4.0,4.0,2.0,3.0,0.0,0.0
2022/23,2022-12-10,Rotherham,Bristol City,1,3,A,1.0,2.0,A,16.0,9.0,5.0,4.0,7.0,11.0,7.0,9.0,1.0,4.0,0.0,0.0
2022/23,2022-12-10,Sheffield United,Huddersfield,1,0,H,1.0,0.0,H,16.0,4.0,4.0,1.0,8.0,9.0,10.0,1.0,2.0,2.0,0.0,0.0
2022/23,2022-12-10,Stoke,Cardiff,2,2,D,2.0,1.0,H,11.0,8.0,3.0,5.0,10.0,7.0,6.0,6.0,1.0,2.0,0.0,0.0
2022/23,2022-12-10,Swansea,Norwich,0,1,A,0.0,1.0,A,17.0,5.0,7.0,2.0,9.0,13.0,7.0,4.0,2.0,5.0,0.0,0.0
2022/23,2022-12-11,QPR,Burnley,0,3,A,0.0,2.0,A,9.0,9.0,2.0,7.0,13.0,18.0,2.0,6.0,1.0,2.0,0.0,0.0
2022/23,2022-12-11,Watford,Hull,0,0,D,0.0,0.0,D,12.0,9.0,3.0,3.0,7.0,13.0,7.0,5.0,0.0,4.0,0.0,0.0
2022/23,2022-12-12,Sunderland,West Brom,1,2,A,1.0,0.0,H,11.0,10.0,3.0,4.0,8.0,7.0,5.0,5.0,1.0,1.0,0.0,0.0
2022/23,2022-12-16,Birmingham,Reading,3,2,H,3.0,0.0,H,9.0,20.0,6.0,7.0,14.0,14.0,0.0,7.0,1.0,1.0,0.0,0.0
2022/23,2022-12-17,Bristol City,Stoke,1,2,A,1.0,1.0,D,14.0,6.0,5.0,3.0,11.0,17.0,3.0,3.0,3.0,4.0,0.0,0.0
2022/23,2022-12-17,Burnley,Middlesbrough,3,1,H,0.0,0.0,D,11.0,4.0,4.0,4.0,13.0,4.0,4.0,1.0,1.0,2.0,1.0,0.0
2022/23,2022-12-17,Cardiff,Blackpool,1,1,D,1.0,0.0,H,22.0,9.0,8.0,2.0,11.0,13.0,4.0,6.0,3.0,3.0,0.0,0.0
2022/23,2022-12-17,Coventry,Swansea,3,3,D,1.0,0.0,H,17.0,17.0,9.0,7.0,11.0,12.0,5.0,3.0,0.0,2.0,0.0,0.0
2022/23,2022-12-17,Huddersfield,Watford,0,2,A,0.0,0.0,D,15.0,12.0,2.0,6.0,10.0,15.0,7.0,11.0,2.0,2.0,0.0,0.0
2022/23,2022-12-17,Hull,Sunderland,1,1,D,0.0,0.0,D,17.0,6.0,2.0,1.0,8.0,13.0,7.0,4.0,1.0,1.0,0.0,1.0
2022/23,2022-12-17,Norwich,Blackburn,0,2,A,0.0,1.0,A,19.0,7.0,4.0,3.0,12.0,18.0,6.0,2.0,4.0,3.0,0.0,0.0
2022/23,2022-12-17,Preston,QPR,0,1,A,0.0,0.0,D,10.0,17.0,2.0,6.0,18.0,13.0,4.0,4.0,1.0,3.0,0.0,0.0
2022/23,2022-12-17,West Brom,Rotherham,3,0,H,1.0,0.0,H,16.0,2.0,9.0,1.0,11.0,10.0,6.0,3.0,1.0,2.0,0.0,0.0
2022/23,2022-12-19,Wigan,Sheffield United,1,2,A,0.0,1.0,A,10.0,10.0,3.0,6.0,10.0,13.0,8.0,4.0,1.0,3.0,0.0,0.0
2022/23,2022-12-21,Coventry,West Brom,1,0,H,0.0,0.0,D,17.0,5.0,8.0,3.0,12.0,11.0,10.0,2.0,2.0,1.0,0.0,0.0
2022/23,2022-12-26,Bristol City,West Brom,0,2,A,0.0,1.0,A,8.0,15.0,3.0,4.0,11.0,8.0,8.0,6.0,2.0,1.0,0.0,0.0
2022/23,2022-12-26,Cardiff,QPR,0,0,D,0.0,0.0,D,11.0,10.0,0.0,1.0,11.0,14.0,1.0,6.0,2.0,3.0,0.0,0.0
2022/23,2022-12-26,Hull,Blackpool,1,1,D,0.0,1.0,A,15.0,16.0,1.0,5.0,18.0,13.0,11.0,8.0,2.0,2.0,0.0,1.0
2022/23,2022-12-26,Luton,Norwich,2,1,H,0.0,0.0,D,12.0,19.0,3.0,5.0,11.0,10.0,6.0,4.0,1.0,1.0,1.0,0.0
2022/23,2022-12-26,Middlesbrough,Wigan,4,1,H,1.0,0.0,H,14.0,17.0,7.0,5.0,8.0,11.0,9.0,10.0,2.0,1.0,0.0,0.0
2022/23,2022-12-26,Preston,Huddersfield,1,2,A,1.0,0.0,H,11.0,9.0,2.0,3.0,10.0,12.0,2.0,3.0,2.0,3.0,0.0,0.0
2022/23,2022-12-26,Rotherham,Stoke,2,2,D,1.0,0.0,H,5.0,12.0,1.0,5.0,14.0,16.0,3.0,3.0,1.0,2.0,0.0,0.0
2022/23,2022-12-26,Sheffield United,Coventry,3,1,H,1.0,0.0,H,8.0,11.0,3.0,4.0,10.0,10.0,2.0,7.0,0.0,3.0,1.0,0.0
2022/23,2022-12-26,Sunderland,Blackburn,2,1,H,1.0,1.0,D,11.0,5.0,5.0,2.0,15.0,13.0,7.0,3.0,3.0,5.0,0.0,0.0
2022/23,2022-12-26,Watford,Millwall,0,2,A,0.0,1.0,A,7.0,23.0,2.0,8.0,14.0,15.0,4.0,10.0,2.0,3.0,1.0,0.0
2022/23,2022-12-27,Burnley,Birmingham,3,0,H,2.0,0.0,H,10.0,2.0,4.0,0.0,12.0,8.0,1.0,1.0,1.0,3.0,0.0,0.0
2022/23,2022-12-27,Reading,Swansea,2,1,H,1.0,0.0,H,9.0,12.0,4.0,7.0,24.0,7.0,3.0,4.0,2.0,3.0,0.0,0.0
2022/23,2022-12-29,Blackburn,Middlesbrough,1,2,A,1.0,0.0,H,9.0,11.0,5.0,4.0,8.0,11.0,1.0,7.0,1.0,3.0,1.0,0.0
2022/23,2022-12-29,Blackpool,Sheffield United,1,2,A,0.0,1.0,A,14.0,11.0,4.0,6.0,8.0,16.0,5.0,6.0,0.0,0.0,0.0,0.0
2022/23,2022-12-29,Coventry,Cardiff,0,0,D,0.0,0.0,D,15.0,6.0,4.0,2.0,8.0,9.0,5.0,2.0,2.0,1.0,0.0,0.0
2022/23,2022-12-29,Huddersfield,Rotherham,2,0,H,1.0,0.0,H,9.0,7.0,3.0,2.0,6.0,13.0,0.0,2.0,3.0,2.0,0.0,0.0
2022/23,2022-12-29,Millwall,Bristol City,0,0,D,0.0,0.0,D,9.0,6.0,0.0,2.0,8.0,3.0,3.0,4.0,0.0,0.0,0.0,0.0
2022/23,2022-12-29,QPR,Luton,0,3,A,0.0,1.0,A,8.0,6.0,2.0,5.0,10.0,20.0,6.0,2.0,0.0,4.0,0.0,0.0
2022/23,2022-12-29,West Brom,Preston,2,0,H,1.0,0.0,H,17.0,8.0,8.0,2.0,9.0,9.0,14.0,3.0,1.0,1.0,0.0,0.0
2022/23,2022-12-29,Wigan,Sunderland,1,4,A,1.0,1.0,D,7.0,13.0,2.0,7.0,19.0,14.0,1.0,4.0,2.0,1.0,0.0,0.0
2022/23,2022-12-30,Birmingham,Hull,0,1,A,0.0,0.0,D,10.0,15.0,3.0,2.0,10.0,10.0,4.0,7.0,3.0,1.0,0.0,0.0
2022/23,2022-12-30,Norwich,Reading,1,1,D,0.0,0.0,D,11.0,11.0,5.0,4.0,17.0,7.0,8.0,7.0,3.0,2.0,0.0,0.0
2022/23,2022-12-30,Stoke,Burnley,0,1,A,0.0,0.0,D,6.0,7.0,3.0,2.0,21.0,13.0,3.0,5.0,2.0,3.0,0.0,0.0
2022/23,2022-12-30,Swansea,Watford,4,0,H,1.0,0.0,H,15.0,4.0,7.0,3.0,14.0,11.0,4.0,2.0,4.0,2.0,0.0,0.0
2022/23,2023-01-01,Blackburn,Cardiff,1,0,H,0.0,0.0,D,10.0,11.0,4.0,3.0,6.0,9.0,3.0,9.0,3.0,2.0,0.0,0.0
2022/23,2023-01-01,Blackpool,Sunderland,1,1,D,1.0,0.0,H,6.0,18.0,2.0,5.0,14.0,10.0,1.0,5.0,3.0,2.0,1.0,0.0
2022/23,2023-01-01,Coventry,Bristol City,1,1,D,1.0,1.0,D,16.0,9.0,6.0,2.0,10.0,10.0,6.0,11.0,3.0,2.0,0.0,0.0
2022/23,2023-01-01,Huddersfield,Luton,1,2,A,1.0,1.0,D,6.0,9.0,3.0,5.0,14.0,15.0,1.0,1.0,1.0,3.0,0.0,0.0
2022/23,2023-01-01,Millwall,Rotherham,3,0,H,1.0,0.0,H,26.0,5.0,12.0,1.0,9.0,12.0,10.0,1.0,1.0,1.0,0.0,0.0
2022/23,2023-01-02,Birmingham,Middlesbrough,1,3,A,0.0,0.0,D,9.0,18.0,1.0,8.0,10.0,8.0,9.0,8.0,1.0,2.0,0.0,0.0
2022/23,2023-01-02,Norwich,Watford,0,1,A,0.0,0.0,D,15.0,12.0,1.0,3.0,9.0,17.0,8.0,3.0,2.0,3.0,0.0,0.0
2022/23,2023-01-02,QPR,Sheffield United,1,1,D,1.0,0.0,H,15.0,15.0,2.0,6.0,11.0,13.0,8.0,6.0,2.0,2.0,0.0,0.0
2022/23,2023-01-02,Stoke,Preston,0,1,A,0.0,0.0,D,15.0,9.0,3.0,2.0,13.0,6.0,4.0,7.0,4.0,4.0,0.0,0.0
2022/23,2023-01-02,Swansea,Burnley,1,2,A,1.0,2.0,A,10.0,8.0,3.0,3.0,7.0,12.0,4.0,5.0,3.0,5.0,0.0,0.0
2022/23,2023-01-02,West Brom,Reading,1,0,H,0.0,0.0,D,17.0,7.0,4.0,2.0,11.0,12.0,6.0,3.0,1.0,4.0,0.0,0.0
2022/23,2023-01-02,Wigan,Hull,1,4,A,0.0,1.0,A,6.0,9.0,1.0,4.0,10.0,8.0,7.0,5.0,1.0,2.0,0.0,0.0
2022/23,2023-01-14,Bristol City,Birmingham,4,2,H,2.0,1.0,H,10.0,14.0,5.0,4.0,14.0,6.0,5.0,2.0,2.0,1.0,0.0,0.0
2022/23,2023-01-14,Burnley,Coventry,1,0,H,0.0,0.0,D,10.0,8.0,5.0,0.0,4.0,8.0,3.0,5.0,3.0,3.0,0.0,0.0
2022/23,2023-01-14,Cardiff,Wigan,1,1,D,0.0,0.0,D,11.0,16.0,2.0,4.0,7.0,11.0,3.0,3.0,4.0,2.0,0.0,0.0
2022/23,2023-01-14,Hull,Huddersfield,1,1,D,0.0,1.0,A,14.0,8.0,5.0,6.0,4.0,5.0,4.0,4.0,0.0,2.0,0.0,0.0
2022/23,2023-01-14,Luton,West Brom,2,3,A,2.0,1.0,H,10.0,18.0,4.0,7.0,15.0,9.0,2.0,9.0,3.0,2.0,0.0,0.0
2022/23,2023-01-14,Middlesbrough,Millwall,1,0,H,0.0,0.0,D,7.0,8.0,3.0,2.0,8.0,13.0,6.0,3.0,2.0,3.0,0.0,0.0
2022/23,2023-01-14,Preston,Norwich,0,4,A,0.0,3.0,A,9.0,22.0,2.0,8.0,17.0,11.0,4.0,7.0,4.0,4.0,0.0,0.0
2022/23,2023-01-14,Reading,QPR,2,2,D,2.0,0.0,H,10.0,17.0,3.0,4.0,11.0,9.0,5.0,7.0,2.0,2.0,0.0,0.0
2022/23,2023-01-14,Rotherham,Blackburn,4,0,H,1.0,0.0,H,8.0,9.0,4.0,3.0,7.0,1.0,4.0,2.0,1.0,0.0,0.0,0.0
2022/23,2023-01-14,Sheffield United,Stoke,3,1,H,2.0,1.0,H,8.0,9.0,3.0,5.0,7.0,13.0,2.0,6.0,2.0,2.0,0.0,0.0
2022/23,2023-01-14,Sunderland,Swansea,1,3,A,0.0,0.0,D,8.0,18.0,3.0,6.0,15.0,15.0,1.0,4.0,1.0,4.0,1.0,0.0
2022/23,2023-01-14,Watford,Blackpool,2,0,H,0.0,0.0,D,11.0,6.0,5.0,2.0,11.0,14.0,2.0,3.0,2.0,3.0,0.0,0.0
2022/23,2023-01-20,Burnley,West Brom,2,1,H,0.0,1.0,A,17.0,8.0,2.0,2.0,7.0,8.0,16.0,5.0,1.0,1.0,0.0,0.0
2022/23,2023-01-20,Sheffield United,Hull,1,0,H,1.0,0.0,H,13.0,10.0,5.0,2.0,11.0,8.0,4.0,2.0,6.0,2.0,0.0,1.0
2022/23,2023-01-21,Birmingham,Preston,1,2,A,0.0,2.0,A,10.0,8.0,4.0,4.0,12.0,11.0,5.0,3.0,4.0,1.0,0.0,0.0
2022/23,2023-01-21,Bristol City,Blackburn,1,1,D,0.0,0.0,D,11.0,6.0,3.0,2.0,10.0,12.0,5.0,3.0,1.0,1.0,0.0,1.0
2022/23,2023-01-21,Cardiff,Millwall,0,1,A,0.0,1.0,A,22.0,15.0,4.0,6.0,13.0,10.0,7.0,4.0,3.0,3.0,0.0,0.0
2022/23,2023-01-21,Coventry,Norwich,2,4,A,2.0,3.0,A,11.0,18.0,4.0,7.0,10.0,8.0,4.0,6.0,0.0,1.0,0.0,0.0
2022/23,2023-01-21,QPR,Swansea,1,1,D,1.0,0.0,H,15.0,14.0,4.0,2.0,15.0,14.0,5.0,8.0,0.0,0.0,0.0,0.0
2022/23,2023-01-21,Stoke,Reading,4,0,H,1.0,0.0,H,16.0,7.0,7.0,3.0,12.0,5.0,6.0,2.0,0.0,0.0,0.0,0.0
2022/23,2023-01-21,Watford,Rotherham,1,1,D,0.0,1.0,A,18.0,12.0,5.0,5.0,9.0,8.0,9.0,3.0,3.0,3.0,0.0,0.0
2022/23,2023-01-21,Wigan,Luton,0,2,A,0.0,1.0,A,9.0,8.0,1.0,2.0,7.0,11.0,3.0,1.0,2.0,3.0,0.0,0.0
2022/23,2023-01-22,Sunderland,Middlesbrough,2,0,H,0.0,0.0,D,17.0,14.0,6.0,6.0,8.0,10.0,4.0,8.0,0.0,2.0,0.0,1.0
2022/23,2023-01-28,Coventry,Huddersfield,2,0,H,0.0,0.0,D,9.0,6.0,5.0,4.0,13.0,13.0,6.0,3.0,1.0,2.0,0.0,0.0
2022/23,2023-01-28,Hull,QPR,3,0,H,1.0,0.0,H,7.0,5.0,3.0,2.0,10.0,8.0,4.0,5.0,0.0,4.0,0.0,0.0
2022/23,2023-01-28,Middlesbrough,Watford,2,0,H,2.0,0.0,H,14.0,11.0,6.0,4.0,10.0,19.0,9.0,5.0,1.0,2.0,0.0,0.0
2022/23,2023-01-31,Luton,Cardiff,1,0,H,0.0,0.0,D,15.0,11.0,4.0,4.0,12.0,7.0,13.0,2.0,3.0,2.0,0.0,0.0
2022/23,2023-02-03,West Brom,Coventry,1,0,H,1.0,0.0,H,16.0,10.0,3.0,1.0,11.0,12.0,10.0,4.0,4.0,1.0,0.0,0.0
2022/23,2023-02-04,Huddersfield,QPR,1,1,D,1.0,1.0,D,6.0,11.0,4.0,2.0,14.0,13.0,8.0,4.0,2.0,2.0,0.0,0.0
2022/23,2023-02-04,Hull,Cardiff,1,0,H,0.0,0.0,D,12.0,14.0,4.0,3.0,10.0,7.0,3.0,7.0,2.0,0.0,0.0,0.0
2022/23,2023-02-04,Luton,Stoke,1,0,H,1.0,0.0,H,11.0,7.0,4.0,1.0,11.0,7.0,7.0,5.0,2.0,3.0,0.0,0.0
2022/23,2023-02-04,Middlesbrough,Blackpool,3,0,H,1.0,0.0,H,13.0,13.0,6.0,1.0,14.0,12.0,9.0,7.0,1.0,2.0,0.0,0.0
2022/23,2023-02-04,Millwall,Sunderland,1,1,D,0.0,0.0,D,14.0,5.0,2.0,1.0,19.0,10.0,5.0,6.0,3.0,1.0,0.0,0.0
2022/23,2023-02-04,Norwich,Burnley,0,3,A,0.0,1.0,A,8.0,13.0,1.0,6.0,15.0,15.0,5.0,3.0,5.0,3.0,0.0,0.0
2022/23,2023-02-04,Preston,Bristol City,1,2,A,0.0,2.0,A,17.0,6.0,6.0,3.0,10.0,12.0,5.0,3.0,1.0,4.0,0.0,0.0
2022/23,2023-02-04,Reading,Watford,2,2,D,0.0,1.0,A,14.0,12.0,6.0,4.0,17.0,17.0,4.0,4.0,3.0,4.0,0.0,0.0
2022/23,2023-02-04,Rotherham,Sheffield United,0,0,D,0.0,0.0,D,6.0,12.0,3.0,2.0,13.0,6.0,3.0,5.0,1.0,1.0,0.0,0.0
2022/23,2023-02-04,Swansea,Birmingham,3,4,A,2.0,1.0,H,14.0,14.0,6.0,6.0,7.0,12.0,1.0,3.0,1.0,2.0,0.0,0.0
2022/23,2023-02-06,Blackburn,Wigan,0,0,D,0.0,0.0,D,9.0,11.0,3.0,1.0,10.0,13.0,7.0,7.0,3.0,1.0,0.0,0.0
2022/23,2023-02-07,Blackpool,Huddersfield,2,2,D,0.0,1.0,A,10.0,13.0,3.0,6.0,9.0,7.0,3.0,7.0,1.0,3.0,1.0,0.0
2022/23,2023-02-10,Birmingham,West Brom,2,0,H,1.0,0.0,H,12.0,5.0,4.0,1.0,13.0,7.0,5.0,6.0,3.0,3.0,0.0,0.0
2022/23,2023-02-11,Blackpool,Rotherham,0,0,D,0.0,0.0,D,10.0,10.0,3.0,2.0,7.0,13.0,4.0,0.0,1.0,0.0,0.0,0.0
2022/23,2023-02-11,Bristol City,Norwich,1,0,H,1.0,0.0,H,7.0,15.0,2.0,1.0,14.0,7.0,8.0,8.0,1.0,3.0,0.0,0.0
2022/23,2023-02-11,Burnley,Preston,3,0,H,1.0,0.0,H,13.0,5.0,6.0,2.0,10.0,15.0,5.0,2.0,1.0,3.0,0.0,0.0
2022/23,2023-02-11,Cardiff,Middlesbrough,1,3,A,1.0,2.0,A,15.0,11.0,4.0,3.0,9.0,13.0,7.0,4.0,0.0,2.0,0.0,0.0
2022/23,2023-02-11,Coventry,Luton,1,1,D,1.0,1.0,D,12.0,8.0,3.0,6.0,16.0,16.0,5.0,5.0,1.0,4.0,1.0,0.0
2022/23,2023-02-11,QPR,Millwall,1,2,A,0.0,1.0,A,10.0,11.0,2.0,5.0,8.0,12.0,4.0,3.0,1.0,1.0,0.0,0.0
2022/23,2023-02-11,Sheffield United,Swansea,3,0,H,2.0,0.0,H,18.0,12.0,9.0,3.0,13.0,11.0,4.0,5.0,2.0,3.0,0.0,0.0
2022/23,2023-02-11,Stoke,Hull,0,0,D,0.0,0.0,D,5.0,9.0,2.0,3.0,14.0,9.0,7.0,2.0,0.0,2.0,0.0,0.0
2022/23,2023-02-11,Sunderland,Reading,1,0,H,0.0,0.0,D,13.0,9.0,5.0,1.0,7.0,9.0,4.0,8.0,0.0,2.0,0.0,0.0
2022/23,2023-02-11,Watford,Blackburn,1,1,D,0.0,1.0,A,15.0,7.0,6.0,4.0,13.0,18.0,6.0,2.0,2.0,4.0,0.0,0.0
2022/23,2023-02-11,Wigan,Huddersfield,1,0,H,0.0,0.0,D,6.0,5.0,1.0,2.0,12.0,10.0,3.0,2.0,1.0,1.0,0.0,0.0
2022/23,2023-02-14,Birmingham,Cardiff,0,2,A,0.0,0.0,D,6.0,12.0,1.0,4.0,13.0,7.0,5.0,4.0,3.0,3.0,0.0,0.0
2022/23,2023-02-14,Burnley,Watford,1,1,D,0.0,1.0,A,14.0,4.0,5.0,1.0,14.0,15.0,5.0,1.0,3.0,3.0,0.0,0.0
2022/23,2023-02-14,Coventry,Millwall,1,0,H,0.0,0.0,D,12.0,11.0,5.0,2.0,8.0,9.0,3.0,6.0,1.0,3.0,0.0,0.0
2022/23,2023-02-14,Norwich,Hull,3,1,H,1.0,1.0,D,21.0,3.0,6.0,1.0,8.0,11.0,5.0,3.0,0.0,1.0,0.0,0.0
2022/23,2023-02-14,QPR,Sunderland,0,3,A,0.0,1.0,A,7.0,12.0,2.0,8.0,16.0,13.0,2.0,2.0,6.0,2.0,0.0,0.0
2022/23,2023-02-14,Reading,Rotherham,2,1,H,0.0,1.0,A,12.0,13.0,3.0,1.0,10.0,14.0,4.0,4.0,2.0,0.0,0.0,0.0
2022/23,2023-02-15,Bristol City,Wigan,1,1,D,1.0,0.0,H,5.0,10.0,1.0,2.0,6.0,12.0,3.0,11.0,2.0,3.0,0.0,0.0
2022/23,2023-02-15,Preston,Luton,1,1,D,0.0,0.0,D,7.0,18.0,2.0,3.0,7.0,13.0,2.0,10.0,2.0,2.0,1.0,0.0
2022/23,2023-02-15,Sheffield United,Middlesbrough,1,3,A,1.0,1.0,D,18.0,17.0,10.0,5.0,10.0,8.0,6.0,6.0,3.0,3.0,0.0,0.0
2022/23,2023-02-15,Stoke,Huddersfield,3,0,H,1.0,0.0,H,16.0,3.0,6.0,1.0,15.0,13.0,12.0,3.0,2.0,3.0,0.0,1.0
2022/23,2023-02-15,Swansea,Blackpool,2,1,H,1.0,0.0,H,17.0,7.0,6.0,3.0,18.0,9.0,6.0,2.0,2.0,1.0,0.0,1.0
2022/23,2023-02-15,West Brom,Blackburn,1,1,D,0.0,0.0,D,12.0,10.0,4.0,4.0,10.0,12.0,12.0,5.0,2.0,1.0,0.0,0.0
2022/23,2023-02-17,Cardiff,Reading,1,0,H,0.0,0.0,D,19.0,5.0,5.0,0.0,8.0,10.0,8.0,3.0,1.0,2.0,0.0,0.0
2022/23,2023-02-18,Blackburn,Swansea,1,0,H,0.0,0.0,D,8.0,10.0,3.0,2.0,10.0,10.0,6.0,3.0,4.0,0.0,0.0,0.0
2022/23,2023-02-18,Blackpool,Stoke,1,0,H,1.0,0.0,H,7.0,25.0,1.0,6.0,13.0,9.0,3.0,5.0,4.0,1.0,0.0,0.0
2022/23,2023-02-18,Huddersfield,Birmingham,2,1,H,1.0,1.0,D,12.0,19.0,7.0,5.0,10.0,10.0,4.0,6.0,1.0,1.0,0.0,0.0
2022/23,2023-02-18,Hull,Preston,0,0,D,0.0,0.0,D,15.0,7.0,4.0,0.0,10.0,8.0,11.0,6.0,2.0,2.0,0.0,0.0
2022/23,2023-02-18,Luton,Burnley,0,1,A,0.0,0.0,D,7.0,9.0,2.0,2.0,14.0,11.0,7.0,5.0,1.0,1.0,1.0,0.0
2022/23,2023-02-18,Middlesbrough,QPR,3,1,H,0.0,0.0,D,12.0,9.0,9.0,2.0,5.0,12.0,9.0,9.0,1.0,0.0,0.0,0.0
2022/23,2023-02-18,Millwall,Sheffield United,3,2,H,1.0,1.0,D,12.0,11.0,5.0,6.0,10.0,13.0,4.0,5.0,3.0,4.0,0.0,0.0
2022/23,2023-02-18,Rotherham,Coventry,0,2,A,0.0,0.0,D,11.0,8.0,1.0,6.0,9.0,13.0,4.0,2.0,2.0,3.0,0.0,0.0
2022/23,2023-02-18,Sunderland,Bristol City,1,1,D,0.0,0.0,D,11.0,9.0,3.0,2.0,12.0,14.0,2.0,4.0,1.0,0.0,0.0,0.0
2022/23,2023-02-18,Wigan,Norwich,0,0,D,0.0,0.0,D,11.0,9.0,6.0,1.0,10.0,14.0,3.0,5.0,2.0,2.0,0.0,0.0
2022/23,2023-02-20,Watford,West Brom,3,2,H,1.0,0.0,H,18.0,18.0,7.0,4.0,10.0,13.0,6.0,6.0,2.0,2.0,0.0,0.0
2022/23,2023-02-21,Blackburn,Blackpool,1,0,H,1.0,0.0,H,13.0,7.0,3.0,0.0,12.0,12.0,8.0,2.0,3.0,0.0,0.0,0.0
2022/23,2023-02-21,Millwall,Burnley,1,1,D,0.0,0.0,D,12.0,17.0,3.0,3.0,7.0,11.0,3.0,6.0,1.0,1.0,0.0,0.0
2022/23,2023-02-21,Norwich,Birmingham,3,1,H,2.0,0.0,H,15.0,10.0,7.0,2.0,14.0,9.0,6.0,1.0,1.0,2.0,0.0,0.0
2022/23,2023-02-21,Rotherham,Sunderland,2,1,H,1.0,0.0,H,7.0,13.0,3.0,5.0,7.0,9.0,4.0,6.0,2.0,1.0,0.0,0.0
2022/23,2023-02-21,Swansea,Stoke,1,3,A,1.0,2.0,A,12.0,15.0,6.0,8.0,12.0,17.0,5.0,4.0,4.0,1.0,0.0,0.0
2022/23,2023-02-25,Birmingham,Luton,0,1,A,0.0,0.0,D,8.0,11.0,0.0,5.0,11.0,9.0,2.0,7.0,1.0,1.0,0.0,0.0
2022/23,2023-02-25,Bristol City,Hull,1,0,H,0.0,0.0,D,10.0,11.0,3.0,1.0,6.0,8.0,7.0,3.0,0.0,1.0,0.0,0.0
2022/23,2023-02-25,Burnley,Huddersfield,4,0,H,3.0,0.0,H,22.0,8.0,12.0,1.0,7.0,13.0,5.0,2.0,0.0,2.0,0.0,0.0
2022/23,2023-02-25,Coventry,Sunderland,2,1,H,1.0,0.0,H,15.0,13.0,3.0,5.0,11.0,8.0,4.0,7.0,3.0,2.0,0.0,0.0
2022/23,2023-02-25,Norwich,Cardiff,2,0,H,2.0,0.0,H,13.0,9.0,4.0,2.0,12.0,9.0,3.0,5.0,1.0,1.0,0.0,0.0
2022/23,2023-02-25,Preston,Wigan,2,1,H,0.0,1.0,A,7.0,14.0,3.0,4.0,13.0,13.0,3.0,7.0,2.0,1.0,1.0,0.0
2022/23,2023-02-25,QPR,Blackburn,1,3,A,1.0,2.0,A,11.0,9.0,2.0,5.0,12.0,10.0,7.0,1.0,4.0,0.0,0.0,0.0
2022/23,2023-02-25,Reading,Blackpool,3,1,H,1.0,0.0,H,8.0,14.0,5.0,4.0,11.0,10.0,3.0,8.0,1.0,0.0,0.0,0.0
2022/23,2023-02-25,Sheffield United,Watford,1,0,H,0.0,0.0,D,17.0,8.0,4.0,2.0,11.0,8.0,5.0,5.0,2.0,3.0,0.0,0.0
2022/23,2023-02-25,Stoke,Millwall,0,1,A,0.0,1.0,A,15.0,7.0,3.0,1.0,10.0,11.0,9.0,4.0,0.0,1.0,0.0,0.0
2022/23,2023-02-25,West Brom,Middlesbrough,2,0,H,2.0,0.0,H,12.0,12.0,4.0,3.0,7.0,10.0,4.0,8.0,0.0,1.0,0.0,0.0
2022/23,2023-02-27,Swansea,Rotherham,1,1,D,1.0,0.0,H,7.0,14.0,4.0,5.0,18.0,11.0,3.0,6.0,3.0,2.0,0.0,0.0
2022/23,2023-02-28,Luton,Millwall,2,2,D,0.0,1.0,A,15.0,9.0,4.0,3.0,11.0,12.0,6.0,2.0,0.0,1.0,0.0,0.0
2022/23,2023-02-28,Preston,Coventry,0,0,D,0.0,0.0,D,14.0,11.0,2.0,4.0,10.0,11.0,4.0,2.0,1.0,4.0,0.0,0.0
2022/23,2023-03-03,Hull,West Brom,2,0,H,1.0,0.0,H,8.0,21.0,2.0,6.0,12.0,8.0,4.0,6.0,0.0,2.0,0.0,0.0
2022/23,2023-03-04,Blackburn,Sheffield United,1,0,H,1.0,0.0,H,11.0,14.0,2.0,4.0,8.0,11.0,3.0,8.0,2.0,3.0,0.0,0.0
2022/23,2023-03-04,Blackpool,Burnley,0,0,D,0.0,0.0,D,6.0,13.0,0.0,5.0,12.0,11.0,1.0,8.0,1.0,1.0,0.0,0.0
2022/23,2023-03-04,Cardiff,Bristol City,2,0,H,0.0,0.0,D,11.0,12.0,4.0,4.0,8.0,13.0,3.0,5.0,0.0,0.0,1.0,0.0
2022/23,2023-03-04,Huddersfield,Coventry,0,4,A,0.0,1.0,A,14.0,13.0,3.0,6.0,10.0,12.0,5.0,5.0,0.0,1.0,0.0,0.0
2022/23,2023-03-04,Luton,Swansea,1,0,H,1.0,0.0,H,16.0,10.0,4.0,3.0,17.0,11.0,4.0,3.0,2.0,2.0,0.0,0.0
2022/23,2023-03-04,Middlesbrough,Reading,5,0,H,2.0,0.0,H,13.0,3.0,6.0,0.0,13.0,13.0,6.0,1.0,1.0,2.0,0.0,0.0
2022/23,2023-03-04,Millwall,Norwich,2,3,A,1.0,1.0,D,21.0,9.0,8.0,5.0,7.0,11.0,4.0,4.0,2.0,3.0,0.0,0.0
2022/23,2023-03-04,Rotherham,QPR,3,1,H,1.0,0.0,H,16.0,14.0,9.0,3.0,9.0,11.0,7.0,8.0,2.0,3.0,0.0,0.0
2022/23,2023-03-04,Sunderland,Stoke,1,5,A,0.0,1.0,A,8.0,16.0,4.0,8.0,8.0,19.0,2.0,4.0,1.0,2.0,0.0,0.0
2022/23,2023-03-04,Watford,Preston,0,0,D,0.0,0.0,D,12.0,10.0,4.0,2.0,13.0,17.0,6.0,3.0,1.0,4.0,0.0,0.0
2022/23,2023-03-04,Wigan,Birmingham,1,1,D,0.0,1.0,A,7.0,13.0,3.0,2.0,13.0,14.0,2.0,1.0,2.0,2.0,0.0,0.0
2022/23,2023-03-07,Huddersfield,Bristol City,0,0,D,0.0,0.0,D,9.0,10.0,3.0,5.0,13.0,4.0,6.0,4.0,3.0,2.0,0.0,0.0
2022/23,2023-03-07,Reading,Sheffield United,0,1,A,0.0,0.0,D,12.0,8.0,3.0,4.0,9.0,7.0,3.0,4.0,2.0,0.0,0.0,0.0
2022/23,2023-03-07,West Brom,Wigan,1,0,H,1.0,0.0,H,17.0,10.0,4.0,3.0,6.0,9.0,1.0,2.0,0.0,2.0,0.0,0.0
2022/23,2023-03-10,Stoke,Blackburn,3,2,H,2.0,0.0,H,14.0,9.0,5.0,2.0,9.0,10.0,1.0,5.0,2.0,2.0,0.0,0.0
2022/23,2023-03-11,Birmingham,Rotherham,2,0,H,2.0,0.0,H,13.0,12.0,5.0,1.0,8.0,12.0,4.0,10.0,1.0,3.0,0.0,0.0
2022/23,2023-03-11,Bristol City,Blackpool,2,0,H,0.0,0.0,D,18.0,5.0,3.0,2.0,8.0,13.0,6.0,0.0,0.0,1.0,0.0,0.0
2022/23,2023-03-11,Burnley,Wigan,3,0,H,1.0,0.0,H,27.0,2.0,7.0,2.0,11.0,15.0,10.0,0.0,1.0,3.0,0.0,1.0
2022/23,2023-03-11,Coventry,Hull,1,1,D,0.0,0.0,D,25.0,11.0,6.0,3.0,14.0,12.0,10.0,3.0,0.0,0.0,0.0,0.0
2022/23,2023-03-11,Preston,Cardiff,2,0,H,0.0,0.0,D,12.0,13.0,5.0,4.0,12.0,9.0,4.0,4.0,2.0,1.0,0.0,1.0
2022/23,2023-03-11,QPR,Watford,1,0,H,1.0,0.0,H,11.0,9.0,4.0,2.0,14.0,10.0,2.0,5.0,2.0,2.0,0.0,0.0
2022/23,2023-03-11,Reading,Millwall,0,1,A,0.0,1.0,A,2.0,8.0,0.0,1.0,15.0,14.0,2.0,2.0,1.0,0.0,0.0,0.0
2022/23,2023-03-11,Sheffield United,Luton,0,1,A,0.0,0.0,D,9.0,6.0,5.0,1.0,11.0,9.0,3.0,4.0,2.0,0.0,0.0,0.0
2022/23,2023-03-11,Swansea,Middlesbrough,1,3,A,1.0,0.0,H,14.0,14.0,5.0,7.0,9.0,10.0,4.0,6.0,2.0,1.0,0.0,0.0
2022/23,2023-03-11,West Brom,Huddersfield,1,0,H,1.0,0.0,H,13.0,4.0,4.0,1.0,8.0,13.0,9.0,2.0,1.0,0.0,0.0,0.0
2022/23,2023-03-12,Norwich,Sunderland,0,1,A,0.0,1.0,A,17.0,11.0,5.0,5.0,13.0,21.0,8.0,3.0,2.0,5.0,0.0,0.0
2022/23,2023-03-14,Blackpool,QPR,6,1,H,4.0,1.0,H,16.0,7.0,8.0,2.0,8.0,18.0,6.0,1.0,1.0,3.0,0.0,0.0
2022/23,2023-03-14,Middlesbrough,Stoke,1,1,D,1.0,1.0,D,9.0,11.0,3.0,5.0,10.0,15.0,4.0,6.0,1.0,4.0,0.0,0.0
2022/23,2023-03-14,Millwall,Swansea,2,1,H,0.0,0.0,D,9.0,19.0,3.0,11.0,8.0,13.0,5.0,5.0,1.0,2.0,0.0,0.0
2022/23,2023-03-14,Rotherham,Preston,1,2,A,1.0,2.0,A,6.0,7.0,1.0,3.0,7.0,10.0,3.0,5.0,2.0,2.0,0.0,0.0
2022/23,2023-03-14,Watford,Birmingham,3,0,H,2.0,0.0,H,11.0,8.0,5.0,6.0,20.0,13.0,3.0,1.0,1.0,3.0,0.0,0.0
2022/23,2023-03-14,Wigan,Coventry,1,1,D,0.0,0.0,D,10.0,18.0,5.0,7.0,18.0,11.0,6.0,4.0,1.0,1.0,0.0,0.0
2022/23,2023-03-15,Blackburn,Reading,2,1,H,1.0,0.0,H,12.0,9.0,6.0,4.0,7.0,7.0,6.0,4.0,2.0,2.0,0.0,1.0
2022/23,2023-03-15,Cardiff,West Brom,1,1,D,0.0,1.0,A,11.0,8.0,2.0,3.0,5.0,7.0,3.0,5.0,2.0,2.0,0.0,0.0
2022/23,2023-03-15,Huddersfield,Norwich,1,1,D,0.0,1.0,A,11.0,12.0,0.0,3.0,9.0,10.0,6.0,8.0,0.0,3.0,0.0,1.0
2022/23,2023-03-15,Hull,Burnley,1,3,A,0.0,1.0,A,14.0,9.0,6.0,3.0,8.0,14.0,3.0,3.0,1.0,2.0,0.0,0.0
2022/23,2023-03-15,Luton,Bristol City,1,0,H,1.0,0.0,H,15.0,6.0,6.0,3.0,15.0,12.0,7.0,2.0,4.0,3.0,0.0,0.0
2022/23,2023-03-15,Sunderland,Sheffield United,1,2,A,1.0,1.0,D,7.0,11.0,3.0,4.0,16.0,16.0,4.0,8.0,2.0,4.0,0.0,0.0
2022/23,2023-03-18,Blackpool,Coventry,1,4,A,1.0,2.0,A,12.0,18.0,1.0,7.0,7.0,12.0,5.0,4.0,0.0,3.0,0.0,0.0
2022/23,2023-03-18,Middlesbrough,Preston,4,0,H,1.0,0.0,H,16.0,7.0,5.0,3.0,11.0,15.0,7.0,4.0,4.0,3.0,0.0,1.0
2022/23,2023-03-18,Millwall,Huddersfield,0,1,A,0.0,0.0,D,18.0,4.0,4.0,2.0,8.0,12.0,3.0,6.0,2.0,3.0,0.0,0.0
2022/23,2023-03-18,QPR,Birmingham,0,1,A,0.0,1.0,A,16.0,10.0,2.0,6.0,16.0,16.0,10.0,1.0,4.0,3.0,0.0,0.0
2022/23,2023-03-18,Reading,Hull,1,1,D,1.0,1.0,D,11.0,12.0,5.0,4.0,15.0,18.0,1.0,9.0,2.0,1.0,0.0,0.0
2022/23,2023-03-18,Stoke,Norwich,0,0,D,0.0,0.0,D,14.0,8.0,8.0,1.0,13.0,11.0,8.0,3.0,2.0,0.0,0.0,0.0
2022/23,2023-03-18,Sunderland,Luton,1,1,D,0.0,0.0,D,11.0,7.0,4.0,3.0,7.0,16.0,6.0,2.0,0.0,4.0,0.0,0.0
2022/23,2023-03-18,Watford,Wigan,1,1,D,1.0,0.0,H,17.0,6.0,3.0,2.0,10.0,10.0,5.0,4.0,2.0,4.0,0.0,0.0
2022/23,2023-03-19,Swansea,Bristol City,2,0,H,1.0,0.0,H,17.0,6.0,5.0,3.0,14.0,6.0,3.0,7.0,2.0,2.0,0.0,0.0
2022/23,2023-03-31,Burnley,Sunderland,0,0,D,0.0,0.0,D,13.0,7.0,3.0,3.0,11.0,13.0,5.0,4.0,2.0,0.0,0.0,0.0
2022/23,2023-04-01,Birmingham,Blackburn,1,0,H,0.0,0.0,D,10.0,17.0,3.0,8.0,3.0,7.0,4.0,7.0,3.0,3.0,0.0,0.0
2022/23,2023-04-01,Bristol City,Reading,1,1,D,1.0,0.0,H,18.0,7.0,8.0,2.0,11.0,8.0,10.0,4.0,3.0,2.0,0.0,0.0
2022/23,2023-04-01,Cardiff,Swansea,2,3,A,1.0,2.0,A,9.0,10.0,3.0,4.0,19.0,11.0,1.0,3.0,2.0,5.0,0.0,0.0
2022/23,2023-04-01,Coventry,Stoke,0,4,A,0.0,2.0,A,15.0,26.0,6.0,11.0,11.0,6.0,6.0,6.0,2.0,0.0,0.0,0.0
2022/23,2023-04-01,Huddersfield,Middlesbrough,4,2,H,0.0,1.0,A,13.0,20.0,5.0,6.0,5.0,12.0,5.0,9.0,2.0,2.0,0.0,0.0
2022/23,2023-04-01,Hull,Rotherham,0,0,D,0.0,0.0,D,14.0,4.0,1.0,0.0,7.0,14.0,8.0,8.0,0.0,2.0,0.0,1.0
2022/23,2023-04-01,Luton,Watford,2,0,H,1.0,0.0,H,13.0,2.0,6.0,1.0,14.0,12.0,9.0,3.0,2.0,3.0,0.0,0.0
2022/23,2023-04-01,Norwich,Sheffield United,0,1,A,0.0,0.0,D,7.0,7.0,1.0,1.0,13.0,17.0,4.0,5.0,3.0,3.0,0.0,0.0
2022/23,2023-04-01,Preston,Blackpool,3,1,H,2.0,0.0,H,9.0,12.0,7.0,5.0,10.0,13.0,6.0,8.0,3.0,3.0,0.0,0.0
2022/23,2023-04-01,West Brom,Millwall,0,0,D,0.0,0.0,D,16.0,14.0,1.0,4.0,13.0,12.0,6.0,7.0,2.0,3.0,0.0,0.0
2022/23,2023-04-01,Wigan,QPR,1,0,H,1.0,0.0,H,8.0,8.0,4.0,3.0,12.0,14.0,2.0,5.0,2.0,2.0,0.0,0.0
2022/23,2023-04-07,Blackburn,Norwich,0,2,A,0.0,1.0,A,16.0,13.0,4.0,5.0,6.0,6.0,8.0,5.0,1.0,2.0,0.0,0.0
2022/23,2023-04-07,Blackpool,Cardiff,1,3,A,0.0,3.0,A,13.0,13.0,4.0,5.0,15.0,12.0,4.0,3.0,2.0,1.0,0.0,0.0
2022/23,2023-04-07,Middlesbrough,Burnley,1,2,A,0.0,1.0,A,9.0,11.0,3.0,4.0,16.0,6.0,1.0,2.0,1.0,1.0,0.0,0.0
2022/23,2023-04-07,Millwall,Luton,0,0,D,0.0,0.0,D,14.0,6.0,4.0,2.0,7.0,13.0,4.0,4.0,1.0,2.0,0.0,0.0
2022/23,2023-04-07,QPR,Preston,0,2,A,0.0,0.0,D,10.0,12.0,1.0,6.0,10.0,6.0,6.0,6.0,0.0,1.0,0.0,0.0
2022/23,2023-04-07,Reading,Birmingham,1,1,D,1.0,1.0,D,12.0,10.0,3.0,4.0,11.0,7.0,5.0,0.0,1.0,1.0,0.0,0.0
2022/23,2023-04-07,Rotherham,West Brom,3,1,H,1.0,1.0,D,23.0,10.0,10.0,5.0,13.0,11.0,8.0,3.0,2.0,4.0,0.0,0.0
2022/23,2023-04-07,Sheffield United,Wigan,1,0,H,1.0,0.0,H,22.0,9.0,4.0,1.0,14.0,5.0,9.0,6.0,2.0,1.0,0.0,0.0
2022/23,2023-04-07,Stoke,Bristol City,1,2,A,1.0,0.0,H,8.0,5.0,5.0,3.0,11.0,6.0,7.0,4.0,1.0,0.0,0.0,0.0
2022/23,2023-04-07,Sunderland,Hull,4,4,D,2.0,2.0,D,18.0,9.0,7.0,7.0,9.0,16.0,1.0,0.0,0.0,2.0,0.0,0.0
2022/23,2023-04-07,Swansea,Coventry,0,0,D,0.0,0.0,D,16.0,11.0,6.0,4.0,11.0,10.0,5.0,5.0,2.0,3.0,0.0,0.0
2022/23,2023-04-07,Watford,Huddersfield,2,3,A,1.0,1.0,D,14.0,8.0,5.0,4.0,7.0,10.0,13.0,3.0,3.0,2.0,1.0,0.0
2022/23,2023-04-10,Birmingham,Stoke,0,0,D,0.0,0.0,D,7.0,8.0,2.0,1.0,14.0,7.0,6.0,10.0,2.0,2.0,0.0,0.0
2022/23,2023-04-10,Bristol City,Middlesbrough,2,2,D,1.0,0.0,H,16.0,10.0,7.0,4.0,8.0,7.0,4.0,7.0,2.0,1.0,0.0,0.0
2022/23,2023-04-10,Burnley,Sheffield United,2,0,H,0.0,0.0,D,16.0,4.0,6.0,1.0,12.0,10.0,8.0,2.0,1.0,3.0,0.0,1.0
2022/23,2023-04-10,Cardiff,Sunderland,0,1,A,0.0,0.0,D,17.0,18.0,4.0,4.0,20.0,8.0,7.0,5.0,4.0,1.0,0.0,0.0
2022/23,2023-04-10,Coventry,Watford,2,2,D,0.0,2.0,A,23.0,7.0,6.0,4.0,8.0,14.0,6.0,4.0,3.0,5.0,0.0,0.0
2022/23,2023-04-10,Huddersfield,Blackburn,2,2,D,2.0,0.0,H,9.0,21.0,2.0,11.0,5.0,7.0,5.0,10.0,0.0,3.0,0.0,0.0
2022/23,2023-04-10,Hull,Millwall,1,0,H,0.0,0.0,D,8.0,22.0,2.0,6.0,10.0,11.0,7.0,5.0,1.0,2.0,0.0,0.0
2022/23,2023-04-10,Luton,Blackpool,3,1,H,1.0,1.0,D,21.0,11.0,4.0,5.0,14.0,9.0,7.0,5.0,1.0,2.0,0.0,0.0
2022/23,2023-04-10,Norwich,Rotherham,0,0,D,0.0,0.0,D,21.0,6.0,4.0,2.0,10.0,14.0,10.0,3.0,0.0,1.0,0.0,0.0
2022/23,2023-04-10,Preston,Reading,2,1,H,0.0,0.0,D,23.0,8.0,7.0,3.0,9.0,10.0,9.0,2.0,1.0,2.0,0.0,0.0
2022/23,2023-04-10,West Brom,QPR,2,2,D,2.0,1.0,H,12.0,14.0,6.0,2.0,8.0,12.0,8.0,4.0,0.0,1.0,0.0,0.0
2022/23,2023-04-10,Wigan,Swansea,0,2,A,0.0,2.0,A,8.0,14.0,4.0,3.0,18.0,6.0,6.0,1.0,3.0,1.0,0.0,0.0
2022/23,2023-04-14,Middlesbrough,Norwich,5,1,H,4.0,1.0,H,8.0,11.0,6.0,3.0,10.0,10.0,3.0,5.0,0.0,1.0,0.0,0.0
2022/23,2023-04-15,Blackburn,Hull,0,0,D,0.0,0.0,D,14.0,11.0,2.0,3.0,12.0,6.0,9.0,3.0,1.0,2.0,0.0,0.0
2022/23,2023-04-15,Blackpool,Wigan,1,0,H,1.0,0.0,H,5.0,14.0,2.0,2.0,12.0,12.0,3.0,7.0,1.0,2.0,0.0,0.0
2022/23,2023-04-15,Millwall,Preston,2,0,H,1.0,0.0,H,6.0,8.0,2.0,3.0,6.0,11.0,2.0,4.0,1.0,2.0,0.0,0.0
2022/23,2023-04-15,QPR,Coventry,0,3,A,0.0,1.0,A,6.0,14.0,2.0,5.0,9.0,10.0,5.0,2.0,1.0,3.0,0.0,0.0
2022/23,2023-04-15,Reading,Burnley,0,0,D,0.0,0.0,D,7.0,16.0,0.0,1.0,8.0,13.0,3.0,7.0,3.0,1.0,0.0,0.0
2022/23,2023-04-15,Rotherham,Luton,0,2,A,0.0,1.0,A,4.0,15.0,0.0,5.0,17.0,16.0,2.0,6.0,2.0,5.0,0.0,0.0
2022/23,2023-04-15,Sheffield United,Cardiff,4,1,H,1.0,1.0,D,13.0,15.0,7.0,6.0,8.0,10.0,5.0,5.0,3.0,2.0,0.0,0.0
2022/23,2023-04-15,Stoke,West Brom,1,2,A,1.0,0.0,H,10.0,11.0,3.0,6.0,15.0,16.0,5.0,5.0,4.0,2.0,1.0,0.0
2022/23,2023-04-15,Sunderland,Birmingham,2,1,H,1.0,1.0,D,13.0,14.0,4.0,5.0,3.0,19.0,9.0,2.0,0.0,2.0,1.0,0.0
2022/23,2023-04-15,Swansea,Huddersfield,1,0,H,0.0,0.0,D,19.0,9.0,5.0,1.0,12.0,11.0,5.0,4.0,4.0,2.0,0.0,0.0
2022/23,2023-04-15,Watford,Bristol City,2,0,H,1.0,0.0,H,13.0,11.0,4.0,6.0,11.0,7.0,6.0,7.0,1.0,3.0,0.0,0.0
2022/23,2023-04-18,Blackpool,West Brom,0,2,A,0.0,1.0,A,13.0,11.0,3.0,3.0,5.0,10.0,5.0,5.0,1.0,3.0,0.0,0.0
2022/23,2023-04-18,Millwall,Birmingham,0,1,A,0.0,1.0,A,21.0,7.0,7.0,4.0,6.0,9.0,11.0,4.0,0.0,2.0,0.0,0.0
2022/23,2023-04-18,Rotherham,Burnley,2,2,D,1.0,1.0,D,9.0,18.0,5.0,8.0,11.0,8.0,4.0,7.0,1.0,2.0,0.0,0.0
2022/23,2023-04-18,Sheffield United,Bristol City,1,0,H,0.0,0.0,D,12.0,4.0,3.0,1.0,9.0,9.0,2.0,2.0,1.0,2.0,0.0,0.0
2022/23,2023-04-18,Stoke,Wigan,0,1,A,0.0,0.0,D,9.0,7.0,3.0,2.0,17.0,13.0,7.0,4.0,2.0,2.0,0.0,0.0
2022/23,2023-04-18,Sunderland,Huddersfield,1,1,D,1.0,0.0,H,18.0,13.0,3.0,3.0,10.0,21.0,5.0,11.0,3.0,2.0,0.0,0.0
2022/23,2023-04-19,Blackburn,Coventry,1,1,D,1.0,0.0,H,6.0,4.0,2.0,3.0,14.0,9.0,5.0,6.0,3.0,1.0,0.0,0.0
2022/23,2023-04-19,Middlesbrough,Hull,3,1,H,0.0,1.0,A,21.0,7.0,7.0,3.0,12.0,6.0,4.0,3.0,1.0,1.0,0.0,0.0
2022/23,2023-04-19,QPR,Norwich,1,1,D,1.0,0.0,H,7.0,18.0,2.0,6.0,11.0,9.0,7.0,11.0,5.0,2.0,0.0,0.0
2022/23,2023-04-19,Reading,Luton,1,1,D,0.0,0.0,D,10.0,19.0,2.0,6.0,10.0,11.0,2.0,5.0,3.0,2.0,1.0,0.0
2022/23,2023-04-19,Swansea,Preston,4,2,H,3.0,0.0,H,12.0,6.0,7.0,2.0,10.0,18.0,2.0,4.0,3.0,3.0,1.0,0.0
2022/23,2023-04-19,Watford,Cardiff,1,3,A,1.0,3.0,A,14.0,9.0,3.0,5.0,11.0,11.0,10.0,1.0,3.0,3.0,0.0,0.0
2022/23,2023-04-22,Birmingham,Blackpool,0,1,A,0.0,0.0,D,16.0,12.0,7.0,4.0,15.0,13.0,6.0,7.0,2.0,1.0,0.0,0.0
2022/23,2023-04-22,Bristol City,Rotherham,2,1,H,1.0,0.0,H,9.0,7.0,5.0,3.0,8.0,10.0,7.0,7.0,2.0,3.0,0.0,0.0
2022/23,2023-04-22,Burnley,QPR,1,2,A,0.0,0.0,D,21.0,6.0,6.0,5.0,5.0,10.0,11.0,4.0,2.0,2.0,0.0,0.0
2022/23,2023-04-22,Cardiff,Stoke,1,1,D,1.0,1.0,D,7.0,6.0,4.0,1.0,3.0,8.0,6.0,4.0,3.0,0.0,0.0,0.0
2022/23,2023-04-22,Coventry,Reading,2,1,H,1.0,0.0,H,19.0,11.0,5.0,3.0,15.0,12.0,2.0,4.0,4.0,4.0,0.0,0.0
2022/23,2023-04-22,Hull,Watford,1,0,H,1.0,0.0,H,2.0,10.0,1.0,2.0,14.0,10.0,2.0,5.0,3.0,2.0,0.0,0.0
2022/23,2023-04-22,Norwich,Swansea,0,3,A,0.0,2.0,A,8.0,14.0,2.0,6.0,8.0,9.0,2.0,6.0,1.0,1.0,1.0,0.0
2022/23,2023-04-22,Preston,Blackburn,1,1,D,0.0,0.0,D,13.0,9.0,4.0,3.0,13.0,11.0,4.0,3.0,1.0,2.0,0.0,0.0
2022/23,2023-04-22,Wigan,Millwall,2,1,H,1.0,1.0,D,16.0,9.0,2.0,3.0,10.0,8.0,5.0,3.0,1.0,2.0,0.0,0.0
2022/23,2023-04-23,West Brom,Sunderland,1,2,A,1.0,0.0,H,19.0,13.0,4.0,6.0,13.0,13.0,4.0,5.0,3.0,3.0,0.0,0.0
2022/23,2023-04-24,Luton,Middlesbrough,2,1,H,0.0,1.0,A,8.0,9.0,3.0,1.0,10.0,9.0,4.0,5.0,2.0,0.0,0.0,0.0
2022/23,2023-04-25,Blackburn,Burnley,0,1,A,0.0,0.0,D,8.0,8.0,5.0,1.0,13.0,12.0,10.0,4.0,3.0,5.0,0.0,0.0
2022/23,2023-04-26,Sheffield United,West Brom,2,0,H,0.0,0.0,D,13.0,6.0,4.0,4.0,11.0,10.0,5.0,0.0,1.0,1.0,0.0,0.0
2022/23,2023-04-27,Rotherham,Cardiff,1,2,A,1.0,1.0,D,8.0,13.0,3.0,6.0,14.0,8.0,6.0,4.0,1.0,0.0,0.0,0.0
2022/23,2023-04-28,Blackpool,Millwall,2,3,A,1.0,1.0,D,13.0,18.0,3.0,3.0,12.0,16.0,7.0,3.0,2.0,4.0,0.0,0.0
2022/23,2023-04-29,Bristol City,Burnley,1,2,A,0.0,1.0,A,8.0,14.0,1.0,7.0,12.0,9.0,3.0,3.0,1.0,0.0,0.0,0.0
2022/23,2023-04-29,Coventry,Birmingham,2,0,H,2.0,0.0,H,9.0,9.0,3.0,1.0,10.0,10.0,5.0,5.0,0.0,2.0,0.0,0.0
2022/23,2023-04-29,Hull,Swansea,1,1,D,1.0,1.0,D,7.0,10.0,1.0,2.0,10.0,10.0,3.0,5.0,0.0,2.0,0.0,0.0
2022/23,2023-04-29,Reading,Wigan,1,1,D,0.0,0.0,D,21.0,11.0,5.0,3.0,7.0,13.0,13.0,3.0,2.0,1.0,0.0,0.0
2022/23,2023-04-29,Sheffield United,Preston,4,1,H,1.0,0.0,H,18.0,10.0,10.0,4.0,9.0,5.0,10.0,5.0,2.0,1.0,0.0,0.0
2022/23,2023-04-29,Stoke,QPR,0,1,A,0.0,0.0,D,6.0,4.0,2.0,4.0,7.0,10.0,7.0,0.0,1.0,3.0,0.0,0.0
2022/23,2023-04-29,Sunderland,Watford,2,2,D,0.0,1.0,A,25.0,9.0,7.0,3.0,11.0,12.0,10.0,2.0,3.0,3.0,0.0,0.0
2022/23,2023-04-29,West Brom,Norwich,2,1,H,1.0,1.0,D,14.0,7.0,5.0,2.0,9.0,14.0,6.0,1.0,0.0,2.0,0.0,0.0
2022/23,2023-04-30,Cardiff,Huddersfield,1,2,A,0.0,0.0,D,8.0,20.0,2.0,4.0,2.0,8.0,5.0,9.0,1.0,0.0,0.0,0.0
2022/23,2023-05-01,Blackburn,Luton,1,1,D,0.0,0.0,D,15.0,13.0,3.0,4.0,7.0,8.0,9.0,4.0,2.0,0.0,0.0,0.0
2022/23,2023-05-01,Rotherham,Middlesbrough,1,0,H,0.0,0.0,D,4.0,7.0,1.0,1.0,19.0,7.0,1.0,11.0,3.0,1.0,0.0,1.0
2022/23,2023-05-04,Huddersfield,Sheffield United,1,0,H,0.0,0.0,D,7.0,5.0,2.0,2.0,5.0,6.0,9.0,3.0,1.0,2.0,0.0,0.0
2022/23,2023-05-08,Birmingham,Sheffield United,1,2,A,0.0,0.0,D,9.0,21.0,3.0,3.0,9.0,12.0,4.0,4.0,1.0,0.0,0.0,0.0
2022/23,2023-05-08,Burnley,Cardiff,3,0,H,2.0,0.0,H,18.0,10.0,7.0,4.0,9.0,12.0,5.0,3.0,1.0,2.0,0.0,0.0
2022/23,2023-05-08,Huddersfield,Reading,2,0,H,0.0,0.0,D,13.0,9.0,7.0,0.0,7.0,16.0,4.0,6.0,0.0,1.0,0.0,0.0
2022/23,2023-05-08,Luton,Hull,0,0,D,0.0,0.0,D,8.0,9.0,2.0,1.0,11.0,8.0,7.0,6.0,1.0,0.0,0.0,0.0
2022/23,2023-05-08,Middlesbrough,Coventry,1,1,D,1.0,1.0,D,8.0,9.0,3.0,2.0,6.0,14.0,7.0,6.0,1.0,3.0,0.0,0.0
2022/23,2023-05-08,Millwall,Blackburn,3,4,A,3.0,1.0,H,14.0,13.0,4.0,9.0,7.0,7.0,3.0,6.0,1.0,0.0,0.0,0.0
2022/23,2023-05-08,Norwich,Blackpool,0,1,A,0.0,1.0,A,28.0,12.0,5.0,6.0,11.0,7.0,10.0,4.0,1.0,0.0,0.0,0.0
2022/23,2023-05-08,Preston,Sunderland,0,3,A,0.0,0.0,D,10.0,16.0,2.0,7.0,18.0,1.0,2.0,7.0,2.0,0.0,0.0,0.0
2022/23,2023-05-08,QPR,Bristol City,0,2,A,0.0,1.0,A,16.0,8.0,0.0,2.0,13.0,7.0,7.0,3.0,0.0,1.0,0.0,0.0
2022/23,2023-05-08,Swansea,West Brom,3,2,H,1.0,1.0,D,16.0,10.0,4.0,4.0,13.0,9.0,6.0,3.0,1.0,2.0,0.0,0.0
2022/23,2023-05-08,Watford,Stoke,2,0,H,0.0,0.0,D,13.0,15.0,6.0,7.0,13.0,17.0,6.0,6.0,0.0,2.0,0.0,0.0
2022/23,2023-05-08,Wigan,Rotherham,0,0,D,0.0,0.0,D,10.0,7.0,6.0,2.0,10.0,13.0,3.0,2.0,0.0,2.0,0.0,0.0
2023/24,2023-08-04,Sheffield Weds,Southampton,1,2,A,0.0,1.0,A,8.0,23.0,1.0,7.0,12.0,10.0,3.0,6.0,4.0,4.0,0.0,0.0
2023/24,2023-08-05,Blackburn,West Brom,2,1,H,2.0,0.0,H,12.0,14.0,3.0,4.0,11.0,11.0,6.0,5.0,4.0,3.0,0.0,0.0
2023/24,2023-08-05,Bristol City,Preston,1,1,D,0.0,0.0,D,5.0,11.0,2.0,3.0,10.0,11.0,2.0,4.0,0.0,1.0,0.0,0.0
2023/24,2023-08-05,Middlesbrough,Millwall,0,1,A,0.0,0.0,D,16.0,12.0,2.0,2.0,3.0,8.0,12.0,6.0,1.0,3.0,0.0,0.0
2023/24,2023-08-05,Norwich,Hull,2,1,H,1.0,1.0,D,28.0,8.0,5.0,3.0,14.0,12.0,9.0,4.0,2.0,5.0,0.0,0.0
2023/24,2023-08-05,Plymouth,Huddersfield,3,1,H,1.0,1.0,D,14.0,15.0,7.0,3.0,9.0,15.0,2.0,9.0,1.0,0.0,0.0,0.0
2023/24,2023-08-05,Stoke,Rotherham,4,1,H,3.0,0.0,H,15.0,6.0,6.0,3.0,12.0,10.0,10.0,2.0,5.0,3.0,0.0,1.0
2023/24,2023-08-05,Swansea,Birmingham,1,1,D,0.0,1.0,A,11.0,11.0,6.0,5.0,9.0,12.0,5.0,5.0,1.0,4.0,0.0,0.0
2023/24,2023-08-05,Watford,QPR,4,0,H,4.0,0.0,H,23.0,4.0,12.0,1.0,8.0,15.0,8.0,2.0,1.0,2.0,0.0,0.0
2023/24,2023-08-06,Leeds,Cardiff,2,2,D,0.0,2.0,A,25.0,7.0,6.0,2.0,8.0,10.0,10.0,0.0,2.0,1.0,0.0,0.0
2023/24,2023-08-06,Leicester,Coventry,2,1,H,0.0,0.0,D,20.0,20.0,7.0,6.0,11.0,13.0,6.0,8.0,3.0,2.0,0.0,0.0
2023/24,2023-08-06,Sunderland,Ipswich,1,2,A,0.0,1.0,A,20.0,13.0,4.0,5.0,10.0,13.0,11.0,4.0,1.0,3.0,1.0,0.0
2023/24,2023-08-12,Birmingham,Leeds,1,0,H,0.0,0.0,D,10.0,7.0,2.0,1.0,13.0,10.0,7.0,4.0,1.0,2.0,0.0,0.0
2023/24,2023-08-12,Cardiff,QPR,1,2,A,0.0,1.0,A,15.0,7.0,4.0,3.0,8.0,13.0,13.0,7.0,2.0,2.0,0.0,0.0
2023/24,2023-08-12,Coventry,Middlesbrough,3,0,H,1.0,0.0,H,12.0,14.0,5.0,2.0,5.0,8.0,7.0,7.0,1.0,1.0,0.0,0.0
2023/24,2023-08-12,Huddersfield,Leicester,0,1,A,0.0,0.0,D,13.0,17.0,3.0,6.0,15.0,8.0,5.0,4.0,1.0,4.0,0.0,0.0
2023/24,2023-08-12,Hull,Sheffield Weds,4,2,H,1.0,1.0,D,16.0,6.0,7.0,2.0,7.0,22.0,9.0,1.0,1.0,3.0,0.0,0.0
2023/24,2023-08-12,Ipswich,Stoke,2,0,H,1.0,0.0,H,22.0,9.0,10.0,2.0,12.0,17.0,7.0,3.0,3.0,1.0,0.0,0.0
2023/24,2023-08-12,Millwall,Bristol City,0,1,A,0.0,0.0,D,10.0,13.0,2.0,1.0,13.0,11.0,1.0,5.0,1.0,3.0,0.0,0.0
2023/24,2023-08-12,Preston,Sunderland,2,1,H,1.0,1.0,D,11.0,13.0,2.0,4.0,17.0,8.0,5.0,12.0,3.0,1.0,0.0,0.0
2023/24,2023-08-12,Rotherham,Blackburn,2,2,D,1.0,0.0,H,9.0,21.0,3.0,6.0,9.0,8.0,5.0,9.0,3.0,1.0,1.0,0.0
2023/24,2023-08-12,Southampton,Norwich,4,4,D,2.0,3.0,A,31.0,15.0,11.0,6.0,12.0,13.0,13.0,4.0,7.0,4.0,0.0,0.0
2023/24,2023-08-12,Watford,Plymouth,0,0,D,0.0,0.0,D,20.0,13.0,3.0,5.0,16.0,10.0,12.0,3.0,0.0,2.0,0.0,0.0
2023/24,2023-08-12,West Brom,Swansea,3,2,H,1.0,0.0,H,11.0,13.0,3.0,4.0,10.0,10.0,4.0,8.0,3.0,4.0,0.0,0.0
2023/24,2023-08-18,Leeds,West Brom,1,1,D,0.0,0.0,D,16.0,4.0,4.0,2.0,10.0,9.0,4.0,3.0,4.0,5.0,0.0,0.0
2023/24,2023-08-19,Blackburn,Hull,1,2,A,0.0,0.0,D,14.0,19.0,3.0,5.0,12.0,7.0,2.0,8.0,1.0,3.0,1.0,0.0
2023/24,2023-08-19,Bristol City,Birmingham,0,2,A,0.0,1.0,A,19.0,16.0,0.0,6.0,12.0,10.0,8.0,4.0,0.0,2.0,1.0,0.0
2023/24,2023-08-19,Leicester,Cardiff,2,1,H,1.0,1.0,D,15.0,10.0,6.0,4.0,11.0,10.0,10.0,4.0,1.0,4.0,0.0,1.0
2023/24,2023-08-19,Middlesbrough,Huddersfield,1,1,D,0.0,0.0,D,17.0,16.0,7.0,2.0,10.0,10.0,7.0,8.0,1.0,3.0,0.0,0.0
2023/24,2023-08-19,Plymouth,Southampton,1,2,A,0.0,0.0,D,15.0,19.0,2.0,9.0,11.0,15.0,5.0,10.0,2.0,4.0,0.0,0.0
2023/24,2023-08-19,QPR,Ipswich,0,1,A,0.0,0.0,D,10.0,16.0,4.0,3.0,15.0,10.0,5.0,4.0,4.0,1.0,0.0,0.0
2023/24,2023-08-19,Sheffield Weds,Preston,0,1,A,0.0,0.0,D,8.0,5.0,3.0,2.0,14.0,16.0,0.0,4.0,1.0,1.0,0.0,0.0
2023/24,2023-08-19,Stoke,Watford,1,0,H,0.0,0.0,D,13.0,10.0,2.0,3.0,21.0,10.0,7.0,2.0,4.0,1.0,0.0,0.0
2023/24,2023-08-19,Sunderland,Rotherham,2,1,H,1.0,1.0,D,11.0,4.0,4.0,1.0,11.0,10.0,5.0,0.0,2.0,1.0,0.0,0.0
2023/24,2023-08-19,Swansea,Coventry,1,1,D,1.0,1.0,D,7.0,11.0,3.0,2.0,12.0,10.0,3.0,8.0,2.0,1.0,0.0,0.0
2023/24,2023-08-20,Norwich,Millwall,3,1,H,1.0,0.0,H,20.0,10.0,5.0,2.0,3.0,13.0,6.0,3.0,2.0,1.0,0.0,0.0
2023/24,2023-08-25,Hull,Bristol City,1,1,D,1.0,0.0,H,13.0,19.0,9.0,5.0,5.0,13.0,4.0,5.0,1.0,2.0,0.0,0.0
2023/24,2023-08-26,Birmingham,Plymouth,2,1,H,1.0,0.0,H,13.0,16.0,4.0,8.0,17.0,5.0,10.0,10.0,2.0,1.0,0.0,0.0
2023/24,2023-08-26,Cardiff,Sheffield Weds,2,1,H,0.0,0.0,D,12.0,11.0,4.0,2.0,6.0,20.0,5.0,10.0,0.0,5.0,0.0,0.0
2023/24,2023-08-26,Coventry,Sunderland,0,0,D,0.0,0.0,D,17.0,15.0,6.0,2.0,11.0,7.0,4.0,7.0,1.0,4.0,0.0,0.0
2023/24,2023-08-26,Huddersfield,Norwich,0,4,A,0.0,2.0,A,18.0,9.0,5.0,5.0,10.0,8.0,5.0,3.0,3.0,1.0,0.0,0.0
2023/24,2023-08-26,Ipswich,Leeds,3,4,A,2.0,3.0,A,21.0,14.0,6.0,9.0,12.0,8.0,8.0,4.0,3.0,2.0,0.0,0.0
2023/24,2023-08-26,Millwall,Stoke,1,0,H,1.0,0.0,H,17.0,20.0,7.0,2.0,15.0,7.0,6.0,7.0,1.0,5.0,0.0,0.0
2023/24,2023-08-26,Preston,Swansea,2,1,H,0.0,1.0,A,11.0,10.0,3.0,1.0,12.0,7.0,6.0,4.0,2.0,1.0,0.0,0.0
2023/24,2023-08-26,Rotherham,Leicester,1,2,A,0.0,1.0,A,8.0,15.0,1.0,7.0,15.0,10.0,5.0,4.0,2.0,2.0,0.0,0.0
2023/24,2023-08-26,Southampton,QPR,2,1,H,1.0,1.0,D,7.0,11.0,3.0,5.0,8.0,14.0,4.0,3.0,4.0,2.0,0.0,0.0
2023/24,2023-08-26,West Brom,Middlesbrough,4,2,H,2.0,1.0,H,7.0,15.0,4.0,5.0,10.0,9.0,4.0,2.0,2.0,1.0,0.0,1.0
2023/24,2023-08-27,Watford,Blackburn,0,1,A,0.0,0.0,D,24.0,5.0,4.0,3.0,8.0,5.0,8.0,4.0,3.0,2.0,0.0,0.0
2023/24,2023-09-02,Birmingham,Millwall,1,1,D,0.0,1.0,A,17.0,9.0,4.0,3.0,9.0,18.0,1.0,3.0,1.0,2.0,0.0,0.0
2023/24,2023-09-02,Coventry,Watford,3,3,D,1.0,1.0,D,16.0,14.0,7.0,5.0,10.0,16.0,9.0,6.0,3.0,3.0,0.0,0.0
2023/24,2023-09-02,Ipswich,Cardiff,3,2,H,0.0,1.0,A,19.0,13.0,7.0,5.0,7.0,14.0,6.0,3.0,4.0,3.0,0.0,0.0
2023/24,2023-09-02,Leeds,Sheffield Weds,0,0,D,0.0,0.0,D,16.0,10.0,4.0,5.0,8.0,9.0,5.0,3.0,1.0,2.0,0.0,0.0
2023/24,2023-09-02,Leicester,Hull,0,1,A,0.0,1.0,A,21.0,7.0,1.0,4.0,16.0,12.0,8.0,3.0,3.0,5.0,0.0,0.0
2023/24,2023-09-02,Middlesbrough,QPR,0,2,A,0.0,1.0,A,16.0,11.0,9.0,3.0,9.0,11.0,7.0,5.0,1.0,2.0,0.0,0.0
2023/24,2023-09-02,Plymouth,Blackburn,3,0,H,1.0,0.0,H,23.0,20.0,9.0,4.0,5.0,6.0,9.0,9.0,2.0,1.0,0.0,0.0
2023/24,2023-09-02,Rotherham,Norwich,2,1,H,2.0,0.0,H,9.0,17.0,3.0,5.0,12.0,10.0,2.0,6.0,2.0,1.0,0.0,0.0
2023/24,2023-09-02,Stoke,Preston,0,2,A,0.0,0.0,D,18.0,7.0,1.0,3.0,15.0,17.0,9.0,0.0,3.0,4.0,0.0,0.0
2023/24,2023-09-02,Sunderland,Southampton,5,0,H,3.0,0.0,H,18.0,13.0,10.0,2.0,20.0,10.0,5.0,8.0,2.0,2.0,0.0,0.0
2023/24,2023-09-02,Swansea,Bristol City,1,2,A,1.0,0.0,H,12.0,16.0,4.0,4.0,13.0,17.0,4.0,8.0,3.0,2.0,0.0,0.0
2023/24,2023-09-02,West Brom,Huddersfield,1,2,A,0.0,1.0,A,10.0,14.0,5.0,4.0,9.0,9.0,4.0,9.0,1.0,1.0,0.0,0.0
2023/24,2023-09-15,Hull,Coventry,1,1,D,0.0,1.0,A,18.0,8.0,4.0,2.0,7.0,21.0,9.0,3.0,2.0,5.0,0.0,0.0
2023/24,2023-09-15,Southampton,Leicester,1,4,A,1.0,3.0,A,19.0,15.0,8.0,8.0,11.0,12.0,9.0,3.0,2.0,4.0,1.0,0.0
2023/24,2023-09-16,Blackburn,Middlesbrough,2,1,H,1.0,0.0,H,15.0,21.0,8.0,6.0,11.0,10.0,5.0,9.0,1.0,2.0,0.0,0.0
2023/24,2023-09-16,Bristol City,West Brom,0,0,D,0.0,0.0,D,14.0,14.0,3.0,0.0,10.0,5.0,7.0,7.0,2.0,2.0,0.0,0.0
2023/24,2023-09-16,Cardiff,Swansea,2,0,H,0.0,0.0,D,13.0,9.0,7.0,3.0,13.0,11.0,2.0,2.0,1.0,1.0,0.0,0.0
2023/24,2023-09-16,Huddersfield,Rotherham,2,0,H,1.0,0.0,H,15.0,7.0,5.0,3.0,10.0,17.0,2.0,5.0,1.0,1.0,0.0,0.0
2023/24,2023-09-16,Norwich,Stoke,1,0,H,1.0,0.0,H,13.0,13.0,5.0,2.0,7.0,14.0,5.0,3.0,2.0,2.0,0.0,0.0
2023/24,2023-09-16,Preston,Plymouth,2,1,H,2.0,0.0,H,9.0,18.0,5.0,7.0,14.0,11.0,4.0,14.0,3.0,1.0,0.0,0.0
2023/24,2023-09-16,QPR,Sunderland,1,3,A,1.0,1.0,D,5.0,22.0,3.0,8.0,12.0,3.0,0.0,8.0,2.0,0.0,1.0,0.0
2023/24,2023-09-16,Sheffield Weds,Ipswich,0,1,A,0.0,1.0,A,6.0,13.0,0.0,6.0,17.0,13.0,7.0,1.0,3.0,4.0,0.0,0.0
2023/24,2023-09-16,Watford,Birmingham,2,0,H,0.0,0.0,D,12.0,8.0,4.0,3.0,16.0,17.0,8.0,1.0,1.0,5.0,0.0,1.0
2023/24,2023-09-17,Millwall,Leeds,0,3,A,0.0,1.0,A,12.0,14.0,3.0,3.0,13.0,9.0,8.0,9.0,0.0,0.0,0.0,0.0
2023/24,2023-09-19,Bristol City,Plymouth,4,1,H,3.0,1.0,H,17.0,6.0,6.0,2.0,9.0,13.0,7.0,1.0,3.0,0.0,0.0,0.0
2023/24,2023-09-19,Cardiff,Coventry,3,2,H,1.0,1.0,D,8.0,7.0,3.0,3.0,7.0,8.0,3.0,5.0,2.0,3.0,0.0,0.0
2023/24,2023-09-19,Preston,Birmingham,2,1,H,0.0,0.0,D,10.0,16.0,3.0,4.0,11.0,13.0,5.0,2.0,2.0,1.0,0.0,0.0
2023/24,2023-09-19,QPR,Swansea,1,1,D,0.0,1.0,A,11.0,8.0,3.0,3.0,12.0,17.0,4.0,6.0,1.0,1.0,0.0,1.0
2023/24,2023-09-19,Sheffield Weds,Middlesbrough,1,1,D,1.0,0.0,H,9.0,10.0,2.0,3.0,13.0,8.0,3.0,4.0,2.0,1.0,0.0,0.0
2023/24,2023-09-19,Southampton,Ipswich,0,1,A,0.0,1.0,A,13.0,11.0,3.0,3.0,9.0,13.0,9.0,3.0,2.0,2.0,0.0,0.0
2023/24,2023-09-20,Blackburn,Sunderland,1,3,A,1.0,2.0,A,22.0,13.0,6.0,4.0,14.0,11.0,8.0,4.0,5.0,3.0,0.0,0.0
2023/24,2023-09-20,Huddersfield,Stoke,2,2,D,1.0,1.0,D,10.0,18.0,6.0,3.0,10.0,6.0,5.0,8.0,2.0,2.0,0.0,0.0
2023/24,2023-09-20,Hull,Leeds,0,0,D,0.0,0.0,D,9.0,17.0,0.0,4.0,7.0,15.0,5.0,6.0,3.0,2.0,0.0,1.0
2023/24,2023-09-20,Millwall,Rotherham,3,0,H,1.0,0.0,H,20.0,5.0,8.0,1.0,12.0,16.0,6.0,1.0,1.0,1.0,0.0,0.0
2023/24,2023-09-20,Norwich,Leicester,0,2,A,0.0,1.0,A,15.0,10.0,2.0,3.0,14.0,15.0,10.0,1.0,3.0,4.0,0.0,0.0
2023/24,2023-09-20,Watford,West Brom,2,2,D,2.0,2.0,D,12.0,7.0,4.0,5.0,8.0,9.0,3.0,2.0,2.0,1.0,0.0,0.0
2023/24,2023-09-22,Birmingham,QPR,0,0,D,0.0,0.0,D,12.0,8.0,4.0,4.0,13.0,13.0,6.0,7.0,3.0,2.0,0.0,0.0
2023/24,2023-09-23,Ipswich,Blackburn,4,3,H,3.0,1.0,H,29.0,10.0,11.0,5.0,10.0,13.0,10.0,5.0,3.0,4.0,0.0,0.0
2023/24,2023-09-23,Leeds,Watford,3,0,H,0.0,0.0,D,17.0,4.0,10.0,1.0,13.0,15.0,8.0,1.0,1.0,3.0,0.0,0.0
2023/24,2023-09-23,Leicester,Bristol City,1,0,H,0.0,0.0,D,19.0,6.0,7.0,1.0,11.0,10.0,9.0,0.0,1.0,2.0,0.0,0.0
2023/24,2023-09-23,Middlesbrough,Southampton,2,1,H,1.0,1.0,D,14.0,15.0,5.0,5.0,16.0,7.0,5.0,7.0,3.0,0.0,0.0,0.0
2023/24,2023-09-23,Plymouth,Norwich,6,2,H,4.0,0.0,H,16.0,11.0,10.0,6.0,9.0,6.0,3.0,6.0,1.0,0.0,0.0,0.0
2023/24,2023-09-23,Rotherham,Preston,1,1,D,1.0,1.0,D,3.0,14.0,1.0,6.0,7.0,6.0,2.0,10.0,3.0,2.0,0.0,0.0
2023/24,2023-09-23,Swansea,Sheffield Weds,3,0,H,1.0,0.0,H,12.0,10.0,4.0,1.0,12.0,16.0,2.0,5.0,2.0,2.0,0.0,0.0
2023/24,2023-09-23,West Brom,Millwall,0,0,D,0.0,0.0,D,16.0,7.0,3.0,2.0,8.0,12.0,6.0,8.0,0.0,2.0,0.0,0.0
2023/24,2023-09-24,Stoke,Hull,1,3,A,0.0,2.0,A,10.0,13.0,6.0,5.0,18.0,9.0,11.0,6.0,2.0,3.0,0.0,0.0
2023/24,2023-09-24,Sunderland,Cardiff,0,1,A,0.0,0.0,D,16.0,7.0,6.0,2.0,6.0,14.0,4.0,4.0,2.0,2.0,0.0,0.0
2023/24,2023-09-25,Coventry,Huddersfield,1,1,D,1.0,0.0,H,11.0,10.0,3.0,4.0,12.0,14.0,10.0,4.0,2.0,3.0,0.0,0.0
2023/24,2023-09-29,Sheffield Weds,Sunderland,0,3,A,0.0,3.0,A,8.0,12.0,2.0,6.0,14.0,5.0,2.0,5.0,2.0,0.0,0.0,0.0
2023/24,2023-09-30,Bristol City,Stoke,2,3,A,2.0,1.0,H,13.0,6.0,5.0,4.0,9.0,13.0,11.0,3.0,1.0,1.0,0.0,0.0
2023/24,2023-09-30,Cardiff,Rotherham,2,0,H,0.0,0.0,D,12.0,7.0,5.0,0.0,4.0,11.0,6.0,5.0,2.0,0.0,0.0,0.0
2023/24,2023-09-30,Huddersfield,Ipswich,1,1,D,0.0,0.0,D,12.0,20.0,6.0,6.0,10.0,11.0,5.0,6.0,3.0,3.0,0.0,0.0
2023/24,2023-09-30,Hull,Plymouth,1,1,D,1.0,1.0,D,21.0,11.0,5.0,5.0,9.0,10.0,12.0,4.0,2.0,2.0,0.0,0.0
2023/24,2023-09-30,Millwall,Swansea,0,3,A,0.0,1.0,A,22.0,7.0,5.0,5.0,18.0,10.0,6.0,0.0,2.0,2.0,0.0,0.0
2023/24,2023-09-30,Norwich,Birmingham,2,0,H,0.0,0.0,D,16.0,12.0,4.0,2.0,9.0,10.0,4.0,4.0,1.0,1.0,0.0,0.0
2023/24,2023-09-30,Preston,West Brom,0,4,A,0.0,2.0,A,5.0,19.0,1.0,6.0,12.0,5.0,2.0,6.0,3.0,1.0,0.0,0.0
2023/24,2023-09-30,QPR,Coventry,1,3,A,0.0,0.0,D,12.0,15.0,3.0,6.0,11.0,14.0,4.0,5.0,4.0,2.0,0.0,0.0
2023/24,2023-09-30,Southampton,Leeds,3,1,H,3.0,0.0,H,10.0,15.0,5.0,5.0,14.0,13.0,5.0,6.0,4.0,1.0,0.0,0.0
2023/24,2023-09-30,Watford,Middlesbrough,2,3,A,1.0,2.0,A,17.0,9.0,4.0,3.0,10.0,15.0,9.0,3.0,2.0,0.0,0.0,0.0
2023/24,2023-10-01,Blackburn,Leicester,1,4,A,1.0,2.0,A,15.0,11.0,4.0,4.0,8.0,14.0,5.0,6.0,2.0,3.0,0.0,0.0
2023/24,2023-10-03,Birmingham,Huddersfield,4,1,H,2.0,0.0,H,12.0,17.0,6.0,6.0,14.0,13.0,3.0,5.0,3.0,1.0,0.0,0.0
2023/24,2023-10-03,Ipswich,Hull,3,0,H,2.0,0.0,H,14.0,13.0,6.0,6.0,16.0,11.0,6.0,5.0,0.0,0.0,0.0,0.0
2023/24,2023-10-03,Middlesbrough,Cardiff,2,0,H,0.0,0.0,D,11.0,6.0,6.0,3.0,10.0,10.0,8.0,2.0,1.0,3.0,0.0,0.0
2023/24,2023-10-03,Plymouth,Millwall,0,2,A,0.0,0.0,D,22.0,9.0,6.0,3.0,5.0,14.0,8.0,1.0,2.0,6.0,0.0,0.0
2023/24,2023-10-03,Stoke,Southampton,0,1,A,0.0,1.0,A,15.0,9.0,2.0,4.0,17.0,2.0,8.0,6.0,4.0,1.0,0.0,0.0
2023/24,2023-10-03,West Brom,Sheffield Weds,1,0,H,1.0,0.0,H,17.0,4.0,3.0,2.0,2.0,12.0,10.0,4.0,0.0,1.0,0.0,0.0
2023/24,2023-10-04,Coventry,Blackburn,1,0,H,0.0,0.0,D,14.0,14.0,3.0,4.0,18.0,13.0,7.0,8.0,2.0,1.0,0.0,0.0
2023/24,2023-10-04,Leeds,QPR,1,0,H,1.0,0.0,H,16.0,5.0,3.0,2.0,9.0,12.0,8.0,0.0,0.0,2.0,0.0,1.0
2023/24,2023-10-04,Leicester,Preston,3,0,H,0.0,0.0,D,9.0,6.0,4.0,1.0,3.0,8.0,4.0,4.0,0.0,2.0,0.0,0.0
2023/24,2023-10-04,Rotherham,Bristol City,1,2,A,0.0,0.0,D,8.0,9.0,1.0,5.0,3.0,7.0,4.0,4.0,1.0,1.0,0.0,0.0
2023/24,2023-10-04,Sunderland,Watford,2,0,H,1.0,0.0,H,9.0,11.0,4.0,4.0,9.0,19.0,5.0,2.0,1.0,5.0,0.0,1.0
2023/24,2023-10-04,Swansea,Norwich,2,1,H,1.0,1.0,D,23.0,14.0,7.0,5.0,12.0,12.0,8.0,7.0,4.0,2.0,0.0,0.0
2023/24,2023-10-06,Birmingham,West Brom,3,1,H,2.0,1.0,H,11.0,10.0,3.0,3.0,16.0,6.0,6.0,8.0,2.0,1.0,0.0,0.0
2023/24,2023-10-07,Cardiff,Watford,1,1,D,1.0,0.0,H,8.0,8.0,2.0,1.0,9.0,10.0,2.0,1.0,0.0,2.0,0.0,0.0
2023/24,2023-10-07,Coventry,Norwich,1,1,D,0.0,1.0,A,21.0,6.0,3.0,2.0,11.0,13.0,8.0,0.0,1.0,1.0,0.0,0.0
2023/24,2023-10-07,Ipswich,Preston,4,2,H,3.0,1.0,H,16.0,8.0,10.0,2.0,10.0,11.0,7.0,0.0,0.0,3.0,0.0,0.0
2023/24,2023-10-07,Leeds,Bristol City,2,1,H,1.0,1.0,D,21.0,9.0,8.0,2.0,10.0,8.0,8.0,6.0,1.0,2.0,0.0,0.0
2023/24,2023-10-07,Leicester,Stoke,2,0,H,1.0,0.0,H,14.0,3.0,7.0,1.0,6.0,5.0,4.0,4.0,1.0,1.0,0.0,0.0
2023/24,2023-10-07,Millwall,Hull,2,2,D,1.0,2.0,A,13.0,8.0,4.0,3.0,18.0,7.0,5.0,1.0,4.0,2.0,0.0,0.0
2023/24,2023-10-07,Plymouth,Swansea,1,3,A,1.0,0.0,H,16.0,14.0,7.0,6.0,11.0,5.0,12.0,7.0,2.0,0.0,0.0,0.0
2023/24,2023-10-07,QPR,Blackburn,0,4,A,0.0,2.0,A,21.0,17.0,6.0,7.0,13.0,10.0,10.0,7.0,2.0,2.0,0.0,0.0
2023/24,2023-10-07,Sheffield Weds,Huddersfield,0,0,D,0.0,0.0,D,6.0,7.0,1.0,0.0,16.0,13.0,5.0,4.0,1.0,1.0,0.0,0.0
2023/24,2023-10-07,Southampton,Rotherham,1,1,D,1.0,0.0,H,22.0,4.0,10.0,2.0,8.0,13.0,12.0,4.0,2.0,6.0,0.0,0.0
2023/24,2023-10-07,Sunderland,Middlesbrough,0,4,A,0.0,0.0,D,9.0,19.0,3.0,7.0,14.0,13.0,4.0,8.0,3.0,2.0,1.0,0.0
2023/24,2023-10-21,Blackburn,Cardiff,1,0,H,0.0,0.0,D,9.0,11.0,1.0,2.0,8.0,8.0,4.0,6.0,2.0,1.0,0.0,0.0
2023/24,2023-10-21,Bristol City,Coventry,1,0,H,1.0,0.0,H,6.0,12.0,3.0,1.0,15.0,11.0,2.0,15.0,2.0,3.0,0.0,0.0
2023/24,2023-10-21,Huddersfield,QPR,2,1,H,2.0,1.0,H,6.0,14.0,4.0,2.0,9.0,12.0,2.0,9.0,2.0,2.0,0.0,0.0
2023/24,2023-10-21,Hull,Southampton,1,2,A,1.0,1.0,D,13.0,18.0,3.0,5.0,13.0,14.0,7.0,9.0,4.0,3.0,0.0,0.0
2023/24,2023-10-21,Middlesbrough,Birmingham,1,0,H,0.0,0.0,D,17.0,5.0,10.0,3.0,9.0,17.0,12.0,0.0,3.0,3.0,0.0,0.0
2023/24,2023-10-21,Norwich,Leeds,2,3,A,2.0,0.0,H,14.0,19.0,4.0,8.0,11.0,13.0,7.0,7.0,2.0,3.0,0.0,0.0
2023/24,2023-10-21,Preston,Millwall,1,1,D,1.0,1.0,D,7.0,7.0,2.0,4.0,13.0,15.0,5.0,2.0,4.0,1.0,0.0,0.0
2023/24,2023-10-21,Stoke,Sunderland,2,1,H,1.0,1.0,D,11.0,18.0,4.0,7.0,17.0,9.0,6.0,2.0,5.0,4.0,0.0,0.0
2023/24,2023-10-21,Swansea,Leicester,1,3,A,1.0,1.0,D,11.0,18.0,4.0,7.0,10.0,5.0,3.0,3.0,2.0,3.0,0.0,0.0
2023/24,2023-10-21,Watford,Sheffield Weds,1,0,H,0.0,0.0,D,12.0,10.0,3.0,2.0,15.0,6.0,4.0,5.0,2.0,1.0,0.0,0.0
2023/24,2023-10-21,West Brom,Plymouth,0,0,D,0.0,0.0,D,14.0,5.0,2.0,2.0,4.0,14.0,10.0,5.0,2.0,7.0,0.0,0.0
2023/24,2023-10-24,Huddersfield,Cardiff,0,4,A,0.0,3.0,A,19.0,15.0,6.0,7.0,7.0,19.0,9.0,6.0,1.0,3.0,0.0,0.0
2023/24,2023-10-24,Leicester,Sunderland,1,0,H,1.0,0.0,H,8.0,13.0,5.0,3.0,13.0,10.0,5.0,5.0,4.0,3.0,0.0,0.0
2023/24,2023-10-24,Millwall,Blackburn,1,2,A,1.0,1.0,D,16.0,9.0,3.0,6.0,6.0,6.0,11.0,3.0,0.0,1.0,0.0,0.0
2023/24,2023-10-24,Norwich,Middlesbrough,1,2,A,0.0,0.0,D,13.0,19.0,2.0,8.0,13.0,10.0,4.0,7.0,2.0,2.0,0.0,0.0
2023/24,2023-10-24,Swansea,Watford,0,1,A,0.0,0.0,D,9.0,12.0,3.0,5.0,7.0,14.0,6.0,4.0,0.0,3.0,0.0,0.0
2023/24,2023-10-24,West Brom,QPR,2,0,H,0.0,0.0,D,16.0,1.0,4.0,0.0,8.0,12.0,6.0,2.0,1.0,3.0,0.0,1.0
2023/24,2023-10-25,Birmingham,Hull,0,2,A,0.0,1.0,A,14.0,17.0,4.0,8.0,18.0,8.0,6.0,5.0,2.0,1.0,0.0,0.0
2023/24,2023-10-25,Bristol City,Ipswich,0,1,A,0.0,1.0,A,11.0,19.0,4.0,6.0,11.0,15.0,5.0,2.0,0.0,4.0,0.0,0.0
2023/24,2023-10-25,Plymouth,Sheffield Weds,3,0,H,2.0,0.0,H,13.0,13.0,6.0,2.0,10.0,8.0,1.0,7.0,2.0,1.0,0.0,0.0
2023/24,2023-10-25,Preston,Southampton,2,2,D,0.0,1.0,A,12.0,13.0,5.0,5.0,16.0,13.0,7.0,2.0,3.0,2.0,0.0,0.0
2023/24,2023-10-25,Rotherham,Coventry,2,0,H,0.0,0.0,D,20.0,23.0,7.0,7.0,4.0,6.0,6.0,16.0,2.0,1.0,0.0,0.0
2023/24,2023-10-25,Stoke,Leeds,1,0,H,0.0,0.0,D,12.0,16.0,4.0,3.0,16.0,11.0,5.0,3.0,1.0,3.0,0.0,0.0
2023/24,2023-10-28,Blackburn,Swansea,0,1,A,0.0,1.0,A,20.0,16.0,6.0,4.0,15.0,7.0,6.0,5.0,5.0,3.0,0.0,0.0
2023/24,2023-10-28,Cardiff,Bristol City,2,0,H,1.0,0.0,H,9.0,8.0,7.0,1.0,9.0,9.0,4.0,3.0,1.0,2.0,0.0,0.0
2023/24,2023-10-28,Hull,Preston,1,0,H,0.0,0.0,D,19.0,11.0,6.0,4.0,13.0,13.0,7.0,2.0,3.0,3.0,0.0,0.0
2023/24,2023-10-28,Ipswich,Plymouth,3,2,H,1.0,1.0,D,15.0,10.0,4.0,6.0,11.0,7.0,11.0,3.0,4.0,2.0,0.0,0.0
2023/24,2023-10-28,Leeds,Huddersfield,4,1,H,4.0,0.0,H,20.0,5.0,5.0,2.0,7.0,11.0,4.0,2.0,0.0,4.0,0.0,0.0
2023/24,2023-10-28,Middlesbrough,Stoke,0,2,A,0.0,2.0,A,9.0,13.0,3.0,6.0,12.0,16.0,8.0,4.0,2.0,2.0,0.0,0.0
2023/24,2023-10-28,QPR,Leicester,1,2,A,1.0,1.0,D,9.0,16.0,3.0,5.0,13.0,7.0,1.0,8.0,1.0,2.0,1.0,0.0
2023/24,2023-10-28,Southampton,Birmingham,3,1,H,2.0,0.0,H,11.0,10.0,5.0,2.0,8.0,12.0,4.0,4.0,0.0,4.0,0.0,0.0
2023/24,2023-10-28,Sunderland,Norwich,3,1,H,2.0,1.0,H,17.0,9.0,8.0,2.0,12.0,17.0,7.0,1.0,4.0,4.0,0.0,0.0
2023/24,2023-10-28,Watford,Millwall,2,2,D,1.0,1.0,D,19.0,11.0,6.0,4.0,13.0,13.0,7.0,2.0,3.0,3.0,0.0,0.0
2023/24,2023-10-29,Sheffield Weds,Rotherham,2,0,H,2.0,0.0,H,14.0,6.0,5.0,0.0,9.0,16.0,4.0,3.0,2.0,3.0,0.0,0.0
2023/24,2023-10-30,Coventry,West Brom,0,2,A,0.0,1.0,A,15.0,7.0,3.0,3.0,9.0,7.0,5.0,5.0,2.0,6.0,0.0,0.0
2023/24,2023-11-03,Leicester,Leeds,0,1,A,0.0,0.0,D,10.0,11.0,1.0,6.0,6.0,8.0,7.0,6.0,1.0,2.0,0.0,0.0
2023/24,2023-11-04,Birmingham,Ipswich,2,2,D,1.0,0.0,H,13.0,17.0,3.0,7.0,9.0,11.0,7.0,8.0,3.0,1.0,0.0,0.0
2023/24,2023-11-04,Bristol City,Sheffield Weds,1,0,H,0.0,0.0,D,17.0,6.0,7.0,2.0,10.0,14.0,8.0,7.0,3.0,1.0,0.0,1.0
2023/24,2023-11-04,Huddersfield,Watford,0,0,D,0.0,0.0,D,5.0,9.0,2.0,3.0,6.0,20.0,1.0,3.0,0.0,2.0,0.0,0.0
2023/24,2023-11-04,Millwall,Southampton,0,1,A,0.0,0.0,D,7.0,16.0,1.0,8.0,10.0,10.0,5.0,12.0,2.0,2.0,0.0,0.0
2023/24,2023-11-04,Plymouth,Middlesbrough,3,3,D,2.0,1.0,H,10.0,20.0,5.0,11.0,15.0,15.0,8.0,6.0,2.0,3.0,0.0,0.0
2023/24,2023-11-04,Preston,Coventry,3,2,H,2.0,1.0,H,16.0,18.0,7.0,8.0,14.0,15.0,6.0,8.0,2.0,2.0,0.0,0.0
2023/24,2023-11-04,Rotherham,QPR,1,1,D,0.0,0.0,D,8.0,11.0,3.0,4.0,10.0,14.0,6.0,6.0,2.0,1.0,0.0,0.0
2023/24,2023-11-04,Stoke,Cardiff,0,0,D,0.0,0.0,D,7.0,11.0,1.0,3.0,16.0,6.0,1.0,7.0,1.0,0.0,0.0,0.0
2023/24,2023-11-04,Swansea,Sunderland,0,0,D,0.0,0.0,D,3.0,25.0,2.0,3.0,13.0,12.0,2.0,8.0,2.0,3.0,1.0,0.0
2023/24,2023-11-04,West Brom,Hull,3,1,H,1.0,1.0,D,10.0,9.0,5.0,4.0,10.0,12.0,1.0,2.0,1.0,1.0,0.0,0.0
2023/24,2023-11-05,Norwich,Blackburn,1,3,A,0.0,2.0,A,21.0,10.0,8.0,4.0,11.0,4.0,8.0,2.0,3.0,2.0,0.0,1.0
2023/24,2023-11-07,Rotherham,Ipswich,2,2,D,1.0,1.0,D,8.0,13.0,3.0,3.0,12.0,10.0,6.0,8.0,1.0,1.0,0.0,0.0
2023/24,2023-11-10,Blackburn,Preston,1,2,A,0.0,1.0,A,22.0,9.0,5.0,4.0,9.0,13.0,7.0,2.0,0.0,1.0,0.0,0.0
2023/24,2023-11-11,Cardiff,Norwich,2,3,A,2.0,1.0,H,13.0,20.0,6.0,8.0,10.0,6.0,2.0,9.0,2.0,2.0,0.0,0.0
2023/24,2023-11-11,Coventry,Stoke,0,0,D,0.0,0.0,D,13.0,6.0,2.0,2.0,14.0,16.0,4.0,4.0,1.0,1.0,0.0,0.0
2023/24,2023-11-11,Hull,Huddersfield,1,0,H,0.0,0.0,D,20.0,2.0,5.0,1.0,10.0,10.0,9.0,1.0,2.0,3.0,0.0,0.0
2023/24,2023-11-11,Ipswich,Swansea,3,2,H,2.0,1.0,H,22.0,7.0,9.0,4.0,15.0,9.0,6.0,2.0,2.0,1.0,0.0,1.0
2023/24,2023-11-11,Leeds,Plymouth,2,1,H,2.0,0.0,H,14.0,9.0,6.0,3.0,10.0,10.0,7.0,6.0,1.0,4.0,0.0,0.0
2023/24,2023-11-11,Middlesbrough,Leicester,1,0,H,0.0,0.0,D,9.0,12.0,6.0,4.0,18.0,15.0,3.0,4.0,4.0,3.0,0.0,0.0
2023/24,2023-11-11,QPR,Bristol City,0,0,D,0.0,0.0,D,7.0,7.0,0.0,2.0,12.0,16.0,5.0,2.0,2.0,2.0,0.0,0.0
2023/24,2023-11-11,Sheffield Weds,Millwall,0,4,A,0.0,2.0,A,12.0,13.0,2.0,6.0,13.0,8.0,8.0,4.0,2.0,2.0,0.0,0.0
2023/24,2023-11-11,Southampton,West Brom,2,1,H,1.0,0.0,H,10.0,14.0,3.0,2.0,7.0,10.0,3.0,10.0,3.0,0.0,0.0,0.0
2023/24,2023-11-11,Sunderland,Birmingham,3,1,H,1.0,1.0,D,22.0,16.0,6.0,7.0,5.0,13.0,10.0,5.0,2.0,2.0,0.0,0.0
2023/24,2023-11-11,Watford,Rotherham,5,0,H,2.0,0.0,H,14.0,9.0,8.0,2.0,12.0,11.0,7.0,2.0,2.0,1.0,0.0,0.0
2023/24,2023-11-24,Rotherham,Leeds,1,1,D,1.0,1.0,D,6.0,18.0,3.0,5.0,11.0,4.0,4.0,3.0,0.0,0.0,0.0,0.0
2023/24,2023-11-25,Birmingham,Sheffield Weds,2,1,H,1.0,1.0,D,13.0,16.0,4.0,4.0,11.0,11.0,6.0,6.0,1.0,0.0,0.0,0.0
2023/24,2023-11-25,Bristol City,Middlesbrough,3,2,H,2.0,0.0,H,10.0,12.0,8.0,4.0,8.0,12.0,3.0,8.0,2.0,2.0,0.0,0.0
2023/24,2023-11-25,Huddersfield,Southampton,1,1,D,0.0,1.0,A,10.0,16.0,2.0,4.0,5.0,11.0,2.0,7.0,4.0,1.0,0.0,0.0
2023/24,2023-11-25,Leicester,Watford,2,0,H,0.0,0.0,D,23.0,9.0,8.0,1.0,5.0,14.0,6.0,2.0,2.0,5.0,0.0,1.0
2023/24,2023-11-25,Millwall,Coventry,0,3,A,0.0,1.0,A,20.0,11.0,5.0,9.0,12.0,10.0,4.0,3.0,2.0,1.0,0.0,0.0
2023/24,2023-11-25,Norwich,QPR,1,0,H,1.0,0.0,H,7.0,9.0,1.0,3.0,18.0,12.0,4.0,7.0,4.0,4.0,0.0,0.0
2023/24,2023-11-25,Plymouth,Sunderland,2,0,H,2.0,0.0,H,10.0,24.0,2.0,5.0,12.0,5.0,4.0,14.0,4.0,1.0,0.0,0.0
2023/24,2023-11-25,Preston,Cardiff,1,2,A,0.0,0.0,D,4.0,19.0,2.0,8.0,9.0,6.0,6.0,13.0,3.0,1.0,1.0,0.0
2023/24,2023-11-25,Stoke,Blackburn,0,3,A,0.0,1.0,A,12.0,7.0,1.0,4.0,11.0,9.0,7.0,1.0,2.0,1.0,0.0,0.0
2023/24,2023-11-25,Swansea,Hull,2,2,D,2.0,0.0,H,14.0,18.0,4.0,9.0,12.0,11.0,2.0,1.0,0.0,2.0,0.0,0.0
2023/24,2023-11-25,West Brom,Ipswich,2,0,H,1.0,0.0,H,10.0,6.0,4.0,0.0,5.0,12.0,4.0,5.0,1.0,2.0,0.0,0.0
2023/24,2023-11-28,Cardiff,West Brom,0,1,A,0.0,0.0,D,11.0,8.0,1.0,1.0,7.0,9.0,6.0,3.0,1.0,2.0,0.0,0.0
2023/24,2023-11-28,Coventry,Plymouth,1,0,H,0.0,0.0,D,13.0,13.0,3.0,3.0,10.0,11.0,7.0,6.0,1.0,3.0,0.0,0.0
2023/24,2023-11-28,Hull,Rotherham,4,1,H,3.0,0.0,H,22.0,9.0,12.0,3.0,5.0,8.0,8.0,4.0,1.0,2.0,0.0,0.0
2023/24,2023-11-28,Middlesbrough,Preston,4,0,H,3.0,0.0,H,13.0,6.0,8.0,1.0,15.0,14.0,7.0,3.0,0.0,2.0,0.0,0.0
2023/24,2023-11-28,QPR,Stoke,4,2,H,1.0,1.0,D,19.0,12.0,9.0,4.0,13.0,11.0,13.0,7.0,2.0,5.0,0.0,1.0
2023/24,2023-11-28,Watford,Norwich,3,2,H,2.0,2.0,D,21.0,12.0,9.0,5.0,14.0,12.0,7.0,5.0,1.0,4.0,0.0,0.0
2023/24,2023-11-29,Blackburn,Birmingham,4,2,H,0.0,0.0,D,11.0,26.0,6.0,6.0,12.0,6.0,8.0,9.0,4.0,2.0,0.0,0.0
2023/24,2023-11-29,Ipswich,Millwall,3,1,H,3.0,0.0,H,19.0,5.0,7.0,3.0,9.0,13.0,4.0,2.0,2.0,3.0,0.0,0.0
2023/24,2023-11-29,Leeds,Swansea,3,1,H,2.0,1.0,H,18.0,10.0,8.0,2.0,12.0,11.0,6.0,5.0,0.0,1.0,0.0,0.0
2023/24,2023-11-29,Sheffield Weds,Leicester,1,1,D,0.0,1.0,A,14.0,12.0,7.0,3.0,10.0,7.0,5.0,4.0,2.0,1.0,0.0,0.0
2023/24,2023-11-29,Southampton,Bristol City,1,0,H,0.0,0.0,D,14.0,8.0,5.0,1.0,11.0,14.0,6.0,3.0,3.0,1.0,0.0,0.0
2023/24,2023-11-29,Sunderland,Huddersfield,1,2,A,1.0,1.0,D,27.0,9.0,9.0,5.0,12.0,11.0,10.0,4.0,2.0,1.0,0.0,0.0
2023/24,2023-12-01,Preston,QPR,0,2,A,0.0,0.0,D,7.0,8.0,1.0,5.0,11.0,11.0,6.0,4.0,1.0,1.0,0.0,0.0
2023/24,2023-12-02,Birmingham,Rotherham,0,0,D,0.0,0.0,D,12.0,12.0,4.0,4.0,11.0,17.0,4.0,6.0,1.0,3.0,0.0,0.0
2023/24,2023-12-02,Hull,Watford,1,2,A,1.0,1.0,D,23.0,10.0,7.0,4.0,7.0,12.0,8.0,2.0,1.0,2.0,0.0,0.0
2023/24,2023-12-02,Ipswich,Coventry,2,1,H,2.0,0.0,H,13.0,15.0,3.0,1.0,14.0,11.0,1.0,6.0,2.0,1.0,0.0,0.0
2023/24,2023-12-02,Leeds,Middlesbrough,3,2,H,3.0,2.0,H,20.0,11.0,9.0,5.0,12.0,15.0,6.0,3.0,2.0,5.0,0.0,1.0
2023/24,2023-12-02,Millwall,Sunderland,1,1,D,1.0,0.0,H,7.0,10.0,4.0,3.0,14.0,12.0,4.0,4.0,5.0,3.0,0.0,0.0
2023/24,2023-12-02,Plymouth,Stoke,2,1,H,1.0,1.0,D,16.0,9.0,8.0,4.0,3.0,15.0,7.0,8.0,1.0,2.0,0.0,0.0
2023/24,2023-12-02,Sheffield Weds,Blackburn,3,1,H,1.0,0.0,H,13.0,18.0,8.0,5.0,12.0,6.0,3.0,7.0,2.0,1.0,0.0,0.0
2023/24,2023-12-02,Southampton,Cardiff,2,0,H,2.0,0.0,H,18.0,10.0,6.0,3.0,6.0,9.0,7.0,3.0,1.0,1.0,0.0,0.0
2023/24,2023-12-02,Swansea,Huddersfield,1,1,D,0.0,1.0,A,22.0,5.0,5.0,3.0,11.0,9.0,19.0,1.0,1.0,2.0,0.0,0.0
2023/24,2023-12-02,West Brom,Leicester,1,2,A,0.0,0.0,D,9.0,9.0,3.0,3.0,10.0,11.0,4.0,6.0,2.0,1.0,0.0,0.0
2023/24,2023-12-03,Bristol City,Norwich,1,2,A,1.0,0.0,H,15.0,12.0,6.0,3.0,5.0,7.0,6.0,6.0,1.0,1.0,0.0,0.0
2023/24,2023-12-08,Coventry,Birmingham,2,0,H,1.0,0.0,H,16.0,13.0,8.0,6.0,11.0,19.0,6.0,7.0,0.0,5.0,0.0,0.0
2023/24,2023-12-09,Blackburn,Leeds,0,2,A,0.0,1.0,A,12.0,8.0,2.0,4.0,11.0,7.0,13.0,3.0,3.0,2.0,0.0,0.0
2023/24,2023-12-09,Cardiff,Millwall,1,0,H,0.0,0.0,D,7.0,10.0,3.0,3.0,11.0,14.0,4.0,2.0,1.0,2.0,0.0,0.0
2023/24,2023-12-09,Huddersfield,Bristol City,1,1,D,1.0,0.0,H,6.0,15.0,2.0,4.0,8.0,10.0,2.0,9.0,1.0,1.0,0.0,0.0
2023/24,2023-12-09,Leicester,Plymouth,4,0,H,1.0,0.0,H,13.0,15.0,7.0,5.0,6.0,10.0,5.0,8.0,0.0,3.0,0.0,0.0
2023/24,2023-12-09,Middlesbrough,Ipswich,0,2,A,0.0,1.0,A,7.0,9.0,1.0,3.0,15.0,14.0,5.0,3.0,1.0,3.0,0.0,0.0
2023/24,2023-12-09,Norwich,Preston,0,0,D,0.0,0.0,D,18.0,6.0,4.0,1.0,8.0,10.0,10.0,1.0,0.0,2.0,0.0,0.0
2023/24,2023-12-09,QPR,Hull,2,0,H,1.0,0.0,H,13.0,15.0,4.0,6.0,10.0,7.0,4.0,4.0,1.0,3.0,0.0,0.0
2023/24,2023-12-09,Rotherham,Swansea,1,2,A,0.0,1.0,A,7.0,19.0,3.0,9.0,9.0,9.0,6.0,11.0,2.0,3.0,1.0,0.0
2023/24,2023-12-09,Stoke,Sheffield Weds,0,1,A,0.0,0.0,D,13.0,6.0,4.0,2.0,7.0,11.0,4.0,5.0,3.0,4.0,0.0,0.0
2023/24,2023-12-09,Sunderland,West Brom,2,1,H,0.0,0.0,D,14.0,11.0,5.0,1.0,5.0,13.0,4.0,7.0,1.0,6.0,0.0,0.0
2023/24,2023-12-09,Watford,Southampton,1,1,D,0.0,0.0,D,11.0,6.0,4.0,3.0,10.0,16.0,7.0,3.0,3.0,4.0,0.0,0.0
2023/24,2023-12-12,Blackburn,Bristol City,2,1,H,1.0,0.0,H,13.0,11.0,3.0,5.0,6.0,7.0,3.0,4.0,4.0,1.0,0.0,0.0
2023/24,2023-12-12,Huddersfield,Preston,1,3,A,0.0,2.0,A,7.0,11.0,3.0,3.0,12.0,10.0,2.0,6.0,0.0,2.0,0.0,0.0
2023/24,2023-12-12,Rotherham,West Brom,0,2,A,0.0,0.0,D,4.0,6.0,2.0,2.0,11.0,10.0,1.0,2.0,0.0,1.0,0.0,0.0
2023/24,2023-12-12,Stoke,Swansea,1,1,D,0.0,0.0,D,16.0,8.0,4.0,2.0,11.0,14.0,6.0,3.0,3.0,2.0,0.0,0.0
2023/24,2023-12-12,Sunderland,Leeds,1,0,H,0.0,0.0,D,11.0,12.0,3.0,4.0,12.0,8.0,6.0,3.0,1.0,3.0,0.0,0.0
2023/24,2023-12-12,Watford,Ipswich,1,2,A,1.0,1.0,D,12.0,10.0,3.0,6.0,12.0,16.0,6.0,4.0,2.0,4.0,0.0,0.0
2023/24,2023-12-13,Cardiff,Birmingham,0,1,A,0.0,1.0,A,11.0,11.0,4.0,5.0,11.0,18.0,4.0,3.0,1.0,2.0,0.0,0.0
2023/24,2023-12-13,Coventry,Southampton,1,1,D,0.0,0.0,D,11.0,12.0,4.0,3.0,9.0,12.0,3.0,9.0,0.0,3.0,0.0,0.0
2023/24,2023-12-13,Leicester,Millwall,3,2,H,0.0,1.0,A,15.0,11.0,6.0,6.0,5.0,16.0,9.0,3.0,2.0,4.0,0.0,0.0
2023/24,2023-12-13,Middlesbrough,Hull,1,2,A,1.0,0.0,H,16.0,8.0,8.0,4.0,9.0,5.0,6.0,4.0,0.0,1.0,0.0,0.0
2023/24,2023-12-13,Norwich,Sheffield Weds,3,1,H,1.0,1.0,D,12.0,21.0,5.0,4.0,6.0,10.0,3.0,7.0,1.0,1.0,0.0,0.0
2023/24,2023-12-13,QPR,Plymouth,0,0,D,0.0,0.0,D,29.0,12.0,10.0,2.0,14.0,8.0,6.0,1.0,2.0,3.0,0.0,1.0
2023/24,2023-12-16,Bristol City,Sunderland,1,0,H,1.0,0.0,H,6.0,18.0,3.0,9.0,12.0,8.0,5.0,11.0,3.0,3.0,0.0,0.0
2023/24,2023-12-16,Hull,Cardiff,3,0,H,1.0,0.0,H,15.0,8.0,7.0,1.0,14.0,12.0,9.0,2.0,1.0,3.0,0.0,0.0
2023/24,2023-12-16,Ipswich,Norwich,2,2,D,1.0,1.0,D,18.0,11.0,5.0,3.0,11.0,8.0,6.0,3.0,2.0,0.0,0.0,0.0
2023/24,2023-12-16,Leeds,Coventry,1,1,D,0.0,0.0,D,20.0,7.0,6.0,3.0,8.0,15.0,7.0,0.0,3.0,5.0,0.0,0.0
2023/24,2023-12-16,Millwall,Huddersfield,1,1,D,0.0,0.0,D,12.0,10.0,7.0,2.0,16.0,8.0,0.0,6.0,0.0,2.0,0.0,0.0
2023/24,2023-12-16,Plymouth,Rotherham,3,2,H,1.0,1.0,D,25.0,9.0,9.0,4.0,7.0,16.0,11.0,5.0,0.0,5.0,0.0,1.0
2023/24,2023-12-16,Preston,Watford,1,5,A,1.0,1.0,D,20.0,15.0,10.0,7.0,14.0,9.0,10.0,5.0,3.0,1.0,0.0,0.0
2023/24,2023-12-16,Sheffield Weds,QPR,2,1,H,0.0,1.0,A,8.0,5.0,3.0,2.0,12.0,13.0,8.0,3.0,5.0,4.0,0.0,0.0
2023/24,2023-12-16,Southampton,Blackburn,4,0,H,1.0,0.0,H,22.0,4.0,11.0,4.0,9.0,11.0,15.0,1.0,3.0,2.0,0.0,1.0
2023/24,2023-12-16,Swansea,Middlesbrough,1,2,A,0.0,1.0,A,10.0,9.0,3.0,4.0,14.0,14.0,4.0,4.0,2.0,3.0,0.0,0.0
2023/24,2023-12-17,West Brom,Stoke,1,1,D,1.0,1.0,D,16.0,9.0,7.0,1.0,9.0,14.0,11.0,11.0,3.0,1.0,0.0,0.0
2023/24,2023-12-18,Birmingham,Leicester,2,3,A,1.0,2.0,A,8.0,14.0,5.0,5.0,12.0,17.0,3.0,2.0,0.0,1.0,0.0,0.0
2023/24,2023-12-22,Bristol City,Hull,3,2,H,1.0,2.0,A,21.0,16.0,5.0,4.0,9.0,11.0,7.0,6.0,2.0,3.0,0.0,0.0
2023/24,2023-12-22,Swansea,Preston,2,1,H,0.0,0.0,D,10.0,9.0,4.0,4.0,10.0,8.0,4.0,3.0,4.0,2.0,0.0,0.0
2023/24,2023-12-23,Blackburn,Watford,1,2,A,1.0,0.0,H,11.0,18.0,5.0,6.0,12.0,8.0,7.0,5.0,2.0,3.0,0.0,0.0
2023/24,2023-12-23,Leeds,Ipswich,4,0,H,3.0,0.0,H,9.0,2.0,4.0,0.0,10.0,15.0,5.0,0.0,1.0,4.0,0.0,0.0
2023/24,2023-12-23,Leicester,Rotherham,3,0,H,0.0,0.0,D,24.0,2.0,11.0,0.0,5.0,4.0,10.0,0.0,1.0,1.0,0.0,0.0
2023/24,2023-12-23,Middlesbrough,West Brom,1,0,H,1.0,0.0,H,13.0,9.0,4.0,2.0,13.0,11.0,2.0,10.0,1.0,2.0,0.0,0.0
2023/24,2023-12-23,Norwich,Huddersfield,2,0,H,0.0,0.0,D,21.0,5.0,8.0,1.0,9.0,10.0,12.0,2.0,1.0,1.0,0.0,0.0
2023/24,2023-12-23,Plymouth,Birmingham,3,3,D,1.0,2.0,A,15.0,13.0,8.0,7.0,7.0,15.0,7.0,3.0,2.0,5.0,0.0,1.0
2023/24,2023-12-23,QPR,Southampton,0,1,A,0.0,1.0,A,12.0,13.0,2.0,4.0,8.0,12.0,7.0,5.0,1.0,3.0,0.0,1.0
2023/24,2023-12-23,Sheffield Weds,Cardiff,1,2,A,1.0,0.0,H,18.0,7.0,5.0,3.0,10.0,12.0,10.0,3.0,3.0,2.0,0.0,0.0
2023/24,2023-12-23,Stoke,Millwall,0,0,D,0.0,0.0,D,19.0,2.0,3.0,1.0,11.0,16.0,7.0,1.0,1.0,3.0,0.0,0.0
2023/24,2023-12-23,Sunderland,Coventry,0,3,A,0.0,1.0,A,21.0,10.0,6.0,5.0,11.0,11.0,7.0,7.0,3.0,2.0,0.0,0.0
2023/24,2023-12-26,Birmingham,Stoke,1,3,A,0.0,2.0,A,14.0,11.0,5.0,5.0,10.0,12.0,5.0,3.0,2.0,3.0,0.0,0.0
2023/24,2023-12-26,Cardiff,Plymouth,2,2,D,1.0,1.0,D,17.0,13.0,4.0,6.0,5.0,9.0,7.0,3.0,0.0,1.0,0.0,0.0
2023/24,2023-12-26,Coventry,Sheffield Weds,2,0,H,1.0,0.0,H,9.0,11.0,2.0,2.0,7.0,12.0,5.0,9.0,1.0,1.0,1.0,1.0
2023/24,2023-12-26,Huddersfield,Blackburn,3,0,H,1.0,0.0,H,12.0,10.0,6.0,1.0,10.0,8.0,6.0,4.0,1.0,4.0,0.0,0.0
2023/24,2023-12-26,Hull,Sunderland,0,1,A,0.0,0.0,D,10.0,17.0,6.0,3.0,6.0,8.0,3.0,7.0,1.0,1.0,0.0,0.0
2023/24,2023-12-26,Ipswich,Leicester,1,1,D,0.0,1.0,A,19.0,5.0,2.0,2.0,9.0,9.0,11.0,2.0,1.0,2.0,0.0,0.0
2023/24,2023-12-26,Millwall,QPR,2,0,H,1.0,0.0,H,13.0,10.0,3.0,1.0,12.0,12.0,4.0,6.0,3.0,3.0,0.0,0.0
2023/24,2023-12-26,Preston,Leeds,2,1,H,0.0,0.0,D,13.0,11.0,4.0,2.0,22.0,12.0,5.0,6.0,5.0,1.0,0.0,1.0
2023/24,2023-12-26,Rotherham,Middlesbrough,1,0,H,0.0,0.0,D,3.0,19.0,1.0,5.0,12.0,8.0,0.0,11.0,0.0,0.0,0.0,0.0
2023/24,2023-12-26,Southampton,Swansea,5,0,H,1.0,0.0,H,11.0,4.0,9.0,1.0,15.0,13.0,3.0,1.0,2.0,4.0,0.0,0.0
2023/24,2023-12-26,Watford,Bristol City,1,4,A,0.0,2.0,A,13.0,15.0,5.0,5.0,10.0,4.0,6.0,6.0,1.0,0.0,0.0,0.0
2023/24,2023-12-26,West Brom,Norwich,1,0,H,0.0,0.0,D,21.0,7.0,3.0,3.0,5.0,8.0,12.0,4.0,0.0,0.0,0.0,1.0
2023/24,2023-12-29,Birmingham,Bristol City,0,0,D,0.0,0.0,D,5.0,8.0,1.0,0.0,11.0,6.0,1.0,6.0,0.0,0.0,0.0,0.0
2023/24,2023-12-29,Cardiff,Leicester,0,2,A,0.0,1.0,A,10.0,9.0,2.0,4.0,11.0,7.0,5.0,2.0,1.0,0.0,0.0,0.0
2023/24,2023-12-29,Coventry,Swansea,2,2,D,1.0,1.0,D,21.0,12.0,5.0,4.0,14.0,11.0,12.0,4.0,1.0,4.0,0.0,0.0
2023/24,2023-12-29,Huddersfield,Middlesbrough,1,2,A,0.0,0.0,D,16.0,9.0,5.0,5.0,11.0,11.0,7.0,2.0,0.0,2.0,0.0,0.0
2023/24,2023-12-29,Hull,Blackburn,3,2,H,2.0,2.0,D,21.0,10.0,9.0,4.0,15.0,12.0,4.0,4.0,3.0,3.0,0.0,1.0
2023/24,2023-12-29,Ipswich,QPR,0,0,D,0.0,0.0,D,7.0,10.0,5.0,2.0,13.0,5.0,5.0,9.0,3.0,2.0,0.0,0.0
2023/24,2023-12-29,Millwall,Norwich,1,0,H,1.0,0.0,H,11.0,11.0,5.0,3.0,11.0,12.0,5.0,3.0,4.0,5.0,1.0,0.0
2023/24,2023-12-29,Preston,Sheffield Weds,0,1,A,0.0,1.0,A,9.0,6.0,2.0,3.0,10.0,11.0,3.0,0.0,4.0,2.0,0.0,1.0
2023/24,2023-12-29,Rotherham,Sunderland,1,1,D,0.0,0.0,D,13.0,10.0,4.0,3.0,10.0,9.0,4.0,8.0,2.0,1.0,0.0,0.0
2023/24,2023-12-29,Southampton,Plymouth,2,1,H,0.0,0.0,D,26.0,8.0,7.0,1.0,8.0,8.0,9.0,3.0,3.0,2.0,0.0,0.0
2023/24,2023-12-29,Watford,Stoke,1,1,D,1.0,1.0,D,13.0,14.0,6.0,4.0,7.0,10.0,5.0,4.0,4.0,1.0,1.0,0.0
2023/24,2023-12-29,West Brom,Leeds,1,0,H,1.0,0.0,H,13.0,15.0,3.0,1.0,8.0,10.0,11.0,8.0,1.0,1.0,0.0,0.0
2023/24,2024-01-01,Blackburn,Rotherham,2,2,D,1.0,1.0,D,18.0,13.0,9.0,4.0,5.0,11.0,5.0,5.0,0.0,1.0,0.0,0.0
2023/24,2024-01-01,Bristol City,Millwall,0,1,A,0.0,0.0,D,5.0,11.0,1.0,2.0,5.0,10.0,6.0,5.0,1.0,2.0,0.0,0.0
2023/24,2024-01-01,Leeds,Birmingham,3,0,H,2.0,0.0,H,21.0,8.0,11.0,1.0,10.0,14.0,6.0,3.0,0.0,2.0,0.0,0.0
2023/24,2024-01-01,Leicester,Huddersfield,4,1,H,1.0,0.0,H,19.0,12.0,6.0,4.0,5.0,9.0,3.0,4.0,0.0,1.0,0.0,0.0
2023/24,2024-01-01,Middlesbrough,Coventry,1,3,A,1.0,1.0,D,19.0,17.0,7.0,8.0,10.0,11.0,12.0,9.0,2.0,2.0,0.0,0.0
2023/24,2024-01-01,Norwich,Southampton,1,1,D,0.0,0.0,D,7.0,21.0,2.0,4.0,8.0,8.0,1.0,12.0,5.0,0.0,0.0,0.0
2023/24,2024-01-01,Plymouth,Watford,3,3,D,3.0,2.0,H,31.0,18.0,11.0,5.0,11.0,12.0,9.0,5.0,2.0,3.0,0.0,0.0
2023/24,2024-01-01,QPR,Cardiff,1,2,A,0.0,1.0,A,8.0,10.0,3.0,5.0,12.0,20.0,1.0,6.0,2.0,5.0,0.0,0.0
2023/24,2024-01-01,Sheffield Weds,Hull,3,1,H,0.0,0.0,D,23.0,5.0,6.0,1.0,13.0,13.0,10.0,4.0,3.0,4.0,0.0,1.0
2023/24,2024-01-01,Stoke,Ipswich,0,0,D,0.0,0.0,D,8.0,13.0,4.0,2.0,7.0,15.0,8.0,5.0,1.0,2.0,1.0,0.0
2023/24,2024-01-01,Sunderland,Preston,2,0,H,2.0,0.0,H,7.0,12.0,4.0,3.0,6.0,12.0,2.0,3.0,0.0,1.0,0.0,0.0
2023/24,2024-01-01,Swansea,West Brom,1,0,H,0.0,0.0,D,10.0,10.0,4.0,5.0,10.0,7.0,3.0,5.0,2.0,0.0,0.0,0.0
2023/24,2024-01-12,Hull,Norwich,1,2,A,0.0,1.0,A,19.0,9.0,5.0,4.0,12.0,14.0,9.0,2.0,2.0,4.0,0.0,0.0
2023/24,2024-01-13,Birmingham,Swansea,2,2,D,1.0,1.0,D,11.0,6.0,6.0,3.0,21.0,11.0,5.0,5.0,5.0,3.0,0.0,0.0
2023/24,2024-01-13,Cardiff,Leeds,0,3,A,0.0,2.0,A,9.0,15.0,1.0,7.0,5.0,7.0,5.0,4.0,1.0,1.0,0.0,0.0
2023/24,2024-01-13,Coventry,Leicester,3,1,H,0.0,1.0,A,14.0,8.0,6.0,4.0,12.0,14.0,7.0,1.0,5.0,3.0,0.0,1.0
2023/24,2024-01-13,Huddersfield,Plymouth,1,1,D,1.0,1.0,D,13.0,9.0,4.0,3.0,13.0,16.0,3.0,5.0,1.0,4.0,0.0,0.0
2023/24,2024-01-13,Ipswich,Sunderland,2,1,H,1.0,1.0,D,17.0,10.0,5.0,3.0,17.0,8.0,3.0,1.0,5.0,2.0,0.0,0.0
2023/24,2024-01-13,Millwall,Middlesbrough,1,3,A,1.0,1.0,D,15.0,14.0,5.0,6.0,9.0,10.0,5.0,4.0,3.0,1.0,0.0,0.0
2023/24,2024-01-13,Preston,Bristol City,2,0,H,0.0,0.0,D,12.0,15.0,7.0,6.0,13.0,7.0,8.0,6.0,1.0,2.0,0.0,0.0
2023/24,2024-01-13,Rotherham,Stoke,0,1,A,0.0,1.0,A,3.0,4.0,0.0,3.0,11.0,13.0,3.0,6.0,2.0,3.0,0.0,0.0
2023/24,2024-01-13,Southampton,Sheffield Weds,4,0,H,1.0,0.0,H,15.0,6.0,7.0,4.0,9.0,12.0,14.0,3.0,3.0,3.0,0.0,0.0
2023/24,2024-01-13,West Brom,Blackburn,4,1,H,3.0,0.0,H,16.0,12.0,8.0,3.0,8.0,9.0,6.0,3.0,2.0,0.0,0.0,0.0
2023/24,2024-01-14,QPR,Watford,1,2,A,0.0,0.0,D,16.0,9.0,7.0,2.0,17.0,13.0,8.0,4.0,3.0,3.0,0.0,0.0
2023/24,2024-01-19,Sunderland,Hull,0,1,A,0.0,0.0,D,15.0,2.0,3.0,2.0,12.0,17.0,12.0,1.0,2.0,7.0,0.0,0.0
2023/24,2024-01-20,Blackburn,Huddersfield,1,1,D,1.0,1.0,D,16.0,8.0,4.0,3.0,10.0,4.0,7.0,3.0,1.0,2.0,0.0,0.0
2023/24,2024-01-20,Bristol City,Watford,1,1,D,1.0,1.0,D,15.0,14.0,6.0,2.0,8.0,16.0,7.0,8.0,1.0,2.0,0.0,0.0
2023/24,2024-01-20,Middlesbrough,Rotherham,1,1,D,0.0,0.0,D,15.0,6.0,3.0,2.0,8.0,8.0,13.0,2.0,1.0,3.0,0.0,0.0
2023/24,2024-01-20,Norwich,West Brom,2,0,H,1.0,0.0,H,13.0,15.0,6.0,3.0,9.0,10.0,2.0,6.0,1.0,2.0,0.0,0.0
2023/24,2024-01-20,Plymouth,Cardiff,3,1,H,1.0,1.0,D,15.0,6.0,5.0,3.0,9.0,7.0,5.0,5.0,4.0,2.0,0.0,0.0
2023/24,2024-01-20,QPR,Millwall,2,0,H,1.0,0.0,H,12.0,2.0,5.0,1.0,10.0,8.0,2.0,3.0,0.0,2.0,0.0,0.0
2023/24,2024-01-20,Sheffield Weds,Coventry,1,2,A,0.0,1.0,A,11.0,16.0,5.0,6.0,14.0,11.0,6.0,7.0,4.0,5.0,0.0,0.0
2023/24,2024-01-20,Stoke,Birmingham,1,2,A,0.0,1.0,A,22.0,9.0,5.0,5.0,5.0,7.0,13.0,2.0,2.0,0.0,0.0,0.0
2023/24,2024-01-20,Swansea,Southampton,1,3,A,1.0,3.0,A,15.0,21.0,6.0,10.0,10.0,12.0,3.0,8.0,2.0,2.0,0.0,0.0
2023/24,2024-01-21,Leeds,Preston,2,1,H,1.0,1.0,D,20.0,8.0,6.0,2.0,12.0,18.0,9.0,3.0,4.0,6.0,0.0,0.0
2023/24,2024-01-22,Leicester,Ipswich,1,1,D,1.0,0.0,H,15.0,11.0,8.0,3.0,6.0,11.0,8.0,8.0,1.0,3.0,0.0,0.0
2023/24,2024-01-24,Leeds,Norwich,1,0,H,1.0,0.0,H,12.0,5.0,4.0,1.0,13.0,8.0,4.0,2.0,1.0,2.0,0.0,0.0
2023/24,2024-01-27,Millwall,Preston,1,1,D,1.0,1.0,D,17.0,11.0,8.0,4.0,19.0,6.0,8.0,3.0,3.0,3.0,0.0,0.0
2023/24,2024-01-27,Sunderland,Stoke,3,1,H,1.0,0.0,H,8.0,15.0,5.0,4.0,10.0,9.0,3.0,6.0,1.0,3.0,0.0,0.0
2023/24,2024-01-28,QPR,Huddersfield,1,1,D,0.0,0.0,D,7.0,13.0,4.0,3.0,15.0,16.0,4.0,10.0,4.0,3.0,0.0,0.0
2023/24,2024-01-30,Coventry,Bristol City,2,2,D,1.0,1.0,D,11.0,13.0,4.0,5.0,10.0,13.0,1.0,5.0,1.0,2.0,0.0,0.0
2023/24,2024-01-30,Leicester,Swansea,3,1,H,1.0,0.0,H,14.0,11.0,7.0,3.0,12.0,8.0,2.0,3.0,1.0,1.0,0.0,0.0
2023/24,2024-01-31,Sheffield Weds,Watford,0,0,D,0.0,0.0,D,19.0,10.0,5.0,2.0,8.0,13.0,5.0,5.0,4.0,3.0,0.0,0.0
2023/24,2024-02-02,Bristol City,Leeds,0,1,A,0.0,0.0,D,7.0,14.0,1.0,6.0,10.0,10.0,2.0,4.0,1.0,0.0,0.0,0.0
2023/24,2024-02-03,Blackburn,QPR,1,2,A,0.0,0.0,D,16.0,7.0,6.0,4.0,12.0,5.0,4.0,10.0,2.0,3.0,0.0,0.0
2023/24,2024-02-03,Huddersfield,Sheffield Weds,4,0,H,0.0,0.0,D,12.0,12.0,6.0,3.0,10.0,18.0,7.0,8.0,3.0,1.0,0.0,0.0
2023/24,2024-02-03,Hull,Millwall,1,0,H,1.0,0.0,H,9.0,5.0,2.0,1.0,15.0,19.0,4.0,4.0,3.0,2.0,0.0,0.0
2023/24,2024-02-03,Norwich,Coventry,2,1,H,0.0,0.0,D,21.0,8.0,5.0,5.0,11.0,9.0,5.0,2.0,2.0,1.0,0.0,1.0
2023/24,2024-02-03,Preston,Ipswich,3,2,H,3.0,0.0,H,10.0,25.0,3.0,9.0,13.0,8.0,6.0,3.0,0.0,0.0,0.0,0.0
2023/24,2024-02-03,Rotherham,Southampton,0,2,A,0.0,2.0,A,8.0,10.0,2.0,7.0,8.0,10.0,3.0,10.0,0.0,2.0,0.0,0.0
2023/24,2024-02-03,Stoke,Leicester,0,5,A,0.0,2.0,A,10.0,16.0,4.0,9.0,10.0,12.0,3.0,6.0,4.0,3.0,0.0,0.0
2023/24,2024-02-03,Swansea,Plymouth,0,1,A,0.0,1.0,A,20.0,9.0,4.0,3.0,12.0,14.0,8.0,2.0,2.0,3.0,0.0,0.0
2023/24,2024-02-03,Watford,Cardiff,0,1,A,0.0,1.0,A,17.0,10.0,6.0,2.0,16.0,6.0,10.0,2.0,3.0,3.0,0.0,0.0
2023/24,2024-02-03,West Brom,Birmingham,1,0,H,0.0,0.0,D,10.0,13.0,2.0,5.0,12.0,16.0,4.0,8.0,2.0,3.0,0.0,0.0
2023/24,2024-02-04,Middlesbrough,Sunderland,1,1,D,0.0,0.0,D,15.0,13.0,2.0,5.0,17.0,10.0,1.0,6.0,3.0,3.0,0.0,0.0
2023/24,2024-02-09,Sheffield Weds,Birmingham,2,0,H,1.0,0.0,H,13.0,25.0,3.0,4.0,14.0,10.0,1.0,7.0,3.0,1.0,0.0,0.0
2023/24,2024-02-10,Blackburn,Stoke,3,1,H,3.0,1.0,H,9.0,7.0,5.0,3.0,8.0,8.0,5.0,8.0,0.0,2.0,0.0,0.0
2023/24,2024-02-10,Cardiff,Preston,0,2,A,0.0,2.0,A,14.0,3.0,5.0,3.0,5.0,11.0,4.0,0.0,2.0,1.0,0.0,0.0
2023/24,2024-02-10,Hull,Swansea,0,1,A,0.0,1.0,A,9.0,13.0,3.0,5.0,7.0,10.0,2.0,4.0,1.0,3.0,0.0,0.0
2023/24,2024-02-10,Ipswich,West Brom,2,2,D,0.0,1.0,A,21.0,5.0,7.0,2.0,12.0,3.0,9.0,3.0,2.0,3.0,0.0,0.0
2023/24,2024-02-10,Leeds,Rotherham,3,0,H,1.0,0.0,H,19.0,7.0,6.0,2.0,13.0,11.0,5.0,3.0,0.0,2.0,0.0,0.0
2023/24,2024-02-10,Middlesbrough,Bristol City,1,2,A,0.0,2.0,A,16.0,12.0,6.0,7.0,11.0,11.0,7.0,1.0,1.0,0.0,0.0,0.0
2023/24,2024-02-10,QPR,Norwich,2,2,D,1.0,0.0,H,14.0,12.0,4.0,4.0,25.0,11.0,1.0,8.0,2.0,4.0,0.0,0.0
2023/24,2024-02-10,Southampton,Huddersfield,5,3,H,0.0,2.0,A,15.0,17.0,7.0,6.0,11.0,11.0,6.0,6.0,2.0,3.0,0.0,0.0
2023/24,2024-02-10,Sunderland,Plymouth,3,1,H,0.0,1.0,A,14.0,5.0,5.0,2.0,17.0,13.0,8.0,2.0,1.0,5.0,0.0,0.0
2023/24,2024-02-10,Watford,Leicester,1,2,A,0.0,1.0,A,13.0,6.0,3.0,3.0,11.0,15.0,8.0,1.0,2.0,3.0,0.0,0.0
2023/24,2024-02-11,Coventry,Millwall,2,1,H,0.0,1.0,A,15.0,8.0,5.0,4.0,9.0,14.0,8.0,3.0,0.0,1.0,0.0,0.0
2023/24,2024-02-13,Birmingham,Blackburn,1,0,H,0.0,0.0,D,18.0,8.0,3.0,3.0,9.0,16.0,6.0,4.0,2.0,3.0,0.0,0.0
2023/24,2024-02-13,Bristol City,Southampton,3,1,H,0.0,0.0,D,14.0,16.0,4.0,4.0,8.0,13.0,6.0,5.0,2.0,2.0,0.0,0.0
2023/24,2024-02-13,Leicester,Sheffield Weds,2,0,H,2.0,0.0,H,10.0,13.0,3.0,4.0,15.0,12.0,4.0,7.0,1.0,2.0,0.0,0.0
2023/24,2024-02-13,Norwich,Watford,4,2,H,2.0,1.0,H,14.0,11.0,6.0,3.0,13.0,11.0,4.0,4.0,3.0,2.0,0.0,0.0
2023/24,2024-02-13,Rotherham,Hull,1,2,A,1.0,0.0,H,11.0,20.0,6.0,8.0,13.0,6.0,4.0,9.0,2.0,1.0,0.0,0.0
2023/24,2024-02-13,Swansea,Leeds,0,4,A,0.0,3.0,A,7.0,13.0,1.0,8.0,11.0,10.0,5.0,2.0,3.0,1.0,0.0,0.0
2023/24,2024-02-13,West Brom,Cardiff,2,0,H,1.0,0.0,H,11.0,11.0,3.0,1.0,8.0,11.0,4.0,4.0,1.0,2.0,0.0,0.0
2023/24,2024-02-14,Huddersfield,Sunderland,1,0,H,1.0,0.0,H,12.0,12.0,6.0,5.0,14.0,15.0,6.0,10.0,2.0,4.0,0.0,0.0
2023/24,2024-02-14,Millwall,Ipswich,0,4,A,0.0,3.0,A,14.0,8.0,4.0,4.0,12.0,13.0,9.0,5.0,3.0,1.0,0.0,0.0
2023/24,2024-02-14,Plymouth,Coventry,2,2,D,0.0,0.0,D,13.0,17.0,4.0,7.0,8.0,19.0,1.0,9.0,1.0,3.0,0.0,0.0
2023/24,2024-02-14,Preston,Middlesbrough,2,1,H,1.0,0.0,H,7.0,20.0,3.0,4.0,10.0,10.0,2.0,7.0,2.0,1.0,0.0,0.0
2023/24,2024-02-14,Stoke,QPR,1,0,H,1.0,0.0,H,14.0,10.0,5.0,1.0,12.0,11.0,5.0,7.0,0.0,1.0,0.0,0.0
2023/24,2024-02-16,West Brom,Southampton,0,2,A,0.0,1.0,A,9.0,13.0,2.0,4.0,8.0,5.0,6.0,9.0,2.0,1.0,0.0,0.0
2023/24,2024-02-17,Birmingham,Sunderland,2,1,H,0.0,1.0,A,16.0,10.0,5.0,4.0,18.0,14.0,5.0,5.0,4.0,4.0,0.0,0.0
2023/24,2024-02-17,Bristol City,QPR,0,1,A,0.0,1.0,A,11.0,11.0,2.0,7.0,7.0,7.0,4.0,2.0,0.0,1.0,0.0,0.0
2023/24,2024-02-17,Huddersfield,Hull,1,2,A,0.0,1.0,A,16.0,9.0,3.0,3.0,11.0,8.0,11.0,3.0,3.0,1.0,0.0,0.0
2023/24,2024-02-17,Leicester,Middlesbrough,1,2,A,0.0,2.0,A,24.0,5.0,2.0,2.0,10.0,8.0,12.0,4.0,1.0,4.0,0.0,0.0
2023/24,2024-02-17,Millwall,Sheffield Weds,0,2,A,0.0,2.0,A,9.0,5.0,3.0,2.0,14.0,15.0,5.0,5.0,3.0,1.0,0.0,1.0
2023/24,2024-02-17,Norwich,Cardiff,4,1,H,2.0,1.0,H,23.0,9.0,8.0,3.0,7.0,13.0,8.0,0.0,0.0,3.0,0.0,0.0
2023/24,2024-02-17,Plymouth,Leeds,0,2,A,0.0,1.0,A,7.0,9.0,1.0,2.0,14.0,13.0,4.0,0.0,2.0,1.0,0.0,0.0
2023/24,2024-02-17,Preston,Blackburn,2,2,D,2.0,2.0,D,16.0,6.0,8.0,3.0,10.0,12.0,7.0,3.0,0.0,0.0,0.0,0.0
2023/24,2024-02-17,Rotherham,Watford,0,1,A,0.0,0.0,D,19.0,8.0,1.0,1.0,13.0,11.0,7.0,6.0,2.0,1.0,0.0,0.0
2023/24,2024-02-17,Stoke,Coventry,0,1,A,0.0,0.0,D,13.0,9.0,1.0,3.0,13.0,10.0,5.0,4.0,2.0,1.0,0.0,0.0
2023/24,2024-02-17,Swansea,Ipswich,1,2,A,1.0,2.0,A,15.0,15.0,3.0,6.0,5.0,13.0,9.0,6.0,1.0,1.0,0.0,0.0
2023/24,2024-02-20,Cardiff,Blackburn,0,0,D,0.0,0.0,D,11.0,4.0,5.0,1.0,10.0,12.0,4.0,1.0,2.0,3.0,0.0,0.0
2023/24,2024-02-20,Ipswich,Rotherham,4,3,H,3.0,1.0,H,11.0,13.0,7.0,5.0,16.0,16.0,2.0,6.0,1.0,2.0,0.0,0.0
2023/24,2024-02-20,Plymouth,West Brom,0,3,A,0.0,0.0,D,4.0,17.0,0.0,7.0,9.0,8.0,2.0,7.0,1.0,0.0,0.0,0.0
2023/24,2024-02-20,Southampton,Hull,1,2,A,0.0,2.0,A,15.0,17.0,3.0,5.0,9.0,13.0,4.0,2.0,1.0,2.0,0.0,0.0
2023/24,2024-02-23,Coventry,Preston,0,3,A,0.0,3.0,A,10.0,10.0,4.0,3.0,9.0,19.0,6.0,6.0,1.0,3.0,0.0,0.0
2023/24,2024-02-23,Leeds,Leicester,3,1,H,0.0,1.0,A,15.0,16.0,4.0,5.0,15.0,11.0,2.0,5.0,5.0,2.0,0.0,0.0
2023/24,2024-02-24,Blackburn,Norwich,1,1,D,0.0,1.0,A,10.0,7.0,5.0,3.0,14.0,6.0,6.0,6.0,2.0,2.0,0.0,0.0
2023/24,2024-02-24,Cardiff,Stoke,2,1,H,2.0,1.0,H,11.0,14.0,5.0,6.0,13.0,14.0,2.0,6.0,4.0,2.0,0.0,0.0
2023/24,2024-02-24,Hull,West Brom,1,1,D,1.0,1.0,D,9.0,11.0,3.0,4.0,10.0,11.0,8.0,3.0,0.0,0.0,0.0,0.0
2023/24,2024-02-24,Ipswich,Birmingham,3,1,H,1.0,1.0,D,26.0,11.0,9.0,4.0,11.0,14.0,7.0,5.0,3.0,1.0,0.0,0.0
2023/24,2024-02-24,Middlesbrough,Plymouth,0,2,A,0.0,2.0,A,11.0,22.0,0.0,11.0,12.0,10.0,6.0,6.0,1.0,1.0,0.0,0.0
2023/24,2024-02-24,QPR,Rotherham,2,1,H,0.0,1.0,A,18.0,14.0,9.0,4.0,9.0,17.0,9.0,0.0,4.0,1.0,0.0,0.0
2023/24,2024-02-24,Sheffield Weds,Bristol City,2,1,H,2.0,1.0,H,15.0,12.0,7.0,2.0,8.0,7.0,4.0,6.0,1.0,3.0,1.0,0.0
2023/24,2024-02-24,Southampton,Millwall,1,2,A,1.0,2.0,A,14.0,8.0,7.0,3.0,9.0,8.0,13.0,1.0,4.0,3.0,0.0,0.0
2023/24,2024-02-24,Sunderland,Swansea,1,2,A,0.0,2.0,A,13.0,13.0,5.0,8.0,8.0,15.0,4.0,11.0,1.0,4.0,0.0,0.0
2023/24,2024-02-24,Watford,Huddersfield,1,2,A,0.0,0.0,D,12.0,11.0,4.0,5.0,16.0,12.0,3.0,5.0,2.0,2.0,0.0,0.0
2023/24,2024-03-01,West Brom,Coventry,2,1,H,2.0,0.0,H,7.0,17.0,2.0,3.0,10.0,12.0,4.0,4.0,2.0,1.0,0.0,0.0
2023/24,2024-03-02,Birmingham,Southampton,3,4,A,2.0,1.0,H,13.0,25.0,4.0,10.0,11.0,7.0,6.0,16.0,3.0,1.0,1.0,0.0
2023/24,2024-03-02,Bristol City,Cardiff,0,1,A,0.0,0.0,D,17.0,9.0,3.0,4.0,7.0,14.0,8.0,3.0,2.0,2.0,0.0,0.0
2023/24,2024-03-02,Huddersfield,Leeds,1,1,D,1.0,0.0,H,12.0,15.0,5.0,2.0,10.0,13.0,8.0,8.0,3.0,1.0,1.0,0.0
2023/24,2024-03-02,Leicester,QPR,1,2,A,0.0,1.0,A,18.0,3.0,5.0,2.0,7.0,11.0,9.0,0.0,2.0,3.0,0.0,0.0
2023/24,2024-03-02,Millwall,Watford,1,0,H,1.0,0.0,H,6.0,12.0,2.0,3.0,12.0,14.0,4.0,3.0,3.0,1.0,0.0,0.0
2023/24,2024-03-02,Norwich,Sunderland,1,0,H,0.0,0.0,D,16.0,12.0,4.0,4.0,13.0,11.0,5.0,2.0,2.0,3.0,0.0,0.0
2023/24,2024-03-02,Plymouth,Ipswich,0,2,A,0.0,0.0,D,9.0,14.0,2.0,6.0,11.0,22.0,5.0,7.0,1.0,3.0,0.0,0.0
2023/24,2024-03-02,Preston,Hull,0,0,D,0.0,0.0,D,16.0,15.0,4.0,4.0,12.0,6.0,8.0,8.0,1.0,1.0,0.0,0.0
2023/24,2024-03-02,Rotherham,Sheffield Weds,0,1,A,0.0,0.0,D,7.0,17.0,1.0,4.0,16.0,14.0,2.0,10.0,1.0,2.0,0.0,0.0
2023/24,2024-03-02,Stoke,Middlesbrough,2,0,H,1.0,0.0,H,11.0,10.0,5.0,3.0,16.0,5.0,6.0,3.0,3.0,1.0,0.0,0.0
2023/24,2024-03-02,Swansea,Blackburn,2,1,H,2.0,0.0,H,7.0,10.0,4.0,5.0,10.0,12.0,6.0,6.0,1.0,2.0,0.0,0.0
2023/24,2024-03-05,Blackburn,Millwall,1,1,D,0.0,0.0,D,11.0,3.0,3.0,1.0,10.0,11.0,4.0,2.0,0.0,1.0,0.0,0.0
2023/24,2024-03-05,Coventry,Rotherham,5,0,H,4.0,0.0,H,16.0,7.0,6.0,1.0,10.0,19.0,4.0,5.0,0.0,1.0,0.0,0.0
2023/24,2024-03-05,Hull,Birmingham,1,1,D,1.0,0.0,H,22.0,8.0,5.0,3.0,7.0,8.0,10.0,2.0,1.0,3.0,0.0,0.0
2023/24,2024-03-05,Ipswich,Bristol City,3,2,H,0.0,0.0,D,14.0,11.0,8.0,4.0,6.0,15.0,4.0,5.0,1.0,3.0,0.0,0.0
2023/24,2024-03-05,Leeds,Stoke,1,0,H,1.0,0.0,H,15.0,13.0,7.0,6.0,7.0,13.0,8.0,2.0,1.0,1.0,0.0,1.0
2023/24,2024-03-05,Sheffield Weds,Plymouth,1,0,H,0.0,0.0,D,18.0,13.0,3.0,3.0,12.0,13.0,8.0,2.0,1.0,2.0,0.0,0.0
2023/24,2024-03-05,Sunderland,Leicester,0,1,A,0.0,1.0,A,17.0,10.0,6.0,6.0,12.0,19.0,6.0,5.0,1.0,3.0,0.0,0.0
2023/24,2024-03-06,Cardiff,Huddersfield,1,0,H,1.0,0.0,H,8.0,11.0,4.0,2.0,10.0,11.0,3.0,3.0,4.0,1.0,0.0,0.0
2023/24,2024-03-06,Middlesbrough,Norwich,3,1,H,2.0,1.0,H,15.0,6.0,7.0,3.0,8.0,9.0,2.0,2.0,1.0,1.0,0.0,1.0
2023/24,2024-03-06,QPR,West Brom,2,2,D,1.0,2.0,A,20.0,4.0,6.0,2.0,7.0,5.0,19.0,4.0,0.0,1.0,0.0,0.0
2023/24,2024-03-06,Watford,Swansea,1,1,D,0.0,1.0,A,19.0,11.0,3.0,2.0,18.0,10.0,9.0,3.0,4.0,2.0,0.0,0.0
2023/24,2024-03-08,Sheffield Weds,Leeds,0,2,A,0.0,1.0,A,9.0,13.0,3.0,7.0,16.0,9.0,8.0,5.0,1.0,1.0,0.0,0.0
2023/24,2024-03-09,Blackburn,Plymouth,1,1,D,1.0,0.0,H,8.0,20.0,4.0,7.0,13.0,10.0,1.0,5.0,2.0,1.0,1.0,0.0
2023/24,2024-03-09,Cardiff,Ipswich,2,1,H,0.0,0.0,D,15.0,8.0,6.0,4.0,5.0,8.0,4.0,2.0,0.0,1.0,0.0,0.0
2023/24,2024-03-09,Hull,Leicester,2,2,D,1.0,1.0,D,8.0,15.0,5.0,2.0,15.0,13.0,1.0,3.0,2.0,2.0,0.0,0.0
2023/24,2024-03-09,Millwall,Birmingham,1,0,H,0.0,0.0,D,12.0,16.0,5.0,1.0,17.0,10.0,4.0,4.0,2.0,1.0,0.0,0.0
2023/24,2024-03-09,Norwich,Rotherham,5,0,H,4.0,0.0,H,18.0,2.0,8.0,0.0,9.0,12.0,4.0,3.0,1.0,0.0,0.0,0.0
2023/24,2024-03-09,Preston,Stoke,1,2,A,0.0,0.0,D,4.0,13.0,2.0,4.0,10.0,10.0,0.0,6.0,2.0,2.0,0.0,0.0
2023/24,2024-03-09,QPR,Middlesbrough,0,2,A,0.0,0.0,D,10.0,7.0,2.0,4.0,11.0,7.0,10.0,3.0,2.0,5.0,0.0,0.0
2023/24,2024-03-09,Southampton,Sunderland,4,2,H,2.0,0.0,H,21.0,13.0,10.0,5.0,13.0,15.0,6.0,2.0,2.0,3.0,0.0,0.0
2023/24,2024-03-09,Watford,Coventry,1,2,A,1.0,1.0,D,19.0,8.0,5.0,3.0,12.0,12.0,5.0,4.0,1.0,5.0,0.0,0.0
2023/24,2024-03-10,Bristol City,Swansea,1,0,H,0.0,0.0,D,5.0,8.0,2.0,0.0,14.0,4.0,3.0,6.0,2.0,1.0,0.0,0.0
2023/24,2024-03-10,Huddersfield,West Brom,1,4,A,1.0,0.0,H,14.0,12.0,6.0,8.0,9.0,11.0,5.0,5.0,1.0,1.0,0.0,0.0
2023/24,2024-03-12,Birmingham,Middlesbrough,0,1,A,0.0,1.0,A,9.0,12.0,0.0,3.0,9.0,6.0,3.0,4.0,0.0,2.0,0.0,0.0
2023/24,2024-03-16,Birmingham,Watford,0,1,A,0.0,1.0,A,27.0,14.0,5.0,4.0,11.0,12.0,7.0,6.0,0.0,3.0,0.0,0.0
2023/24,2024-03-16,Ipswich,Sheffield Weds,6,0,H,3.0,0.0,H,20.0,9.0,10.0,1.0,12.0,8.0,10.0,4.0,1.0,2.0,0.0,0.0
2023/24,2024-03-16,Middlesbrough,Blackburn,0,0,D,0.0,0.0,D,16.0,12.0,3.0,3.0,10.0,9.0,8.0,5.0,3.0,3.0,0.0,0.0
2023/24,2024-03-16,Plymouth,Preston,0,1,A,0.0,1.0,A,9.0,9.0,0.0,4.0,11.0,22.0,6.0,5.0,2.0,2.0,0.0,0.0
2023/24,2024-03-16,Rotherham,Huddersfield,0,0,D,0.0,0.0,D,7.0,18.0,1.0,5.0,13.0,12.0,1.0,6.0,2.0,2.0,0.0,1.0
2023/24,2024-03-16,Stoke,Norwich,0,3,A,0.0,2.0,A,10.0,16.0,1.0,7.0,12.0,7.0,7.0,6.0,1.0,0.0,0.0,0.0
2023/24,2024-03-16,Sunderland,QPR,0,0,D,0.0,0.0,D,8.0,11.0,0.0,5.0,10.0,16.0,5.0,7.0,1.0,2.0,0.0,0.0
2023/24,2024-03-16,Swansea,Cardiff,2,0,H,1.0,0.0,H,20.0,11.0,5.0,2.0,12.0,11.0,10.0,5.0,2.0,1.0,0.0,0.0
2023/24,2024-03-16,West Brom,Bristol City,2,0,H,1.0,0.0,H,12.0,10.0,4.0,5.0,6.0,14.0,3.0,7.0,4.0,2.0,0.0,0.0
2023/24,2024-03-17,Leeds,Millwall,2,0,H,1.0,0.0,H,17.0,12.0,5.0,3.0,9.0,21.0,13.0,2.0,3.0,4.0,0.0,0.0
2023/24,2024-03-29,Blackburn,Ipswich,0,1,A,0.0,1.0,A,8.0,11.0,3.0,3.0,13.0,13.0,9.0,2.0,2.0,3.0,0.0,0.0
2023/24,2024-03-29,Bristol City,Leicester,1,0,H,0.0,0.0,D,16.0,11.0,6.0,3.0,12.0,13.0,5.0,6.0,2.0,0.0,0.0,0.0
2023/24,2024-03-29,Cardiff,Sunderland,0,2,A,0.0,2.0,A,8.0,18.0,3.0,8.0,12.0,11.0,5.0,6.0,2.0,1.0,0.0,0.0
2023/24,2024-03-29,Huddersfield,Coventry,1,3,A,0.0,2.0,A,15.0,12.0,4.0,7.0,13.0,18.0,10.0,4.0,1.0,4.0,0.0,0.0
2023/24,2024-03-29,Hull,Stoke,0,2,A,0.0,0.0,D,11.0,17.0,0.0,4.0,6.0,13.0,8.0,5.0,0.0,4.0,0.0,0.0
2023/24,2024-03-29,Millwall,West Brom,1,1,D,1.0,0.0,H,9.0,6.0,2.0,2.0,9.0,9.0,6.0,4.0,1.0,2.0,0.0,0.0
2023/24,2024-03-29,Norwich,Plymouth,2,1,H,0.0,1.0,A,23.0,9.0,4.0,4.0,11.0,12.0,13.0,3.0,0.0,7.0,0.0,0.0
2023/24,2024-03-29,Preston,Rotherham,3,0,H,3.0,0.0,H,18.0,7.0,5.0,3.0,13.0,13.0,2.0,2.0,2.0,2.0,0.0,0.0
2023/24,2024-03-29,QPR,Birmingham,2,1,H,0.0,0.0,D,18.0,13.0,6.0,3.0,11.0,12.0,6.0,2.0,2.0,2.0,0.0,0.0
2023/24,2024-03-29,Sheffield Weds,Swansea,1,1,D,1.0,0.0,H,14.0,8.0,4.0,4.0,10.0,8.0,3.0,4.0,1.0,1.0,0.0,0.0
2023/24,2024-03-29,Southampton,Middlesbrough,1,1,D,1.0,0.0,H,13.0,8.0,5.0,3.0,5.0,14.0,8.0,5.0,2.0,4.0,0.0,0.0
2023/24,2024-03-29,Watford,Leeds,2,2,D,2.0,1.0,H,9.0,12.0,5.0,8.0,15.0,5.0,8.0,5.0,0.0,0.0,0.0,0.0
2023/24,2024-04-01,Birmingham,Preston,1,0,H,0.0,0.0,D,11.0,4.0,4.0,1.0,7.0,9.0,0.0,0.0,1.0,1.0,0.0,0.0
2023/24,2024-04-01,Coventry,Cardiff,1,2,A,1.0,1.0,D,14.0,10.0,2.0,4.0,7.0,9.0,6.0,3.0,1.0,2.0,0.0,0.0
2023/24,2024-04-01,Ipswich,Southampton,3,2,H,1.0,2.0,A,13.0,17.0,6.0,8.0,14.0,12.0,0.0,7.0,3.0,1.0,0.0,1.0
2023/24,2024-04-01,Leeds,Hull,3,1,H,1.0,1.0,D,14.0,11.0,6.0,2.0,19.0,13.0,4.0,3.0,2.0,2.0,0.0,0.0
2023/24,2024-04-01,Leicester,Norwich,3,1,H,1.0,1.0,D,18.0,6.0,6.0,2.0,13.0,8.0,9.0,2.0,1.0,1.0,0.0,0.0
2023/24,2024-04-01,Middlesbrough,Sheffield Weds,2,0,H,1.0,0.0,H,23.0,6.0,5.0,2.0,7.0,11.0,11.0,5.0,1.0,4.0,0.0,0.0
2023/24,2024-04-01,Plymouth,Bristol City,0,1,A,0.0,0.0,D,12.0,14.0,2.0,6.0,14.0,12.0,9.0,6.0,2.0,3.0,1.0,0.0
2023/24,2024-04-01,Rotherham,Millwall,2,1,H,0.0,0.0,D,5.0,21.0,4.0,7.0,11.0,10.0,2.0,11.0,2.0,0.0,0.0,0.0
2023/24,2024-04-01,Stoke,Huddersfield,1,1,D,0.0,1.0,A,15.0,12.0,6.0,3.0,14.0,13.0,6.0,7.0,3.0,1.0,0.0,0.0
2023/24,2024-04-01,Sunderland,Blackburn,1,5,A,0.0,2.0,A,13.0,13.0,7.0,7.0,10.0,12.0,3.0,3.0,0.0,0.0,0.0,0.0
2023/24,2024-04-01,Swansea,QPR,0,1,A,0.0,0.0,D,15.0,10.0,4.0,4.0,9.0,10.0,7.0,4.0,0.0,0.0,0.0,0.0
2023/24,2024-04-01,West Brom,Watford,2,2,D,0.0,0.0,D,10.0,12.0,4.0,7.0,6.0,13.0,7.0,3.0,0.0,1.0,0.0,0.0
2023/24,2024-04-05,Rotherham,Plymouth,0,1,A,0.0,1.0,A,11.0,21.0,2.0,11.0,9.0,11.0,4.0,9.0,0.0,0.0,0.0,0.0
2023/24,2024-04-06,Blackburn,Southampton,0,0,D,0.0,0.0,D,11.0,7.0,3.0,2.0,17.0,8.0,1.0,5.0,3.0,2.0,0.0,0.0
2023/24,2024-04-06,Cardiff,Hull,1,3,A,0.0,2.0,A,13.0,11.0,4.0,6.0,11.0,7.0,5.0,6.0,1.0,3.0,0.0,0.0
2023/24,2024-04-06,Coventry,Leeds,2,1,H,1.0,0.0,H,11.0,19.0,5.0,8.0,13.0,3.0,2.0,9.0,4.0,2.0,0.0,0.0
2023/24,2024-04-06,Huddersfield,Millwall,1,0,H,0.0,0.0,D,17.0,6.0,7.0,1.0,7.0,21.0,10.0,3.0,4.0,4.0,0.0,0.0
2023/24,2024-04-06,Leicester,Birmingham,2,1,H,1.0,1.0,D,17.0,11.0,9.0,5.0,7.0,11.0,10.0,0.0,2.0,2.0,0.0,0.0
2023/24,2024-04-06,Middlesbrough,Swansea,2,0,H,1.0,0.0,H,12.0,7.0,4.0,1.0,16.0,16.0,4.0,6.0,2.0,2.0,0.0,0.0
2023/24,2024-04-06,Norwich,Ipswich,1,0,H,1.0,0.0,H,12.0,10.0,3.0,3.0,10.0,16.0,4.0,6.0,0.0,1.0,0.0,0.0
2023/24,2024-04-06,QPR,Sheffield Weds,0,2,A,0.0,0.0,D,16.0,7.0,1.0,4.0,13.0,10.0,5.0,2.0,3.0,3.0,0.0,0.0
2023/24,2024-04-06,Stoke,West Brom,2,2,D,0.0,1.0,A,18.0,9.0,7.0,2.0,8.0,8.0,5.0,7.0,2.0,2.0,0.0,0.0
2023/24,2024-04-06,Sunderland,Bristol City,0,0,D,0.0,0.0,D,20.0,8.0,7.0,2.0,12.0,10.0,4.0,4.0,1.0,1.0,0.0,0.0
2023/24,2024-04-06,Watford,Preston,0,0,D,0.0,0.0,D,11.0,9.0,2.0,1.0,6.0,13.0,7.0,5.0,2.0,1.0,0.0,0.0
2023/24,2024-04-09,Leeds,Sunderland,0,0,D,0.0,0.0,D,12.0,6.0,1.0,3.0,10.0,13.0,13.0,2.0,2.0,4.0,0.0,0.0
2023/24,2024-04-09,Millwall,Leicester,1,0,H,0.0,0.0,D,6.0,11.0,4.0,3.0,11.0,6.0,3.0,9.0,3.0,1.0,0.0,0.0
2023/24,2024-04-09,Plymouth,QPR,1,1,D,0.0,0.0,D,13.0,14.0,5.0,4.0,12.0,12.0,10.0,4.0,0.0,2.0,0.0,0.0
2023/24,2024-04-09,Preston,Huddersfield,4,1,H,0.0,1.0,A,14.0,8.0,7.0,2.0,10.0,13.0,8.0,2.0,3.0,2.0,0.0,0.0
2023/24,2024-04-09,Sheffield Weds,Norwich,2,2,D,0.0,2.0,A,11.0,13.0,5.0,6.0,15.0,9.0,10.0,3.0,2.0,1.0,0.0,0.0
2023/24,2024-04-09,Southampton,Coventry,2,1,H,2.0,0.0,H,13.0,9.0,6.0,2.0,15.0,15.0,6.0,8.0,1.0,2.0,0.0,0.0
2023/24,2024-04-10,Birmingham,Cardiff,0,1,A,0.0,0.0,D,12.0,12.0,1.0,4.0,15.0,10.0,5.0,4.0,1.0,3.0,0.0,0.0
2023/24,2024-04-10,Bristol City,Blackburn,5,0,H,2.0,0.0,H,15.0,9.0,7.0,4.0,7.0,15.0,6.0,8.0,0.0,2.0,0.0,0.0
2023/24,2024-04-10,Hull,Middlesbrough,2,2,D,2.0,1.0,H,18.0,13.0,7.0,6.0,8.0,7.0,9.0,3.0,3.0,0.0,0.0,0.0
2023/24,2024-04-10,Ipswich,Watford,0,0,D,0.0,0.0,D,15.0,10.0,4.0,3.0,13.0,16.0,3.0,4.0,2.0,1.0,0.0,0.0
2023/24,2024-04-10,Swansea,Stoke,3,0,H,1.0,0.0,H,12.0,10.0,4.0,1.0,15.0,16.0,2.0,6.0,3.0,3.0,0.0,0.0
2023/24,2024-04-10,West Brom,Rotherham,2,0,H,2.0,0.0,H,11.0,12.0,4.0,1.0,4.0,9.0,4.0,5.0,0.0,1.0,0.0,0.0
2023/24,2024-04-12,Plymouth,Leicester,1,0,H,1.0,0.0,H,5.0,17.0,3.0,4.0,12.0,12.0,0.0,13.0,5.0,2.0,0.0,0.0
2023/24,2024-04-13,Birmingham,Coventry,3,0,H,2.0,0.0,H,15.0,12.0,4.0,2.0,13.0,12.0,3.0,6.0,3.0,2.0,0.0,0.0
2023/24,2024-04-13,Bristol City,Huddersfield,1,1,D,0.0,0.0,D,9.0,13.0,3.0,4.0,7.0,18.0,12.0,4.0,1.0,6.0,0.0,0.0
2023/24,2024-04-13,Hull,QPR,3,0,H,2.0,0.0,H,7.0,11.0,5.0,3.0,12.0,17.0,4.0,4.0,2.0,1.0,0.0,0.0
2023/24,2024-04-13,Ipswich,Middlesbrough,1,1,D,1.0,1.0,D,21.0,11.0,5.0,5.0,11.0,6.0,6.0,4.0,2.0,2.0,0.0,0.0
2023/24,2024-04-13,Leeds,Blackburn,0,1,A,0.0,0.0,D,19.0,3.0,5.0,2.0,5.0,15.0,12.0,1.0,1.0,4.0,0.0,0.0
2023/24,2024-04-13,Millwall,Cardiff,3,1,H,2.0,1.0,H,15.0,7.0,7.0,4.0,10.0,7.0,6.0,4.0,3.0,1.0,0.0,0.0
2023/24,2024-04-13,Preston,Norwich,0,1,A,0.0,0.0,D,12.0,15.0,2.0,5.0,11.0,9.0,5.0,6.0,3.0,1.0,0.0,0.0
2023/24,2024-04-13,Sheffield Weds,Stoke,1,1,D,0.0,0.0,D,15.0,8.0,5.0,2.0,9.0,20.0,8.0,1.0,1.0,4.0,0.0,0.0
2023/24,2024-04-13,Southampton,Watford,3,2,H,2.0,1.0,H,13.0,12.0,4.0,6.0,6.0,15.0,6.0,3.0,1.0,3.0,0.0,0.0
2023/24,2024-04-13,Swansea,Rotherham,1,0,H,0.0,0.0,D,16.0,4.0,6.0,0.0,10.0,9.0,12.0,0.0,3.0,2.0,0.0,0.0
2023/24,2024-04-13,West Brom,Sunderland,0,1,A,0.0,1.0,A,8.0,9.0,3.0,3.0,15.0,12.0,1.0,5.0,3.0,3.0,1.0,0.0
2023/24,2024-04-16,Southampton,Preston,3,0,H,3.0,0.0,H,23.0,1.0,6.0,1.0,7.0,12.0,5.0,0.0,0.0,2.0,0.0,0.0
2023/24,2024-04-20,Cardiff,Southampton,2,1,H,0.0,1.0,A,12.0,21.0,7.0,8.0,12.0,8.0,4.0,5.0,1.0,3.0,0.0,0.0
2023/24,2024-04-20,Huddersfield,Swansea,0,4,A,0.0,0.0,D,9.0,19.0,0.0,7.0,15.0,10.0,4.0,7.0,2.0,1.0,0.0,0.0
2023/24,2024-04-20,Leicester,West Brom,2,1,H,1.0,0.0,H,11.0,18.0,3.0,6.0,15.0,13.0,4.0,6.0,3.0,2.0,0.0,0.0
2023/24,2024-04-20,Norwich,Bristol City,1,1,D,0.0,0.0,D,10.0,13.0,3.0,5.0,13.0,9.0,8.0,5.0,1.0,2.0,0.0,0.0
2023/24,2024-04-20,QPR,Preston,1,0,H,1.0,0.0,H,18.0,10.0,7.0,2.0,9.0,16.0,5.0,3.0,2.0,4.0,0.0,0.0
2023/24,2024-04-20,Rotherham,Birmingham,0,0,D,0.0,0.0,D,11.0,6.0,4.0,2.0,16.0,11.0,7.0,6.0,4.0,2.0,0.0,0.0
2023/24,2024-04-20,Stoke,Plymouth,3,0,H,2.0,0.0,H,23.0,8.0,4.0,1.0,14.0,11.0,7.0,3.0,3.0,4.0,0.0,0.0
2023/24,2024-04-20,Sunderland,Millwall,0,1,A,0.0,0.0,D,13.0,4.0,3.0,1.0,11.0,9.0,11.0,4.0,3.0,2.0,0.0,0.0
2023/24,2024-04-20,Watford,Hull,0,0,D,0.0,0.0,D,17.0,13.0,2.0,6.0,19.0,13.0,1.0,5.0,4.0,4.0,0.0,0.0
2023/24,2024-04-21,Blackburn,Sheffield Weds,1,3,A,1.0,1.0,D,8.0,11.0,3.0,5.0,9.0,12.0,6.0,2.0,3.0,3.0,0.0,0.0
2023/24,2024-04-22,Middlesbrough,Leeds,3,4,A,2.0,3.0,A,13.0,8.0,5.0,5.0,14.0,11.0,11.0,4.0,3.0,1.0,0.0,0.0
2023/24,2024-04-23,Leicester,Southampton,5,0,H,1.0,0.0,H,17.0,7.0,6.0,0.0,20.0,7.0,1.0,4.0,1.0,0.0,0.0,0.0
2023/24,2024-04-24,Coventry,Hull,2,3,A,1.0,2.0,A,7.0,14.0,3.0,8.0,7.0,13.0,4.0,8.0,2.0,4.0,0.0,0.0
2023/24,2024-04-26,QPR,Leeds,4,0,H,2.0,0.0,H,11.0,15.0,5.0,5.0,9.0,14.0,7.0,8.0,1.0,2.0,0.0,0.0
2023/24,2024-04-27,Blackburn,Coventry,0,0,D,0.0,0.0,D,30.0,6.0,8.0,1.0,10.0,9.0,10.0,2.0,0.0,1.0,0.0,1.0
2023/24,2024-04-27,Bristol City,Rotherham,2,0,H,1.0,0.0,H,13.0,6.0,5.0,2.0,5.0,10.0,4.0,3.0,1.0,2.0,0.0,0.0
2023/24,2024-04-27,Cardiff,Middlesbrough,1,4,A,0.0,1.0,A,15.0,12.0,4.0,7.0,7.0,10.0,4.0,1.0,0.0,0.0,0.0,0.0
2023/24,2024-04-27,Huddersfield,Birmingham,1,1,D,0.0,1.0,A,12.0,12.0,4.0,2.0,7.0,19.0,9.0,5.0,1.0,4.0,0.0,0.0
2023/24,2024-04-27,Hull,Ipswich,3,3,D,1.0,2.0,A,14.0,21.0,7.0,11.0,13.0,14.0,6.0,8.0,1.0,3.0,0.0,0.0
2023/24,2024-04-27,Millwall,Plymouth,1,0,H,0.0,0.0,D,11.0,9.0,5.0,1.0,9.0,8.0,9.0,9.0,0.0,0.0,0.0,0.0
2023/24,2024-04-27,Norwich,Swansea,2,2,D,2.0,1.0,H,27.0,13.0,8.0,6.0,13.0,7.0,12.0,6.0,3.0,2.0,0.0,0.0
2023/24,2024-04-27,Sheffield Weds,West Brom,3,0,H,1.0,0.0,H,13.0,22.0,7.0,8.0,7.0,6.0,6.0,12.0,3.0,1.0,0.0,0.0
2023/24,2024-04-27,Southampton,Stoke,0,1,A,0.0,1.0,A,14.0,15.0,3.0,8.0,4.0,14.0,8.0,7.0,2.0,1.0,0.0,0.0
2023/24,2024-04-27,Watford,Sunderland,1,0,H,0.0,0.0,D,10.0,11.0,3.0,6.0,11.0,9.0,3.0,3.0,2.0,1.0,0.0,0.0
2023/24,2024-04-29,Preston,Leicester,0,3,A,0.0,1.0,A,5.0,19.0,1.0,11.0,9.0,7.0,1.0,5.0,4.0,0.0,0.0,0.0
2023/24,2024-04-30,Coventry,Ipswich,1,2,A,0.0,1.0,A,13.0,14.0,3.0,9.0,10.0,13.0,7.0,6.0,1.0,1.0,0.0,0.0
2023/24,2024-05-04,Birmingham,Norwich,1,0,H,0.0,0.0,D,12.0,5.0,3.0,2.0,10.0,8.0,6.0,3.0,2.0,0.0,0.0,0.0
2023/24,2024-05-04,Coventry,QPR,1,2,A,0.0,2.0,A,19.0,7.0,6.0,4.0,13.0,11.0,10.0,5.0,2.0,3.0,0.0,0.0
2023/24,2024-05-04,Ipswich,Huddersfield,2,0,H,1.0,0.0,H,24.0,5.0,5.0,2.0,9.0,12.0,8.0,0.0,1.0,1.0,0.0,0.0
2023/24,2024-05-04,Leeds,Southampton,1,2,A,1.0,2.0,A,11.0,11.0,4.0,4.0,18.0,17.0,5.0,2.0,4.0,2.0,0.0,0.0
2023/24,2024-05-04,Leicester,Blackburn,0,2,A,0.0,0.0,D,14.0,9.0,7.0,2.0,5.0,7.0,7.0,4.0,2.0,2.0,0.0,0.0
2023/24,2024-05-04,Middlesbrough,Watford,3,1,H,1.0,0.0,H,14.0,14.0,6.0,4.0,9.0,5.0,3.0,3.0,1.0,1.0,0.0,0.0
2023/24,2024-05-04,Plymouth,Hull,1,0,H,1.0,0.0,H,11.0,11.0,2.0,4.0,6.0,8.0,6.0,8.0,0.0,0.0,0.0,0.0
2023/24,2024-05-04,Rotherham,Cardiff,5,2,H,2.0,1.0,H,16.0,20.0,7.0,5.0,9.0,6.0,4.0,6.0,1.0,0.0,0.0,0.0
2023/24,2024-05-04,Stoke,Bristol City,4,0,H,3.0,0.0,H,20.0,7.0,7.0,2.0,11.0,5.0,5.0,6.0,0.0,0.0,0.0,0.0
2023/24,2024-05-04,Sunderland,Sheffield Weds,0,2,A,0.0,2.0,A,18.0,12.0,3.0,2.0,4.0,19.0,6.0,5.0,1.0,1.0,0.0,0.0
2023/24,2024-05-04,Swansea,Millwall,0,1,A,0.0,0.0,D,9.0,12.0,2.0,4.0,3.0,9.0,4.0,5.0,0.0,2.0,1.0,1.0
2023/24,2024-05-04,West Brom,Preston,3,0,H,1.0,0.0,H,16.0,5.0,5.0,1.0,8.0,15.0,5.0,1.0,0.0,1.0,0.0,0.0
2024/25,2024-08-09,Blackburn,Derby,4,2,H,1.0,0.0,H,11.0,12.0,7.0,4.0,9.0,10.0,1.0,9.0,1.0,3.0,0.0,0.0
2024/25,2024-08-09,Preston,Sheffield United,0,2,A,0.0,1.0,A,12.0,11.0,2.0,3.0,11.0,14.0,3.0,6.0,1.0,0.0,0.0,0.0
2024/25,2024-08-10,Cardiff,Sunderland,0,2,A,0.0,1.0,A,12.0,11.0,4.0,4.0,10.0,8.0,4.0,4.0,0.0,2.0,0.0,0.0
2024/25,2024-08-10,Hull,Bristol City,1,1,D,0.0,0.0,D,11.0,15.0,5.0,3.0,10.0,13.0,2.0,8.0,0.0,2.0,0.0,0.0
2024/25,2024-08-10,Leeds,Portsmouth,3,3,D,1.0,2.0,A,22.0,5.0,10.0,4.0,19.0,21.0,12.0,0.0,2.0,4.0,0.0,0.0
2024/25,2024-08-10,Middlesbrough,Swansea,1,0,H,1.0,0.0,H,18.0,5.0,4.0,0.0,14.0,12.0,6.0,9.0,1.0,4.0,0.0,0.0
2024/25,2024-08-10,Millwall,Watford,2,3,A,0.0,1.0,A,16.0,10.0,4.0,5.0,11.0,15.0,5.0,5.0,2.0,3.0,0.0,0.0
2024/25,2024-08-10,Oxford,Norwich,2,0,H,1.0,0.0,H,12.0,10.0,4.0,2.0,4.0,14.0,5.0,5.0,1.0,3.0,0.0,0.0
2024/25,2024-08-10,QPR,West Brom,1,3,A,1.0,1.0,D,11.0,7.0,6.0,4.0,7.0,7.0,12.0,3.0,1.0,0.0,0.0,0.0
2024/25,2024-08-10,Stoke,Coventry,1,0,H,0.0,0.0,D,11.0,8.0,2.0,1.0,7.0,9.0,9.0,7.0,2.0,1.0,0.0,0.0
2024/25,2024-08-11,Sheffield Weds,Plymouth,4,0,H,1.0,0.0,H,31.0,5.0,11.0,1.0,15.0,14.0,15.0,1.0,1.0,1.0,0.0,0.0
2024/25,2024-08-12,Luton,Burnley,1,4,A,0.0,2.0,A,10.0,11.0,3.0,6.0,11.0,17.0,5.0,4.0,2.0,3.0,0.0,0.0
2024/25,2024-08-16,Coventry,Oxford,3,2,H,2.0,1.0,H,26.0,7.0,10.0,2.0,9.0,7.0,14.0,1.0,0.0,2.0,0.0,0.0
2024/25,2024-08-17,Bristol City,Millwall,4,3,H,2.0,0.0,H,11.0,15.0,6.0,4.0,11.0,12.0,5.0,4.0,1.0,2.0,0.0,0.0
2024/25,2024-08-17,Burnley,Cardiff,5,0,H,2.0,0.0,H,9.0,11.0,4.0,4.0,19.0,6.0,2.0,5.0,2.0,1.0,0.0,0.0
2024/25,2024-08-17,Derby,Middlesbrough,1,0,H,1.0,0.0,H,3.0,20.0,2.0,4.0,13.0,5.0,3.0,8.0,3.0,1.0,0.0,0.0
2024/25,2024-08-17,Norwich,Blackburn,2,2,D,0.0,1.0,A,14.0,7.0,4.0,3.0,12.0,12.0,6.0,5.0,2.0,3.0,0.0,0.0
2024/25,2024-08-17,Plymouth,Hull,1,1,D,0.0,0.0,D,16.0,14.0,7.0,2.0,13.0,16.0,6.0,3.0,3.0,1.0,0.0,0.0
2024/25,2024-08-17,Portsmouth,Luton,0,0,D,0.0,0.0,D,15.0,9.0,6.0,4.0,11.0,12.0,5.0,4.0,3.0,2.0,0.0,1.0
2024/25,2024-08-17,Sheffield United,QPR,2,2,D,2.0,0.0,H,14.0,14.0,3.0,3.0,15.0,9.0,4.0,9.0,2.0,2.0,0.0,1.0
2024/25,2024-08-17,Swansea,Preston,3,0,H,1.0,0.0,H,12.0,5.0,6.0,2.0,11.0,21.0,5.0,3.0,1.0,3.0,0.0,0.0
2024/25,2024-08-17,Watford,Stoke,3,0,H,0.0,0.0,D,24.0,7.0,8.0,3.0,12.0,15.0,2.0,4.0,2.0,2.0,0.0,0.0
2024/25,2024-08-17,West Brom,Leeds,0,0,D,0.0,0.0,D,8.0,8.0,1.0,1.0,14.0,11.0,5.0,4.0,2.0,2.0,0.0,0.0
2024/25,2024-08-18,Sunderland,Sheffield Weds,4,0,H,3.0,0.0,H,15.0,9.0,6.0,3.0,9.0,10.0,5.0,8.0,0.0,3.0,0.0,0.0
2024/25,2024-08-23,Sheffield Weds,Leeds,0,2,A,0.0,1.0,A,8.0,13.0,2.0,5.0,14.0,10.0,3.0,2.0,2.0,3.0,0.0,0.0
2024/25,2024-08-24,Blackburn,Oxford,2,1,H,1.0,1.0,D,18.0,13.0,4.0,3.0,14.0,8.0,7.0,5.0,2.0,1.0,0.0,0.0
2024/25,2024-08-24,Bristol City,Coventry,1,1,D,1.0,0.0,H,12.0,8.0,7.0,1.0,8.0,16.0,8.0,2.0,2.0,4.0,0.0,0.0
2024/25,2024-08-24,Hull,Millwall,0,0,D,0.0,0.0,D,14.0,13.0,4.0,5.0,11.0,15.0,5.0,7.0,2.0,2.0,0.0,0.0
2024/25,2024-08-24,Middlesbrough,Portsmouth,2,2,D,1.0,2.0,A,29.0,7.0,7.0,3.0,10.0,15.0,15.0,2.0,0.0,5.0,0.0,0.0
2024/25,2024-08-24,Norwich,Sheffield United,1,1,D,1.0,1.0,D,7.0,12.0,5.0,4.0,14.0,7.0,1.0,5.0,5.0,2.0,0.0,0.0
2024/25,2024-08-24,Preston,Luton,1,0,H,1.0,0.0,H,6.0,17.0,2.0,4.0,16.0,10.0,2.0,13.0,6.0,1.0,0.0,0.0
2024/25,2024-08-24,QPR,Plymouth,1,1,D,1.0,1.0,D,30.0,6.0,10.0,1.0,10.0,14.0,11.0,1.0,2.0,3.0,0.0,2.0
2024/25,2024-08-24,Stoke,West Brom,1,2,A,1.0,2.0,A,7.0,8.0,2.0,5.0,12.0,11.0,2.0,5.0,2.0,3.0,0.0,0.0
2024/25,2024-08-24,Sunderland,Burnley,1,0,H,1.0,0.0,H,14.0,4.0,3.0,1.0,13.0,19.0,3.0,1.0,2.0,3.0,1.0,0.0
2024/25,2024-08-24,Watford,Derby,2,1,H,1.0,1.0,D,12.0,8.0,3.0,3.0,10.0,11.0,4.0,2.0,2.0,3.0,0.0,0.0
2024/25,2024-08-25,Swansea,Cardiff,1,1,D,1.0,0.0,H,9.0,7.0,4.0,3.0,14.0,14.0,2.0,5.0,2.0,2.0,0.0,0.0
2024/25,2024-08-30,Luton,QPR,1,2,A,1.0,0.0,H,11.0,11.0,5.0,4.0,13.0,10.0,4.0,5.0,3.0,2.0,0.0,0.0
2024/25,2024-08-31,Burnley,Blackburn,1,1,D,1.0,1.0,D,15.0,10.0,3.0,3.0,15.0,19.0,9.0,0.0,4.0,5.0,0.0,1.0
2024/25,2024-08-31,Cardiff,Middlesbrough,0,2,A,0.0,0.0,D,12.0,10.0,3.0,5.0,13.0,10.0,4.0,6.0,2.0,1.0,0.0,0.0
2024/25,2024-08-31,Coventry,Norwich,0,1,A,0.0,0.0,D,14.0,9.0,5.0,1.0,11.0,10.0,6.0,3.0,4.0,3.0,0.0,0.0
2024/25,2024-08-31,Derby,Bristol City,3,0,H,1.0,0.0,H,19.0,13.0,7.0,5.0,15.0,11.0,6.0,9.0,1.0,0.0,0.0,0.0
2024/25,2024-08-31,Leeds,Hull,2,0,H,0.0,0.0,D,16.0,9.0,5.0,2.0,12.0,15.0,8.0,7.0,2.0,1.0,0.0,0.0
2024/25,2024-08-31,Millwall,Sheffield Weds,3,0,H,0.0,0.0,D,18.0,4.0,4.0,1.0,16.0,13.0,6.0,6.0,2.0,1.0,0.0,0.0
2024/25,2024-08-31,Oxford,Preston,3,1,H,1.0,1.0,D,10.0,10.0,5.0,4.0,8.0,21.0,2.0,5.0,2.0,2.0,0.0,1.0
2024/25,2024-08-31,Plymouth,Stoke,0,1,A,0.0,0.0,D,15.0,15.0,7.0,7.0,14.0,17.0,10.0,4.0,1.0,3.0,0.0,0.0
2024/25,2024-08-31,Portsmouth,Sunderland,1,3,A,0.0,1.0,A,6.0,11.0,2.0,4.0,14.0,14.0,5.0,5.0,3.0,1.0,0.0,0.0
2024/25,2024-08-31,West Brom,Swansea,1,0,H,1.0,0.0,H,18.0,6.0,5.0,2.0,8.0,11.0,6.0,7.0,4.0,1.0,0.0,0.0
2024/25,2024-09-01,Sheffield United,Watford,1,0,H,1.0,0.0,H,18.0,7.0,7.0,1.0,15.0,12.0,8.0,5.0,5.0,3.0,0.0,0.0
2024/25,2024-09-13,Hull,Sheffield United,0,2,A,0.0,1.0,A,10.0,9.0,2.0,4.0,6.0,10.0,16.0,3.0,1.0,4.0,0.0,0.0
2024/25,2024-09-14,Blackburn,Bristol City,3,0,H,1.0,0.0,H,9.0,8.0,3.0,2.0,13.0,15.0,6.0,6.0,0.0,4.0,0.0,0.0
2024/25,2024-09-14,Derby,Cardiff,1,0,H,1.0,0.0,H,12.0,9.0,3.0,3.0,12.0,10.0,7.0,6.0,2.0,3.0,0.0,0.0
2024/25,2024-09-14,Leeds,Burnley,0,1,A,0.0,1.0,A,17.0,7.0,4.0,3.0,8.0,13.0,9.0,3.0,3.0,4.0,0.0,1.0
2024/25,2024-09-14,Middlesbrough,Preston,1,1,D,1.0,1.0,D,16.0,6.0,6.0,2.0,6.0,21.0,9.0,2.0,0.0,5.0,0.0,0.0
2024/25,2024-09-14,Millwall,Luton,0,1,A,0.0,1.0,A,11.0,10.0,3.0,6.0,8.0,20.0,6.0,4.0,2.0,3.0,0.0,0.0
2024/25,2024-09-14,Oxford,Stoke,1,0,H,0.0,0.0,D,14.0,9.0,8.0,1.0,5.0,6.0,4.0,6.0,0.0,1.0,0.0,0.0
2024/25,2024-09-14,Plymouth,Sunderland,3,2,H,0.0,1.0,A,13.0,17.0,6.0,7.0,14.0,12.0,3.0,5.0,4.0,4.0,0.0,0.0
2024/25,2024-09-14,Sheffield Weds,QPR,1,1,D,0.0,0.0,D,13.0,13.0,2.0,4.0,6.0,7.0,11.0,4.0,0.0,3.0,0.0,0.0
2024/25,2024-09-14,Swansea,Norwich,1,0,H,1.0,0.0,H,9.0,13.0,4.0,3.0,14.0,14.0,4.0,5.0,2.0,3.0,0.0,0.0
2024/25,2024-09-14,Watford,Coventry,1,1,D,0.0,1.0,A,18.0,17.0,6.0,5.0,9.0,10.0,6.0,10.0,2.0,2.0,0.0,0.0
2024/25,2024-09-15,Portsmouth,West Brom,0,3,A,0.0,1.0,A,14.0,19.0,0.0,7.0,18.0,6.0,10.0,4.0,5.0,2.0,0.0,0.0
2024/25,2024-09-20,Stoke,Hull,1,3,A,1.0,0.0,H,14.0,13.0,2.0,3.0,12.0,10.0,2.0,5.0,3.0,2.0,0.0,0.0
2024/25,2024-09-21,Bristol City,Oxford,2,1,H,0.0,1.0,A,19.0,7.0,6.0,2.0,16.0,14.0,5.0,1.0,1.0,4.0,0.0,0.0
2024/25,2024-09-21,Burnley,Portsmouth,2,1,H,0.0,1.0,A,18.0,5.0,4.0,2.0,15.0,4.0,4.0,2.0,2.0,2.0,0.0,0.0
2024/25,2024-09-21,Cardiff,Leeds,0,2,A,0.0,1.0,A,3.0,15.0,2.0,7.0,10.0,14.0,0.0,4.0,2.0,2.0,1.0,0.0
2024/25,2024-09-21,Coventry,Swansea,1,2,A,1.0,2.0,A,20.0,11.0,7.0,4.0,12.0,5.0,6.0,3.0,2.0,3.0,0.0,0.0
2024/25,2024-09-21,Luton,Sheffield Weds,2,1,H,0.0,0.0,D,15.0,12.0,3.0,6.0,9.0,14.0,8.0,5.0,1.0,1.0,0.0,1.0
2024/25,2024-09-21,Norwich,Watford,4,1,H,2.0,1.0,H,19.0,11.0,8.0,3.0,6.0,8.0,3.0,5.0,2.0,1.0,0.0,0.0
2024/25,2024-09-21,QPR,Millwall,1,1,D,1.0,1.0,D,7.0,16.0,2.0,5.0,9.0,12.0,5.0,10.0,2.0,1.0,0.0,0.0
2024/25,2024-09-21,Sheffield United,Derby,1,0,H,0.0,0.0,D,18.0,3.0,5.0,0.0,11.0,13.0,11.0,2.0,3.0,2.0,0.0,0.0
2024/25,2024-09-21,Sunderland,Middlesbrough,1,0,H,1.0,0.0,H,9.0,11.0,2.0,1.0,8.0,15.0,3.0,5.0,3.0,2.0,0.0,0.0
2024/25,2024-09-21,West Brom,Plymouth,1,0,H,0.0,0.0,D,17.0,17.0,4.0,4.0,9.0,9.0,5.0,2.0,3.0,2.0,0.0,0.0
2024/25,2024-09-22,Preston,Blackburn,0,0,D,0.0,0.0,D,7.0,6.0,5.0,3.0,10.0,16.0,4.0,4.0,4.0,4.0,1.0,1.0
2024/25,2024-09-27,Plymouth,Luton,3,1,H,1.0,0.0,H,19.0,16.0,6.0,2.0,4.0,13.0,3.0,15.0,1.0,4.0,0.0,0.0
2024/25,2024-09-28,Blackburn,QPR,2,0,H,0.0,0.0,D,19.0,6.0,12.0,1.0,16.0,11.0,8.0,2.0,3.0,2.0,0.0,1.0
2024/25,2024-09-28,Derby,Norwich,2,3,A,0.0,1.0,A,16.0,10.0,5.0,5.0,13.0,7.0,9.0,5.0,3.0,2.0,0.0,0.0
2024/25,2024-09-28,Hull,Cardiff,4,1,H,2.0,1.0,H,18.0,16.0,9.0,5.0,9.0,12.0,7.0,5.0,3.0,4.0,0.0,0.0
2024/25,2024-09-28,Leeds,Coventry,3,0,H,1.0,0.0,H,13.0,7.0,8.0,2.0,16.0,15.0,7.0,3.0,1.0,1.0,0.0,0.0
2024/25,2024-09-28,Middlesbrough,Stoke,2,0,H,1.0,0.0,H,26.0,7.0,9.0,1.0,10.0,17.0,7.0,2.0,4.0,7.0,0.0,0.0
2024/25,2024-09-28,Millwall,Preston,3,1,H,2.0,0.0,H,14.0,11.0,6.0,4.0,16.0,10.0,3.0,8.0,2.0,2.0,1.0,0.0
2024/25,2024-09-28,Oxford,Burnley,0,0,D,0.0,0.0,D,3.0,14.0,1.0,1.0,8.0,13.0,2.0,6.0,1.0,2.0,0.0,0.0
2024/25,2024-09-28,Portsmouth,Sheffield United,0,0,D,0.0,0.0,D,9.0,12.0,2.0,4.0,12.0,19.0,15.0,9.0,2.0,2.0,0.0,0.0
2024/25,2024-09-28,Sheffield Weds,West Brom,3,2,H,2.0,0.0,H,12.0,12.0,5.0,3.0,11.0,14.0,5.0,4.0,5.0,3.0,0.0,0.0
2024/25,2024-09-28,Watford,Sunderland,2,1,H,1.0,0.0,H,13.0,17.0,5.0,5.0,11.0,11.0,4.0,6.0,2.0,1.0,0.0,0.0
2024/25,2024-09-29,Swansea,Bristol City,1,1,D,1.0,0.0,H,7.0,15.0,2.0,6.0,10.0,15.0,3.0,8.0,1.0,3.0,0.0,0.0
2024/25,2024-10-01,Burnley,Plymouth,1,0,H,1.0,0.0,H,11.0,7.0,3.0,0.0,14.0,8.0,7.0,1.0,1.0,0.0,0.0,0.0
2024/25,2024-10-01,Cardiff,Millwall,1,0,H,1.0,0.0,H,10.0,11.0,5.0,5.0,14.0,12.0,5.0,6.0,1.0,3.0,0.0,0.0
2024/25,2024-10-01,Coventry,Blackburn,3,0,H,1.0,0.0,H,18.0,10.0,8.0,3.0,12.0,12.0,5.0,1.0,1.0,3.0,0.0,0.0
2024/25,2024-10-01,Luton,Oxford,2,2,D,2.0,1.0,H,12.0,19.0,4.0,8.0,13.0,12.0,5.0,6.0,3.0,3.0,1.0,0.0
2024/25,2024-10-01,Norwich,Leeds,1,1,D,1.0,0.0,H,7.0,14.0,1.0,3.0,12.0,18.0,9.0,6.0,2.0,4.0,0.0,0.0
2024/25,2024-10-01,QPR,Hull,1,3,A,1.0,2.0,A,21.0,15.0,7.0,6.0,12.0,11.0,5.0,6.0,1.0,3.0,0.0,0.0
2024/25,2024-10-01,Sunderland,Derby,2,0,H,1.0,0.0,H,9.0,13.0,3.0,5.0,7.0,19.0,1.0,8.0,2.0,2.0,0.0,0.0
2024/25,2024-10-01,West Brom,Middlesbrough,0,1,A,0.0,0.0,D,11.0,15.0,1.0,4.0,7.0,6.0,5.0,4.0,2.0,1.0,0.0,0.0
2024/25,2024-10-02,Bristol City,Sheffield Weds,0,0,D,0.0,0.0,D,10.0,8.0,2.0,1.0,10.0,12.0,6.0,5.0,2.0,1.0,0.0,0.0
2024/25,2024-10-02,Preston,Watford,3,0,H,0.0,0.0,D,15.0,10.0,6.0,6.0,12.0,12.0,7.0,5.0,2.0,0.0,0.0,0.0
2024/25,2024-10-02,Sheffield United,Swansea,1,0,H,1.0,0.0,H,15.0,7.0,3.0,1.0,13.0,9.0,5.0,5.0,3.0,2.0,0.0,0.0
2024/25,2024-10-02,Stoke,Portsmouth,6,1,H,3.0,1.0,H,20.0,9.0,8.0,2.0,9.0,13.0,3.0,5.0,2.0,1.0,0.0,0.0
2024/25,2024-10-04,Sunderland,Leeds,2,2,D,1.0,1.0,D,14.0,15.0,4.0,4.0,11.0,16.0,8.0,1.0,3.0,3.0,0.0,0.0
2024/25,2024-10-05,Burnley,Preston,0,0,D,0.0,0.0,D,9.0,9.0,1.0,2.0,10.0,12.0,2.0,3.0,3.0,4.0,0.0,0.0
2024/25,2024-10-05,Coventry,Sheffield Weds,1,2,A,1.0,1.0,D,13.0,13.0,2.0,5.0,12.0,17.0,6.0,6.0,4.0,3.0,0.0,0.0
2024/25,2024-10-05,Derby,QPR,2,0,H,0.0,0.0,D,10.0,11.0,5.0,3.0,12.0,10.0,6.0,9.0,1.0,1.0,0.0,0.0
2024/25,2024-10-05,Norwich,Hull,4,0,H,2.0,0.0,H,19.0,16.0,9.0,5.0,11.0,14.0,4.0,7.0,3.0,4.0,0.0,0.0
2024/25,2024-10-05,Plymouth,Blackburn,2,1,H,1.0,0.0,H,17.0,7.0,7.0,4.0,8.0,16.0,5.0,5.0,4.0,3.0,0.0,0.0
2024/25,2024-10-05,Portsmouth,Oxford,1,1,D,0.0,0.0,D,21.0,13.0,8.0,3.0,11.0,10.0,11.0,4.0,0.0,1.0,0.0,0.0
2024/25,2024-10-05,Sheffield United,Luton,2,0,H,1.0,0.0,H,15.0,8.0,7.0,2.0,10.0,8.0,5.0,6.0,2.0,1.0,0.0,0.0
2024/25,2024-10-05,Swansea,Stoke,0,0,D,0.0,0.0,D,19.0,10.0,5.0,4.0,8.0,14.0,5.0,9.0,0.0,4.0,0.0,0.0
2024/25,2024-10-05,Watford,Middlesbrough,2,1,H,0.0,0.0,D,9.0,11.0,4.0,5.0,15.0,11.0,7.0,5.0,3.0,1.0,0.0,0.0
2024/25,2024-10-05,West Brom,Millwall,0,0,D,0.0,0.0,D,13.0,6.0,3.0,4.0,8.0,15.0,5.0,2.0,2.0,3.0,0.0,0.0
2024/25,2024-10-06,Bristol City,Cardiff,1,1,D,0.0,0.0,D,16.0,15.0,2.0,2.0,8.0,12.0,4.0,6.0,2.0,1.0,0.0,0.0
2024/25,2024-10-18,Leeds,Sheffield United,2,0,H,0.0,0.0,D,13.0,5.0,4.0,0.0,10.0,10.0,7.0,3.0,1.0,2.0,0.0,0.0
2024/25,2024-10-19,Blackburn,Swansea,1,0,H,1.0,0.0,H,8.0,14.0,3.0,2.0,15.0,5.0,3.0,8.0,1.0,2.0,0.0,0.0
2024/25,2024-10-19,Cardiff,Plymouth,5,0,H,2.0,0.0,H,25.0,6.0,11.0,2.0,15.0,10.0,9.0,1.0,3.0,1.0,0.0,1.0
2024/25,2024-10-19,Luton,Watford,3,0,H,1.0,0.0,H,13.0,9.0,5.0,1.0,22.0,20.0,11.0,4.0,3.0,2.0,0.0,0.0
2024/25,2024-10-19,Middlesbrough,Bristol City,0,2,A,0.0,2.0,A,20.0,9.0,2.0,3.0,13.0,10.0,7.0,0.0,5.0,3.0,0.0,0.0
2024/25,2024-10-19,Millwall,Derby,1,1,D,0.0,0.0,D,16.0,5.0,6.0,1.0,12.0,14.0,9.0,5.0,2.0,0.0,0.0,0.0
2024/25,2024-10-19,Oxford,West Brom,1,1,D,0.0,1.0,A,12.0,14.0,3.0,3.0,16.0,10.0,5.0,8.0,3.0,1.0,0.0,0.0
2024/25,2024-10-19,Preston,Coventry,1,0,H,0.0,0.0,D,18.0,12.0,3.0,1.0,12.0,12.0,9.0,9.0,4.0,0.0,0.0,0.0
2024/25,2024-10-19,QPR,Portsmouth,1,2,A,1.0,1.0,D,15.0,11.0,8.0,3.0,11.0,11.0,3.0,5.0,1.0,3.0,0.0,0.0
2024/25,2024-10-19,Sheffield Weds,Burnley,0,2,A,0.0,1.0,A,13.0,14.0,3.0,6.0,10.0,11.0,10.0,3.0,1.0,2.0,0.0,0.0
2024/25,2024-10-19,Stoke,Norwich,1,1,D,1.0,1.0,D,14.0,12.0,5.0,4.0,7.0,9.0,8.0,7.0,0.0,1.0,0.0,0.0
2024/25,2024-10-20,Hull,Sunderland,0,1,A,0.0,0.0,D,8.0,10.0,0.0,2.0,12.0,8.0,4.0,4.0,1.0,1.0,0.0,0.0
2024/25,2024-10-22,Cardiff,Portsmouth,2,0,H,2.0,0.0,H,24.0,8.0,10.0,2.0,9.0,13.0,12.0,5.0,2.0,2.0,0.0,0.0
2024/25,2024-10-22,Leeds,Watford,2,1,H,2.0,0.0,H,24.0,9.0,7.0,3.0,7.0,11.0,10.0,4.0,2.0,1.0,0.0,0.0
2024/25,2024-10-22,Oxford,Derby,1,1,D,1.0,0.0,H,11.0,17.0,3.0,4.0,8.0,8.0,1.0,6.0,1.0,5.0,0.0,0.0
2024/25,2024-10-22,Preston,Norwich,2,2,D,2.0,1.0,H,8.0,9.0,2.0,3.0,12.0,15.0,5.0,2.0,2.0,3.0,0.0,0.0
2024/25,2024-10-22,QPR,Coventry,1,1,D,0.0,1.0,A,16.0,8.0,5.0,3.0,7.0,13.0,7.0,3.0,2.0,1.0,0.0,0.0
2024/25,2024-10-22,Sheffield Weds,Swansea,0,0,D,0.0,0.0,D,8.0,9.0,0.0,1.0,8.0,5.0,9.0,6.0,0.0,4.0,0.0,0.0
2024/25,2024-10-22,Stoke,Bristol City,2,2,D,2.0,0.0,H,10.0,28.0,6.0,10.0,10.0,5.0,6.0,13.0,3.0,1.0,0.0,0.0
2024/25,2024-10-23,Blackburn,West Brom,0,0,D,0.0,0.0,D,8.0,9.0,2.0,4.0,10.0,7.0,4.0,4.0,2.0,0.0,0.0,0.0
2024/25,2024-10-23,Hull,Burnley,1,1,D,1.0,0.0,H,11.0,11.0,2.0,5.0,4.0,15.0,4.0,8.0,0.0,1.0,0.0,0.0
2024/25,2024-10-23,Luton,Sunderland,1,2,A,0.0,0.0,D,19.0,9.0,4.0,5.0,14.0,12.0,10.0,3.0,2.0,4.0,0.0,0.0
2024/25,2024-10-23,Middlesbrough,Sheffield United,1,0,H,0.0,0.0,D,18.0,9.0,6.0,5.0,7.0,4.0,8.0,6.0,0.0,1.0,0.0,0.0
2024/25,2024-10-23,Millwall,Plymouth,1,0,H,1.0,0.0,H,13.0,9.0,6.0,2.0,12.0,11.0,6.0,2.0,5.0,1.0,0.0,0.0
2024/25,2024-10-25,Portsmouth,Sheffield Weds,1,2,A,1.0,0.0,H,9.0,9.0,2.0,3.0,10.0,14.0,7.0,7.0,1.0,3.0,0.0,0.0
2024/25,2024-10-26,Bristol City,Leeds,0,0,D,0.0,0.0,D,4.0,17.0,0.0,5.0,11.0,10.0,7.0,6.0,1.0,3.0,0.0,0.0
2024/25,2024-10-26,Burnley,QPR,0,0,D,0.0,0.0,D,22.0,2.0,4.0,0.0,7.0,10.0,16.0,1.0,0.0,1.0,0.0,0.0
2024/25,2024-10-26,Coventry,Luton,3,2,H,0.0,2.0,A,26.0,9.0,10.0,5.0,9.0,16.0,11.0,5.0,2.0,3.0,0.0,1.0
2024/25,2024-10-26,Derby,Hull,1,1,D,0.0,0.0,D,14.0,11.0,3.0,5.0,10.0,11.0,5.0,3.0,1.0,4.0,0.0,0.0
2024/25,2024-10-26,Plymouth,Preston,3,3,D,0.0,2.0,A,12.0,16.0,6.0,8.0,12.0,16.0,2.0,1.0,0.0,3.0,0.0,0.0
2024/25,2024-10-26,Sheffield United,Stoke,2,0,H,1.0,0.0,H,19.0,7.0,6.0,3.0,12.0,14.0,5.0,3.0,4.0,2.0,0.0,0.0
2024/25,2024-10-26,Sunderland,Oxford,2,0,H,1.0,0.0,H,13.0,5.0,6.0,2.0,9.0,8.0,8.0,2.0,2.0,2.0,0.0,0.0
2024/25,2024-10-26,Swansea,Millwall,0,1,A,0.0,0.0,D,17.0,6.0,5.0,2.0,13.0,14.0,10.0,6.0,1.0,4.0,0.0,0.0
2024/25,2024-10-26,Watford,Blackburn,1,0,H,0.0,0.0,D,10.0,12.0,1.0,2.0,9.0,17.0,6.0,3.0,5.0,4.0,0.0,0.0
2024/25,2024-10-26,West Brom,Cardiff,0,0,D,0.0,0.0,D,19.0,5.0,4.0,0.0,9.0,18.0,12.0,1.0,4.0,3.0,0.0,0.0
2024/25,2024-10-27,Norwich,Middlesbrough,3,3,D,1.0,3.0,A,9.0,14.0,3.0,8.0,15.0,7.0,3.0,2.0,2.0,3.0,1.0,0.0
2024/25,2024-11-01,Luton,West Brom,1,1,D,0.0,1.0,A,13.0,10.0,5.0,3.0,10.0,13.0,6.0,3.0,1.0,2.0,0.0,0.0
2024/25,2024-11-02,Blackburn,Sheffield United,0,2,A,0.0,1.0,A,9.0,20.0,0.0,9.0,11.0,14.0,5.0,8.0,1.0,2.0,0.0,0.0
2024/25,2024-11-02,Cardiff,Norwich,2,1,H,0.0,0.0,D,11.0,16.0,5.0,6.0,11.0,15.0,4.0,4.0,3.0,2.0,0.0,0.0
2024/25,2024-11-02,Hull,Portsmouth,1,1,D,1.0,0.0,H,10.0,9.0,3.0,5.0,12.0,7.0,5.0,3.0,1.0,4.0,0.0,0.0
2024/25,2024-11-02,Leeds,Plymouth,3,0,H,3.0,0.0,H,23.0,0.0,7.0,0.0,11.0,15.0,9.0,0.0,0.0,0.0,0.0,0.0
2024/25,2024-11-02,Middlesbrough,Coventry,0,3,A,0.0,1.0,A,9.0,10.0,1.0,4.0,4.0,12.0,6.0,8.0,1.0,3.0,1.0,0.0
2024/25,2024-11-02,Oxford,Swansea,1,2,A,0.0,1.0,A,9.0,16.0,2.0,5.0,15.0,8.0,1.0,8.0,1.0,1.0,0.0,0.0
2024/25,2024-11-02,Preston,Bristol City,1,3,A,0.0,1.0,A,14.0,5.0,2.0,3.0,11.0,20.0,4.0,1.0,4.0,3.0,0.0,0.0
2024/25,2024-11-02,QPR,Sunderland,0,0,D,0.0,0.0,D,17.0,8.0,3.0,1.0,12.0,10.0,6.0,6.0,1.0,2.0,0.0,1.0
2024/25,2024-11-02,Sheffield Weds,Watford,2,6,A,1.0,1.0,D,14.0,16.0,6.0,8.0,14.0,16.0,6.0,2.0,3.0,3.0,0.0,0.0
2024/25,2024-11-02,Stoke,Derby,2,1,H,1.0,0.0,H,13.0,9.0,4.0,3.0,10.0,14.0,9.0,4.0,2.0,3.0,0.0,0.0
2024/25,2024-11-03,Millwall,Burnley,1,0,H,0.0,0.0,D,12.0,8.0,3.0,0.0,17.0,12.0,2.0,3.0,2.0,2.0,0.0,0.0
2024/25,2024-11-05,Bristol City,Sheffield United,1,2,A,0.0,0.0,D,12.0,11.0,2.0,4.0,8.0,12.0,2.0,5.0,0.0,2.0,1.0,0.0
2024/25,2024-11-05,Oxford,Hull,1,0,H,0.0,0.0,D,4.0,12.0,2.0,2.0,8.0,10.0,2.0,6.0,2.0,1.0,0.0,0.0
2024/25,2024-11-05,Plymouth,Portsmouth,1,0,H,0.0,0.0,D,10.0,14.0,4.0,4.0,8.0,21.0,5.0,6.0,4.0,2.0,0.0,0.0
2024/25,2024-11-05,QPR,Middlesbrough,1,4,A,0.0,2.0,A,7.0,12.0,5.0,8.0,8.0,11.0,8.0,5.0,0.0,2.0,0.0,0.0
2024/25,2024-11-05,Sheffield Weds,Norwich,2,0,H,2.0,0.0,H,12.0,5.0,5.0,3.0,6.0,16.0,2.0,5.0,0.0,0.0,0.0,0.0
2024/25,2024-11-05,Swansea,Watford,1,0,H,1.0,0.0,H,12.0,7.0,3.0,0.0,9.0,10.0,6.0,8.0,3.0,2.0,0.0,0.0
2024/25,2024-11-06,Blackburn,Stoke,0,2,A,0.0,0.0,D,25.0,15.0,8.0,7.0,8.0,8.0,9.0,4.0,1.0,2.0,0.0,0.0
2024/25,2024-11-06,Coventry,Derby,1,2,A,0.0,1.0,A,11.0,3.0,3.0,1.0,5.0,11.0,9.0,6.0,0.0,2.0,0.0,0.0
2024/25,2024-11-06,Luton,Cardiff,1,0,H,0.0,0.0,D,8.0,10.0,3.0,3.0,12.0,13.0,6.0,6.0,2.0,1.0,0.0,0.0
2024/25,2024-11-06,Millwall,Leeds,1,0,H,1.0,0.0,H,6.0,14.0,3.0,4.0,11.0,14.0,2.0,12.0,2.0,1.0,0.0,0.0
2024/25,2024-11-06,Preston,Sunderland,0,0,D,0.0,0.0,D,14.0,10.0,2.0,2.0,20.0,11.0,4.0,4.0,2.0,1.0,0.0,0.0
2024/25,2024-11-07,West Brom,Burnley,0,0,D,0.0,0.0,D,11.0,12.0,1.0,4.0,6.0,20.0,2.0,8.0,3.0,3.0,0.0,0.0
2024/25,2024-11-08,Watford,Oxford,1,0,H,0.0,0.0,D,16.0,10.0,8.0,3.0,12.0,8.0,11.0,4.0,5.0,2.0,0.0,0.0
2024/25,2024-11-09,Cardiff,Blackburn,1,3,A,0.0,1.0,A,20.0,10.0,8.0,7.0,11.0,6.0,12.0,1.0,0.0,3.0,0.0,0.0
2024/25,2024-11-09,Derby,Plymouth,1,1,D,1.0,1.0,D,20.0,5.0,4.0,2.0,7.0,11.0,8.0,3.0,1.0,4.0,0.0,0.0
2024/25,2024-11-09,Leeds,QPR,2,0,H,1.0,0.0,H,21.0,5.0,6.0,0.0,12.0,13.0,7.0,1.0,1.0,2.0,0.0,0.0
2024/25,2024-11-09,Middlesbrough,Luton,5,1,H,2.0,0.0,H,11.0,5.0,6.0,3.0,6.0,15.0,1.0,1.0,1.0,4.0,0.0,0.0
2024/25,2024-11-09,Norwich,Bristol City,0,2,A,0.0,1.0,A,9.0,9.0,3.0,2.0,16.0,8.0,3.0,3.0,2.0,0.0,0.0,0.0
2024/25,2024-11-09,Portsmouth,Preston,3,1,H,2.0,0.0,H,18.0,6.0,6.0,1.0,12.0,13.0,11.0,5.0,1.0,0.0,0.0,0.0
2024/25,2024-11-09,Stoke,Millwall,1,1,D,0.0,1.0,A,8.0,7.0,3.0,1.0,13.0,8.0,9.0,2.0,2.0,2.0,0.0,0.0
2024/25,2024-11-09,Sunderland,Coventry,2,2,D,2.0,0.0,H,9.0,8.0,5.0,3.0,10.0,16.0,2.0,7.0,3.0,4.0,0.0,0.0
2024/25,2024-11-10,Burnley,Swansea,1,0,H,0.0,0.0,D,2.0,9.0,7.0,4.0,13.0,12.0,5.0,1.0,1.0,3.0,0.0,0.0
2024/25,2024-11-10,Hull,West Brom,1,2,A,1.0,2.0,A,13.0,5.0,3.0,3.0,16.0,10.0,4.0,3.0,1.0,2.0,0.0,0.0
2024/25,2024-11-10,Sheffield United,Sheffield Weds,1,0,H,0.0,0.0,D,8.0,10.0,1.0,0.0,15.0,22.0,5.0,6.0,1.0,3.0,0.0,0.0
2024/25,2024-11-22,Plymouth,Watford,2,2,D,1.0,2.0,A,10.0,12.0,3.0,5.0,5.0,13.0,2.0,8.0,2.0,1.0,0.0,0.0
2024/25,2024-11-23,Bristol City,Burnley,0,1,A,0.0,1.0,A,7.0,14.0,2.0,5.0,9.0,15.0,8.0,3.0,3.0,4.0,0.0,0.0
2024/25,2024-11-23,Coventry,Sheffield United,2,2,D,1.0,2.0,A,20.0,7.0,6.0,2.0,13.0,6.0,12.0,2.0,4.0,2.0,0.0,1.0
2024/25,2024-11-23,Luton,Hull,1,0,H,1.0,0.0,H,7.0,14.0,2.0,2.0,10.0,10.0,10.0,4.0,2.0,1.0,0.0,0.0
2024/25,2024-11-23,Millwall,Sunderland,1,1,D,0.0,1.0,A,11.0,9.0,5.0,6.0,14.0,16.0,10.0,2.0,1.0,2.0,0.0,0.0
2024/25,2024-11-23,Oxford,Middlesbrough,2,6,A,1.0,3.0,A,11.0,16.0,7.0,12.0,9.0,8.0,6.0,9.0,1.0,3.0,0.0,0.0
2024/25,2024-11-23,Preston,Derby,1,1,D,1.0,1.0,D,11.0,5.0,3.0,1.0,8.0,12.0,7.0,3.0,2.0,2.0,0.0,0.0
2024/25,2024-11-23,QPR,Stoke,1,1,D,0.0,1.0,A,23.0,9.0,5.0,5.0,9.0,10.0,10.0,4.0,3.0,2.0,0.0,0.0
2024/25,2024-11-23,Sheffield Weds,Cardiff,1,1,D,1.0,1.0,D,16.0,9.0,3.0,4.0,8.0,13.0,6.0,2.0,0.0,1.0,0.0,0.0
2024/25,2024-11-23,West Brom,Norwich,2,2,D,2.0,2.0,D,22.0,11.0,6.0,5.0,4.0,12.0,11.0,2.0,1.0,2.0,0.0,0.0
2024/25,2024-11-24,Swansea,Leeds,3,4,A,2.0,1.0,H,10.0,13.0,5.0,4.0,11.0,11.0,1.0,2.0,1.0,2.0,0.0,0.0
2024/25,2024-11-26,Burnley,Coventry,2,0,H,0.0,0.0,D,12.0,3.0,3.0,1.0,10.0,7.0,6.0,2.0,0.0,1.0,0.0,0.0
2024/25,2024-11-26,Hull,Sheffield Weds,0,2,A,0.0,1.0,A,9.0,16.0,3.0,4.0,12.0,9.0,4.0,6.0,1.0,2.0,0.0,0.0
2024/25,2024-11-26,Norwich,Plymouth,6,1,H,2.0,1.0,H,19.0,13.0,10.0,4.0,11.0,5.0,8.0,4.0,0.0,1.0,0.0,0.0
2024/25,2024-11-26,Sheffield United,Oxford,3,0,H,2.0,0.0,H,14.0,9.0,8.0,3.0,8.0,7.0,7.0,7.0,1.0,1.0,0.0,0.0
2024/25,2024-11-26,Stoke,Preston,0,0,D,0.0,0.0,D,12.0,8.0,1.0,3.0,7.0,10.0,8.0,10.0,1.0,1.0,0.0,0.0
2024/25,2024-11-26,Sunderland,West Brom,0,0,D,0.0,0.0,D,18.0,2.0,2.0,0.0,9.0,7.0,13.0,2.0,0.0,0.0,0.0,0.0
2024/25,2024-11-26,Watford,Bristol City,1,0,H,0.0,0.0,D,7.0,14.0,1.0,5.0,15.0,11.0,3.0,6.0,2.0,2.0,0.0,0.0
2024/25,2024-11-27,Cardiff,QPR,0,2,A,0.0,1.0,A,24.0,10.0,7.0,5.0,12.0,5.0,14.0,4.0,0.0,1.0,0.0,0.0
2024/25,2024-11-27,Derby,Swansea,1,2,A,0.0,2.0,A,18.0,3.0,7.0,2.0,16.0,14.0,6.0,2.0,3.0,1.0,0.0,0.0
2024/25,2024-11-27,Leeds,Luton,3,0,H,2.0,0.0,H,20.0,7.0,11.0,4.0,9.0,12.0,9.0,1.0,1.0,2.0,0.0,0.0
2024/25,2024-11-27,Middlesbrough,Blackburn,0,1,A,0.0,0.0,D,10.0,7.0,2.0,2.0,7.0,7.0,5.0,3.0,1.0,0.0,0.0,0.0
2024/25,2024-11-29,Sheffield United,Sunderland,1,0,H,0.0,0.0,D,14.0,16.0,4.0,2.0,12.0,8.0,8.0,8.0,4.0,2.0,1.0,1.0
2024/25,2024-11-30,Blackburn,Leeds,1,0,H,1.0,0.0,H,11.0,13.0,2.0,5.0,9.0,12.0,3.0,9.0,2.0,2.0,0.0,0.0
2024/25,2024-11-30,Bristol City,Plymouth,4,0,H,0.0,0.0,D,25.0,4.0,12.0,2.0,7.0,16.0,5.0,2.0,1.0,3.0,0.0,0.0
2024/25,2024-11-30,Coventry,Cardiff,2,2,D,1.0,1.0,D,11.0,10.0,6.0,4.0,10.0,15.0,5.0,1.0,1.0,5.0,0.0,0.0
2024/25,2024-11-30,Middlesbrough,Hull,3,1,H,2.0,0.0,H,21.0,10.0,9.0,3.0,9.0,10.0,7.0,6.0,1.0,2.0,0.0,0.0
2024/25,2024-11-30,Norwich,Luton,4,2,H,2.0,1.0,H,16.0,12.0,6.0,3.0,9.0,12.0,6.0,5.0,1.0,2.0,0.0,0.0
2024/25,2024-11-30,Oxford,Millwall,1,1,D,0.0,1.0,A,8.0,11.0,3.0,3.0,10.0,14.0,2.0,11.0,0.0,4.0,0.0,0.0
2024/25,2024-11-30,Preston,West Brom,1,1,D,0.0,1.0,A,13.0,8.0,6.0,3.0,12.0,10.0,7.0,4.0,2.0,1.0,0.0,0.0
2024/25,2024-11-30,Stoke,Burnley,0,2,A,0.0,0.0,D,14.0,16.0,5.0,4.0,10.0,5.0,6.0,4.0,2.0,0.0,0.0,0.0
2024/25,2024-11-30,Swansea,Portsmouth,2,2,D,1.0,2.0,A,22.0,6.0,6.0,4.0,8.0,11.0,9.0,1.0,2.0,4.0,0.0,0.0
2024/25,2024-11-30,Watford,QPR,0,0,D,0.0,0.0,D,17.0,16.0,6.0,1.0,17.0,14.0,7.0,5.0,2.0,3.0,0.0,0.0
2024/25,2024-12-01,Derby,Sheffield Weds,1,2,A,1.0,0.0,H,13.0,10.0,4.0,2.0,20.0,7.0,7.0,5.0,5.0,1.0,0.0,0.0
2024/25,2024-12-06,Burnley,Middlesbrough,1,1,D,1.0,1.0,D,15.0,10.0,4.0,5.0,12.0,10.0,11.0,3.0,1.0,0.0,0.0,0.0
2024/25,2024-12-07,Hull,Blackburn,0,1,A,0.0,1.0,A,14.0,5.0,6.0,1.0,10.0,14.0,9.0,2.0,2.0,4.0,0.0,0.0
2024/25,2024-12-07,Leeds,Derby,2,0,H,2.0,0.0,H,18.0,3.0,6.0,1.0,6.0,10.0,10.0,2.0,0.0,1.0,0.0,0.0
2024/25,2024-12-07,Luton,Swansea,1,1,D,1.0,0.0,H,8.0,20.0,2.0,10.0,16.0,10.0,5.0,8.0,0.0,0.0,0.0,0.0
2024/25,2024-12-07,Millwall,Coventry,0,1,A,0.0,0.0,D,9.0,14.0,0.0,3.0,11.0,11.0,7.0,8.0,2.0,1.0,0.0,0.0
2024/25,2024-12-07,Portsmouth,Bristol City,3,0,H,1.0,0.0,H,13.0,11.0,8.0,2.0,14.0,12.0,6.0,7.0,3.0,3.0,0.0,0.0
2024/25,2024-12-07,QPR,Norwich,3,0,H,2.0,0.0,H,9.0,5.0,5.0,1.0,8.0,12.0,2.0,10.0,5.0,2.0,0.0,0.0
2024/25,2024-12-07,Sheffield Weds,Preston,1,1,D,0.0,1.0,A,13.0,14.0,4.0,7.0,16.0,9.0,6.0,3.0,4.0,2.0,0.0,0.0
2024/25,2024-12-07,Sunderland,Stoke,2,1,H,1.0,1.0,D,25.0,11.0,10.0,3.0,5.0,9.0,9.0,4.0,0.0,0.0,0.0,0.0
2024/25,2024-12-08,West Brom,Sheffield United,2,2,D,1.0,2.0,A,11.0,12.0,4.0,5.0,8.0,13.0,6.0,5.0,2.0,4.0,0.0,0.0
2024/25,2024-12-10,Burnley,Derby,0,0,D,0.0,0.0,D,14.0,6.0,4.0,1.0,8.0,15.0,6.0,2.0,1.0,1.0,0.0,0.0
2024/25,2024-12-10,Leeds,Middlesbrough,3,1,H,1.0,0.0,H,17.0,6.0,5.0,2.0,11.0,17.0,7.0,4.0,1.0,2.0,0.0,0.0
2024/25,2024-12-10,Luton,Stoke,2,1,H,1.0,1.0,D,18.0,15.0,8.0,4.0,7.0,16.0,10.0,4.0,1.0,2.0,0.0,0.0
2024/25,2024-12-10,Plymouth,Swansea,1,2,A,0.0,1.0,A,14.0,10.0,2.0,2.0,10.0,20.0,6.0,3.0,0.0,3.0,0.0,0.0
2024/25,2024-12-10,Portsmouth,Norwich,0,0,D,0.0,0.0,D,15.0,5.0,1.0,4.0,14.0,21.0,8.0,3.0,3.0,5.0,0.0,0.0
2024/25,2024-12-10,Sheffield Weds,Blackburn,0,1,A,0.0,0.0,D,16.0,8.0,4.0,3.0,8.0,12.0,8.0,3.0,0.0,2.0,0.0,0.0
2024/25,2024-12-10,Sunderland,Bristol City,1,1,D,0.0,0.0,D,21.0,7.0,5.0,2.0,10.0,12.0,8.0,4.0,2.0,5.0,0.0,0.0
2024/25,2024-12-11,Cardiff,Preston,0,2,A,0.0,0.0,D,13.0,14.0,4.0,4.0,11.0,16.0,7.0,2.0,2.0,5.0,0.0,0.0
2024/25,2024-12-11,Hull,Watford,1,1,D,0.0,0.0,D,13.0,12.0,4.0,2.0,15.0,7.0,6.0,2.0,2.0,3.0,0.0,0.0
2024/25,2024-12-11,Millwall,Sheffield United,0,1,A,0.0,1.0,A,11.0,9.0,3.0,1.0,10.0,9.0,7.0,3.0,0.0,2.0,0.0,0.0
2024/25,2024-12-11,QPR,Oxford,2,0,H,0.0,0.0,D,11.0,4.0,4.0,1.0,11.0,20.0,0.0,4.0,2.0,2.0,0.0,0.0
2024/25,2024-12-11,West Brom,Coventry,2,0,H,1.0,0.0,H,10.0,16.0,2.0,4.0,5.0,7.0,9.0,9.0,1.0,1.0,0.0,0.0
2024/25,2024-12-13,Derby,Portsmouth,4,0,H,3.0,0.0,H,17.0,3.0,7.0,0.0,8.0,6.0,5.0,3.0,0.0,1.0,0.0,0.0
2024/25,2024-12-14,Blackburn,Luton,2,0,H,2.0,0.0,H,12.0,10.0,6.0,4.0,14.0,11.0,4.0,4.0,3.0,2.0,0.0,1.0
2024/25,2024-12-14,Bristol City,QPR,1,1,D,0.0,0.0,D,17.0,5.0,5.0,2.0,5.0,9.0,10.0,3.0,1.0,2.0,0.0,0.0
2024/25,2024-12-14,Coventry,Hull,2,1,H,0.0,1.0,A,18.0,10.0,7.0,4.0,16.0,11.0,10.0,2.0,3.0,3.0,0.0,0.0
2024/25,2024-12-14,Middlesbrough,Millwall,1,0,H,1.0,0.0,H,11.0,12.0,2.0,4.0,14.0,10.0,3.0,4.0,2.0,2.0,0.0,0.0
2024/25,2024-12-14,Oxford,Sheffield Weds,1,3,A,1.0,1.0,D,11.0,15.0,5.0,9.0,9.0,11.0,7.0,11.0,0.0,1.0,0.0,0.0
2024/25,2024-12-14,Preston,Leeds,1,1,D,1.0,0.0,H,5.0,18.0,2.0,4.0,16.0,7.0,2.0,8.0,3.0,1.0,0.0,0.0
2024/25,2024-12-14,Sheffield United,Plymouth,2,0,H,1.0,0.0,H,10.0,12.0,3.0,4.0,10.0,13.0,2.0,3.0,0.0,2.0,0.0,0.0
2024/25,2024-12-14,Stoke,Cardiff,2,2,D,1.0,1.0,D,14.0,19.0,5.0,4.0,10.0,10.0,4.0,4.0,4.0,1.0,0.0,0.0
2024/25,2024-12-14,Swansea,Sunderland,2,3,A,2.0,1.0,H,10.0,13.0,4.0,5.0,12.0,14.0,2.0,4.0,1.0,4.0,0.0,0.0
2024/25,2024-12-15,Norwich,Burnley,1,2,A,1.0,0.0,H,12.0,10.0,6.0,5.0,14.0,13.0,6.0,5.0,3.0,1.0,0.0,0.0
2024/25,2024-12-15,Watford,West Brom,2,1,H,1.0,0.0,H,14.0,15.0,7.0,6.0,9.0,7.0,4.0,5.0,2.0,3.0,0.0,0.0
2024/25,2024-12-20,Luton,Derby,2,1,H,0.0,0.0,D,18.0,10.0,5.0,3.0,12.0,14.0,7.0,4.0,1.0,3.0,0.0,0.0
2024/25,2024-12-21,Burnley,Watford,2,1,H,1.0,0.0,H,15.0,9.0,5.0,2.0,12.0,16.0,7.0,3.0,3.0,1.0,0.0,0.0
2024/25,2024-12-21,Cardiff,Sheffield United,0,2,A,0.0,0.0,D,8.0,12.0,2.0,5.0,13.0,11.0,3.0,6.0,3.0,1.0,0.0,0.0
2024/25,2024-12-21,Hull,Swansea,2,1,H,1.0,1.0,D,12.0,8.0,5.0,2.0,12.0,11.0,3.0,5.0,2.0,2.0,0.0,0.0
2024/25,2024-12-21,Leeds,Oxford,4,0,H,1.0,0.0,H,23.0,6.0,9.0,0.0,7.0,7.0,5.0,0.0,0.0,1.0,0.0,0.0
2024/25,2024-12-21,Millwall,Blackburn,1,0,H,0.0,0.0,D,17.0,6.0,4.0,1.0,12.0,15.0,6.0,4.0,0.0,2.0,0.0,0.0
2024/25,2024-12-21,Plymouth,Middlesbrough,3,3,D,1.0,0.0,H,12.0,17.0,5.0,6.0,8.0,8.0,3.0,6.0,2.0,2.0,0.0,0.0
2024/25,2024-12-21,Portsmouth,Coventry,4,1,H,2.0,1.0,H,12.0,7.0,7.0,3.0,14.0,14.0,10.0,2.0,1.0,0.0,0.0,0.0
2024/25,2024-12-21,QPR,Preston,2,1,H,0.0,1.0,A,16.0,2.0,4.0,2.0,10.0,16.0,5.0,1.0,1.0,0.0,0.0,1.0
2024/25,2024-12-21,Sheffield Weds,Stoke,2,0,H,0.0,0.0,D,6.0,15.0,4.0,4.0,12.0,12.0,6.0,6.0,2.0,2.0,1.0,0.0
2024/25,2024-12-21,Sunderland,Norwich,2,1,H,0.0,1.0,A,7.0,7.0,4.0,4.0,15.0,14.0,4.0,2.0,5.0,3.0,0.0,1.0
2024/25,2024-12-22,West Brom,Bristol City,2,0,H,2.0,0.0,H,17.0,8.0,4.0,2.0,8.0,17.0,6.0,1.0,2.0,3.0,0.0,0.0
2024/25,2024-12-26,Blackburn,Sunderland,2,2,D,1.0,0.0,H,12.0,13.0,3.0,4.0,11.0,14.0,5.0,4.0,2.0,3.0,0.0,0.0
2024/25,2024-12-26,Bristol City,Luton,1,0,H,0.0,0.0,D,10.0,7.0,3.0,2.0,9.0,9.0,5.0,4.0,2.0,1.0,0.0,0.0
2024/25,2024-12-26,Coventry,Plymouth,4,0,H,4.0,0.0,H,19.0,5.0,9.0,1.0,7.0,11.0,4.0,4.0,0.0,1.0,0.0,1.0
2024/25,2024-12-26,Derby,West Brom,2,1,H,1.0,0.0,H,13.0,14.0,4.0,3.0,13.0,8.0,5.0,3.0,1.0,1.0,0.0,0.0
2024/25,2024-12-26,Middlesbrough,Sheffield Weds,3,3,D,3.0,0.0,H,7.0,15.0,4.0,5.0,11.0,12.0,1.0,9.0,0.0,2.0,1.0,0.0
2024/25,2024-12-26,Norwich,Millwall,2,1,H,2.0,0.0,H,9.0,8.0,4.0,2.0,8.0,11.0,4.0,2.0,2.0,1.0,0.0,0.0
2024/25,2024-12-26,Oxford,Cardiff,3,2,H,1.0,0.0,H,13.0,8.0,5.0,3.0,14.0,7.0,3.0,0.0,1.0,1.0,0.0,0.0
2024/25,2024-12-26,Preston,Hull,1,0,H,0.0,0.0,D,8.0,10.0,2.0,4.0,10.0,13.0,2.0,2.0,3.0,1.0,0.0,0.0
2024/25,2024-12-26,Sheffield United,Burnley,0,2,A,0.0,1.0,A,9.0,8.0,3.0,4.0,10.0,14.0,6.0,5.0,3.0,1.0,0.0,0.0
2024/25,2024-12-26,Stoke,Leeds,0,2,A,0.0,1.0,A,3.0,20.0,2.0,5.0,8.0,8.0,1.0,7.0,4.0,0.0,0.0,0.0
2024/25,2024-12-26,Swansea,QPR,3,0,H,3.0,0.0,H,10.0,4.0,8.0,0.0,13.0,8.0,3.0,3.0,2.0,3.0,0.0,0.0
2024/25,2024-12-26,Watford,Portsmouth,2,1,H,0.0,1.0,A,13.0,5.0,6.0,1.0,12.0,13.0,11.0,5.0,1.0,6.0,1.0,0.0
2024/25,2024-12-29,Blackburn,Hull,0,1,A,0.0,0.0,D,14.0,8.0,2.0,3.0,12.0,16.0,8.0,3.0,3.0,0.0,0.0,0.0
2024/25,2024-12-29,Bristol City,Portsmouth,3,0,H,3.0,0.0,H,20.0,5.0,7.0,2.0,11.0,10.0,10.0,4.0,1.0,1.0,0.0,0.0
2024/25,2024-12-29,Coventry,Millwall,0,0,D,0.0,0.0,D,6.0,10.0,1.0,2.0,13.0,15.0,5.0,5.0,0.0,1.0,0.0,0.0
2024/25,2024-12-29,Derby,Leeds,0,1,A,0.0,0.0,D,4.0,17.0,1.0,6.0,14.0,9.0,2.0,9.0,1.0,1.0,0.0,0.0
2024/25,2024-12-29,Middlesbrough,Burnley,0,0,D,0.0,0.0,D,8.0,8.0,3.0,1.0,10.0,12.0,1.0,4.0,1.0,3.0,0.0,0.0
2024/25,2024-12-29,Norwich,QPR,1,1,D,0.0,1.0,A,19.0,4.0,4.0,0.0,15.0,18.0,4.0,4.0,1.0,4.0,0.0,0.0
2024/25,2024-12-29,Oxford,Plymouth,2,0,H,1.0,0.0,H,14.0,11.0,5.0,2.0,9.0,15.0,9.0,6.0,0.0,2.0,0.0,0.0
2024/25,2024-12-29,Preston,Sheffield Weds,3,1,H,1.0,0.0,H,14.0,18.0,7.0,3.0,15.0,18.0,3.0,6.0,0.0,2.0,0.0,0.0
2024/25,2024-12-29,Sheffield United,West Brom,1,1,D,1.0,1.0,D,14.0,10.0,2.0,6.0,12.0,11.0,2.0,2.0,3.0,2.0,0.0,0.0
2024/25,2024-12-29,Stoke,Sunderland,1,0,H,0.0,0.0,D,11.0,22.0,4.0,7.0,17.0,11.0,4.0,12.0,5.0,2.0,0.0,0.0
2024/25,2024-12-29,Swansea,Luton,2,1,H,1.0,1.0,D,12.0,4.0,9.0,1.0,14.0,17.0,8.0,1.0,1.0,2.0,0.0,1.0
2024/25,2024-12-29,Watford,Cardiff,1,2,A,1.0,2.0,A,9.0,9.0,1.0,3.0,15.0,12.0,4.0,2.0,2.0,3.0,0.0,0.0
2024/25,2025-01-01,Burnley,Stoke,0,0,D,0.0,0.0,D,18.0,14.0,2.0,3.0,8.0,16.0,6.0,2.0,1.0,4.0,1.0,0.0
2024/25,2025-01-01,Cardiff,Coventry,1,1,D,1.0,0.0,H,12.0,17.0,2.0,7.0,8.0,9.0,6.0,9.0,2.0,0.0,1.0,0.0
2024/25,2025-01-01,Hull,Middlesbrough,0,1,A,0.0,0.0,D,7.0,17.0,0.0,6.0,14.0,6.0,3.0,7.0,2.0,1.0,0.0,0.0
2024/25,2025-01-01,Leeds,Blackburn,1,1,D,0.0,0.0,D,12.0,4.0,4.0,2.0,9.0,15.0,8.0,3.0,2.0,4.0,0.0,0.0
2024/25,2025-01-01,Luton,Norwich,0,1,A,0.0,0.0,D,14.0,10.0,3.0,2.0,11.0,9.0,9.0,5.0,1.0,1.0,0.0,0.0
2024/25,2025-01-01,Millwall,Oxford,0,1,A,0.0,0.0,D,15.0,8.0,4.0,2.0,15.0,11.0,3.0,4.0,0.0,1.0,0.0,0.0
2024/25,2025-01-01,Plymouth,Bristol City,2,2,D,0.0,1.0,A,15.0,14.0,7.0,6.0,12.0,12.0,1.0,6.0,1.0,0.0,0.0,0.0
2024/25,2025-01-01,Portsmouth,Swansea,4,0,H,2.0,0.0,H,14.0,12.0,6.0,3.0,12.0,5.0,6.0,6.0,1.0,0.0,0.0,0.0
2024/25,2025-01-01,QPR,Watford,3,1,H,2.0,0.0,H,9.0,12.0,5.0,3.0,16.0,18.0,2.0,6.0,4.0,4.0,0.0,0.0
2024/25,2025-01-01,Sheffield Weds,Derby,4,2,H,1.0,0.0,H,13.0,17.0,8.0,8.0,8.0,8.0,4.0,11.0,1.0,2.0,0.0,0.0
2024/25,2025-01-01,Sunderland,Sheffield United,2,1,H,2.0,1.0,H,14.0,16.0,6.0,3.0,13.0,7.0,4.0,10.0,4.0,1.0,0.0,0.0
2024/25,2025-01-01,West Brom,Preston,3,1,H,3.0,0.0,H,12.0,10.0,7.0,5.0,12.0,14.0,3.0,5.0,1.0,4.0,0.0,0.0
2024/25,2025-01-04,Blackburn,Burnley,0,1,A,0.0,0.0,D,11.0,4.0,1.0,2.0,16.0,18.0,10.0,0.0,2.0,2.0,0.0,0.0
2024/25,2025-01-04,Bristol City,Derby,1,0,H,1.0,0.0,H,11.0,9.0,2.0,3.0,7.0,12.0,6.0,7.0,3.0,1.0,0.0,0.0
2024/25,2025-01-04,Hull,Leeds,3,3,D,1.0,0.0,H,15.0,17.0,6.0,9.0,14.0,9.0,5.0,7.0,0.0,1.0,0.0,0.0
2024/25,2025-01-04,Middlesbrough,Cardiff,1,1,D,1.0,1.0,D,9.0,8.0,3.0,2.0,9.0,15.0,4.0,4.0,2.0,3.0,0.0,0.0
2024/25,2025-01-04,Norwich,Coventry,2,1,H,0.0,1.0,A,24.0,6.0,9.0,2.0,9.0,16.0,9.0,1.0,1.0,2.0,0.0,0.0
2024/25,2025-01-04,Preston,Oxford,1,1,D,0.0,1.0,A,19.0,5.0,5.0,3.0,12.0,13.0,4.0,2.0,3.0,3.0,0.0,0.0
2024/25,2025-01-04,Sheffield Weds,Millwall,2,2,D,1.0,0.0,H,14.0,14.0,2.0,6.0,16.0,17.0,4.0,2.0,1.0,3.0,0.0,0.0
2024/25,2025-01-04,Stoke,Plymouth,0,0,D,0.0,0.0,D,18.0,2.0,3.0,1.0,13.0,11.0,6.0,3.0,1.0,2.0,0.0,0.0
2024/25,2025-01-04,Swansea,West Brom,1,1,D,0.0,0.0,D,11.0,16.0,2.0,4.0,6.0,8.0,5.0,6.0,2.0,4.0,0.0,0.0
2024/25,2025-01-04,Watford,Sheffield United,1,2,A,1.0,1.0,D,7.0,7.0,4.0,6.0,9.0,8.0,4.0,0.0,2.0,1.0,0.0,0.0
2024/25,2025-01-05,Sunderland,Portsmouth,1,0,H,1.0,0.0,H,24.0,6.0,8.0,1.0,9.0,10.0,7.0,3.0,1.0,2.0,0.0,1.0
2024/25,2025-01-06,QPR,Luton,2,1,H,1.0,1.0,D,15.0,18.0,6.0,4.0,10.0,9.0,3.0,4.0,1.0,1.0,0.0,0.0
2024/25,2025-01-14,Cardiff,Watford,1,1,D,0.0,0.0,D,12.0,4.0,4.0,2.0,8.0,14.0,7.0,3.0,1.0,2.0,0.0,0.0
2024/25,2025-01-14,Plymouth,Oxford,1,1,D,0.0,1.0,A,11.0,8.0,2.0,3.0,8.0,10.0,6.0,3.0,1.0,1.0,0.0,0.0
2024/25,2025-01-15,Blackburn,Portsmouth,3,0,H,0.0,0.0,D,13.0,11.0,6.0,2.0,15.0,19.0,5.0,6.0,1.0,3.0,0.0,0.0
2024/25,2025-01-17,Burnley,Sunderland,0,0,D,0.0,0.0,D,9.0,14.0,4.0,3.0,9.0,9.0,5.0,4.0,3.0,2.0,0.0,0.0
2024/25,2025-01-18,Cardiff,Swansea,3,0,H,0.0,0.0,D,11.0,6.0,6.0,2.0,14.0,11.0,3.0,6.0,1.0,4.0,0.0,0.0
2024/25,2025-01-18,Coventry,Bristol City,1,0,H,0.0,0.0,D,16.0,10.0,4.0,2.0,3.0,11.0,3.0,5.0,0.0,0.0,0.0,0.0
2024/25,2025-01-18,Derby,Watford,0,2,A,0.0,1.0,A,15.0,15.0,3.0,5.0,11.0,11.0,4.0,8.0,1.0,3.0,0.0,0.0
2024/25,2025-01-18,Luton,Preston,0,0,D,0.0,0.0,D,9.0,2.0,4.0,0.0,13.0,21.0,3.0,1.0,3.0,2.0,0.0,0.0
2024/25,2025-01-18,Millwall,Hull,0,1,A,0.0,0.0,D,12.0,7.0,1.0,2.0,13.0,16.0,1.0,3.0,1.0,1.0,0.0,0.0
2024/25,2025-01-18,Oxford,Blackburn,1,0,H,0.0,0.0,D,17.0,14.0,7.0,4.0,12.0,10.0,4.0,3.0,1.0,3.0,0.0,0.0
2024/25,2025-01-18,Plymouth,QPR,0,1,A,0.0,0.0,D,4.0,15.0,1.0,7.0,9.0,9.0,8.0,6.0,1.0,3.0,0.0,0.0
2024/25,2025-01-18,Portsmouth,Middlesbrough,2,1,H,0.0,1.0,A,13.0,12.0,5.0,5.0,11.0,9.0,7.0,5.0,1.0,2.0,0.0,0.0
2024/25,2025-01-18,Sheffield United,Norwich,2,0,H,1.0,0.0,H,22.0,11.0,6.0,0.0,9.0,12.0,7.0,6.0,1.0,2.0,0.0,0.0
2024/25,2025-01-18,West Brom,Stoke,1,1,D,0.0,1.0,A,23.0,5.0,4.0,2.0,6.0,11.0,12.0,0.0,2.0,0.0,0.0,0.0
2024/25,2025-01-19,Leeds,Sheffield Weds,3,0,H,1.0,0.0,H,16.0,6.0,5.0,3.0,11.0,13.0,9.0,6.0,1.0,2.0,0.0,0.0
2024/25,2025-01-21,Blackburn,Coventry,0,2,A,0.0,1.0,A,14.0,9.0,7.0,4.0,11.0,15.0,4.0,4.0,0.0,1.0,0.0,0.0
2024/25,2025-01-21,Derby,Sunderland,0,1,A,0.0,1.0,A,9.0,8.0,3.0,3.0,9.0,12.0,8.0,4.0,1.0,1.0,0.0,0.0
2024/25,2025-01-21,Hull,QPR,1,2,A,0.0,0.0,D,12.0,8.0,3.0,4.0,14.0,13.0,4.0,3.0,3.0,1.0,0.0,0.0
2024/25,2025-01-21,Middlesbrough,West Brom,2,0,H,1.0,0.0,H,14.0,14.0,4.0,1.0,13.0,7.0,5.0,5.0,1.0,0.0,0.0,0.0
2024/25,2025-01-21,Millwall,Cardiff,2,2,D,2.0,1.0,H,7.0,13.0,3.0,5.0,10.0,11.0,4.0,2.0,0.0,0.0,0.0,0.0
2024/25,2025-01-21,Oxford,Luton,3,2,H,1.0,2.0,A,12.0,8.0,5.0,3.0,11.0,17.0,6.0,5.0,3.0,3.0,0.0,0.0
2024/25,2025-01-21,Swansea,Sheffield United,1,2,A,1.0,0.0,H,8.0,14.0,5.0,3.0,11.0,20.0,1.0,2.0,3.0,4.0,1.0,0.0
2024/25,2025-01-21,Watford,Preston,1,2,A,0.0,1.0,A,10.0,15.0,4.0,8.0,8.0,14.0,4.0,2.0,0.0,2.0,0.0,0.0
2024/25,2025-01-22,Leeds,Norwich,2,0,H,1.0,0.0,H,14.0,3.0,7.0,0.0,11.0,11.0,9.0,4.0,4.0,2.0,0.0,0.0
2024/25,2025-01-22,Plymouth,Burnley,0,5,A,0.0,5.0,A,4.0,17.0,1.0,9.0,14.0,9.0,1.0,5.0,1.0,0.0,0.0,0.0
2024/25,2025-01-22,Portsmouth,Stoke,3,1,H,2.0,1.0,H,17.0,8.0,7.0,2.0,12.0,9.0,7.0,1.0,2.0,5.0,0.0,0.0
2024/25,2025-01-22,Sheffield Weds,Bristol City,2,2,D,1.0,0.0,H,16.0,13.0,5.0,3.0,12.0,8.0,7.0,4.0,2.0,2.0,0.0,0.0
2024/25,2025-01-24,Sheffield United,Hull,0,3,A,0.0,1.0,A,16.0,8.0,2.0,5.0,8.0,15.0,11.0,1.0,0.0,2.0,0.0,0.0
2024/25,2025-01-25,Bristol City,Blackburn,2,1,H,1.0,1.0,D,16.0,10.0,5.0,3.0,8.0,19.0,1.0,7.0,1.0,4.0,0.0,0.0
2024/25,2025-01-25,Cardiff,Derby,2,1,H,0.0,0.0,D,17.0,9.0,9.0,6.0,12.0,11.0,5.0,10.0,2.0,1.0,0.0,0.0
2024/25,2025-01-25,Coventry,Watford,2,1,H,1.0,0.0,H,14.0,12.0,2.0,3.0,10.0,12.0,5.0,3.0,3.0,4.0,0.0,0.0
2024/25,2025-01-25,Luton,Millwall,0,1,A,0.0,0.0,D,12.0,13.0,2.0,6.0,11.0,19.0,7.0,5.0,2.0,4.0,0.0,0.0
2024/25,2025-01-25,Norwich,Swansea,5,1,H,1.0,0.0,H,18.0,12.0,8.0,3.0,10.0,9.0,7.0,8.0,2.0,1.0,0.0,0.0
2024/25,2025-01-25,Preston,Middlesbrough,2,1,H,1.0,0.0,H,10.0,16.0,4.0,6.0,11.0,6.0,6.0,4.0,3.0,1.0,0.0,0.0
2024/25,2025-01-25,QPR,Sheffield Weds,0,2,A,0.0,0.0,D,13.0,15.0,2.0,5.0,10.0,16.0,12.0,6.0,2.0,1.0,0.0,0.0
2024/25,2025-01-25,Stoke,Oxford,0,0,D,0.0,0.0,D,7.0,13.0,4.0,4.0,14.0,10.0,5.0,5.0,3.0,4.0,0.0,0.0
2024/25,2025-01-25,Sunderland,Plymouth,2,2,D,0.0,0.0,D,12.0,7.0,5.0,3.0,7.0,21.0,7.0,2.0,1.0,4.0,0.0,0.0
2024/25,2025-01-25,West Brom,Portsmouth,5,1,H,4.0,0.0,H,18.0,14.0,11.0,4.0,5.0,14.0,7.0,5.0,0.0,3.0,0.0,0.0
2024/25,2025-01-27,Burnley,Leeds,0,0,D,0.0,0.0,D,4.0,8.0,0.0,1.0,9.0,11.0,1.0,5.0,0.0,3.0,0.0,0.0
2024/25,2025-01-28,Portsmouth,Millwall,0,1,A,0.0,1.0,A,15.0,7.0,3.0,1.0,9.0,15.0,7.0,3.0,0.0,2.0,0.0,0.0
2024/25,2025-01-31,Blackburn,Preston,2,1,H,1.0,0.0,H,13.0,11.0,2.0,2.0,13.0,6.0,7.0,4.0,1.0,1.0,0.0,0.0
2024/25,2025-02-01,Derby,Sheffield United,0,1,A,0.0,0.0,D,10.0,6.0,2.0,3.0,10.0,12.0,2.0,2.0,1.0,1.0,0.0,0.0
2024/25,2025-02-01,Hull,Stoke,1,2,A,1.0,1.0,D,22.0,11.0,8.0,5.0,10.0,11.0,8.0,4.0,1.0,1.0,0.0,0.0
2024/25,2025-02-01,Leeds,Cardiff,7,0,H,2.0,0.0,H,29.0,2.0,12.0,2.0,10.0,17.0,14.0,1.0,0.0,2.0,0.0,0.0
2024/25,2025-02-01,Millwall,QPR,2,1,H,2.0,1.0,H,7.0,13.0,4.0,5.0,10.0,12.0,2.0,11.0,1.0,2.0,0.0,0.0
2024/25,2025-02-01,Oxford,Bristol City,1,1,D,0.0,0.0,D,20.0,7.0,4.0,2.0,9.0,14.0,5.0,3.0,4.0,2.0,0.0,2.0
2024/25,2025-02-01,Plymouth,West Brom,2,1,H,0.0,0.0,D,8.0,11.0,4.0,4.0,10.0,4.0,2.0,5.0,0.0,1.0,0.0,0.0
2024/25,2025-02-01,Portsmouth,Burnley,0,0,D,0.0,0.0,D,18.0,14.0,3.0,6.0,10.0,9.0,3.0,3.0,3.0,1.0,0.0,0.0
2024/25,2025-02-01,Sheffield Weds,Luton,1,1,D,0.0,1.0,A,17.0,8.0,4.0,1.0,11.0,12.0,9.0,5.0,1.0,1.0,0.0,0.0
2024/25,2025-02-01,Swansea,Coventry,0,2,A,0.0,2.0,A,6.0,16.0,1.0,5.0,13.0,11.0,8.0,2.0,2.0,0.0,0.0,0.0
2024/25,2025-02-01,Watford,Norwich,0,1,A,0.0,1.0,A,9.0,16.0,1.0,5.0,14.0,8.0,4.0,6.0,3.0,0.0,1.0,0.0
2024/25,2025-02-03,Middlesbrough,Sunderland,2,3,A,1.0,1.0,D,12.0,12.0,4.0,9.0,11.0,15.0,1.0,5.0,2.0,3.0,0.0,0.0
2024/25,2025-02-04,Burnley,Oxford,1,0,H,1.0,0.0,H,15.0,7.0,7.0,0.0,10.0,11.0,12.0,3.0,2.0,2.0,0.0,0.0
2024/25,2025-02-04,QPR,Blackburn,2,1,H,1.0,0.0,H,17.0,10.0,6.0,4.0,9.0,11.0,11.0,2.0,0.0,0.0,0.0,0.0
2024/25,2025-02-05,Coventry,Leeds,0,2,A,0.0,2.0,A,9.0,20.0,4.0,8.0,11.0,10.0,3.0,8.0,2.0,1.0,0.0,0.0
2024/25,2025-02-08,Norwich,Derby,1,1,D,0.0,0.0,D,8.0,6.0,3.0,2.0,8.0,7.0,2.0,4.0,2.0,2.0,0.0,0.0
2024/25,2025-02-08,Sheffield United,Portsmouth,2,1,H,1.0,1.0,D,11.0,16.0,3.0,5.0,17.0,10.0,5.0,5.0,4.0,1.0,0.0,0.0
2024/25,2025-02-08,Sunderland,Watford,2,2,D,1.0,1.0,D,14.0,11.0,7.0,5.0,12.0,20.0,7.0,3.0,5.0,1.0,0.0,0.0
2024/25,2025-02-08,West Brom,Sheffield Weds,2,1,H,0.0,0.0,D,15.0,15.0,5.0,4.0,8.0,8.0,12.0,2.0,2.0,3.0,1.0,0.0
2024/25,2025-02-09,Bristol City,Swansea,0,1,A,0.0,0.0,D,19.0,9.0,3.0,5.0,9.0,8.0,11.0,3.0,0.0,0.0,0.0,0.0
2024/25,2025-02-11,Coventry,QPR,1,0,H,0.0,0.0,D,10.0,12.0,6.0,3.0,10.0,8.0,10.0,9.0,3.0,2.0,0.0,0.0
2024/25,2025-02-11,Derby,Oxford,0,0,D,0.0,0.0,D,14.0,6.0,4.0,1.0,11.0,4.0,3.0,4.0,1.0,0.0,0.0,0.0
2024/25,2025-02-11,Norwich,Preston,0,1,A,0.0,1.0,A,11.0,8.0,1.0,1.0,14.0,11.0,8.0,3.0,1.0,3.0,0.0,0.0
2024/25,2025-02-11,Portsmouth,Cardiff,2,1,H,2.0,1.0,H,19.0,12.0,8.0,6.0,9.0,9.0,10.0,4.0,2.0,2.0,0.0,0.0
2024/25,2025-02-11,Watford,Leeds,0,4,A,0.0,3.0,A,6.0,20.0,2.0,7.0,12.0,6.0,7.0,7.0,0.0,0.0,0.0,0.0
2024/25,2025-02-12,Bristol City,Stoke,2,0,H,1.0,0.0,H,10.0,5.0,6.0,0.0,12.0,9.0,2.0,1.0,2.0,2.0,0.0,0.0
2024/25,2025-02-12,Burnley,Hull,2,0,H,2.0,0.0,H,16.0,9.0,5.0,3.0,5.0,11.0,9.0,3.0,0.0,1.0,0.0,0.0
2024/25,2025-02-12,Plymouth,Millwall,5,1,H,2.0,0.0,H,13.0,13.0,7.0,6.0,19.0,10.0,2.0,6.0,1.0,0.0,0.0,0.0
2024/25,2025-02-12,Sheffield United,Middlesbrough,3,1,H,1.0,1.0,D,18.0,10.0,9.0,4.0,11.0,11.0,10.0,4.0,2.0,3.0,0.0,0.0
2024/25,2025-02-12,Sunderland,Luton,2,0,H,1.0,0.0,H,13.0,4.0,3.0,1.0,6.0,9.0,6.0,1.0,0.0,2.0,0.0,0.0
2024/25,2025-02-12,Swansea,Sheffield Weds,0,1,A,0.0,0.0,D,4.0,10.0,1.0,5.0,10.0,12.0,1.0,7.0,0.0,2.0,0.0,0.0
2024/25,2025-02-12,West Brom,Blackburn,0,2,A,0.0,0.0,D,13.0,6.0,3.0,4.0,7.0,11.0,11.0,1.0,0.0,1.0,0.0,0.0
2024/25,2025-02-14,QPR,Derby,4,0,H,2.0,0.0,H,12.0,7.0,5.0,1.0,9.0,14.0,2.0,3.0,0.0,2.0,0.0,0.0
2024/25,2025-02-15,Blackburn,Plymouth,2,0,H,0.0,0.0,D,17.0,7.0,7.0,3.0,6.0,17.0,6.0,3.0,0.0,2.0,0.0,0.0
2024/25,2025-02-15,Cardiff,Bristol City,1,1,D,0.0,0.0,D,13.0,11.0,6.0,4.0,12.0,9.0,4.0,5.0,2.0,2.0,0.0,0.0
2024/25,2025-02-15,Hull,Norwich,1,1,D,1.0,0.0,H,12.0,15.0,4.0,3.0,14.0,13.0,5.0,3.0,1.0,2.0,0.0,0.0
2024/25,2025-02-15,Luton,Sheffield United,0,1,A,0.0,0.0,D,14.0,12.0,5.0,4.0,12.0,10.0,5.0,3.0,1.0,3.0,0.0,0.0
2024/25,2025-02-15,Middlesbrough,Watford,0,1,A,0.0,1.0,A,13.0,14.0,5.0,6.0,7.0,7.0,8.0,5.0,2.0,2.0,0.0,0.0
2024/25,2025-02-15,Millwall,West Brom,1,1,D,1.0,1.0,D,11.0,7.0,6.0,3.0,15.0,15.0,5.0,2.0,1.0,2.0,0.0,0.0
2024/25,2025-02-15,Oxford,Portsmouth,0,2,A,0.0,0.0,D,10.0,13.0,1.0,4.0,8.0,12.0,4.0,5.0,0.0,2.0,0.0,0.0
2024/25,2025-02-15,Preston,Burnley,0,0,D,0.0,0.0,D,5.0,11.0,1.0,2.0,18.0,13.0,2.0,6.0,2.0,3.0,0.0,0.0
2024/25,2025-02-15,Sheffield Weds,Coventry,1,2,A,0.0,1.0,A,22.0,9.0,8.0,4.0,11.0,9.0,10.0,1.0,0.0,1.0,0.0,0.0
2024/25,2025-02-15,Stoke,Swansea,3,1,H,0.0,0.0,D,8.0,7.0,5.0,2.0,19.0,8.0,1.0,6.0,3.0,1.0,0.0,0.0
2024/25,2025-02-17,Leeds,Sunderland,2,1,H,0.0,1.0,A,21.0,6.0,4.0,6.0,11.0,11.0,10.0,0.0,3.0,6.0,0.0,0.0
2024/25,2025-02-18,Preston,Millwall,1,1,D,0.0,1.0,A,16.0,9.0,4.0,3.0,10.0,16.0,7.0,4.0,0.0,4.0,0.0,0.0
2024/25,2025-02-19,Luton,Plymouth,1,1,D,0.0,0.0,D,17.0,3.0,2.0,1.0,7.0,18.0,10.0,2.0,0.0,2.0,0.0,0.0
2024/25,2025-02-21,Bristol City,Middlesbrough,2,1,H,0.0,1.0,A,21.0,11.0,7.0,4.0,10.0,13.0,4.0,1.0,0.0,2.0,0.0,0.0
2024/25,2025-02-21,Burnley,Sheffield Weds,4,0,H,1.0,0.0,H,7.0,11.0,4.0,2.0,10.0,16.0,4.0,9.0,3.0,4.0,0.0,0.0
2024/25,2025-02-22,Coventry,Preston,2,1,H,2.0,0.0,H,17.0,7.0,9.0,3.0,10.0,10.0,10.0,3.0,0.0,1.0,0.0,0.0
2024/25,2025-02-22,Derby,Millwall,0,1,A,0.0,0.0,D,9.0,11.0,0.0,4.0,10.0,8.0,4.0,4.0,2.0,0.0,0.0,0.0
2024/25,2025-02-22,Norwich,Stoke,4,2,H,1.0,1.0,D,16.0,7.0,7.0,4.0,5.0,8.0,4.0,4.0,0.0,1.0,0.0,0.0
2024/25,2025-02-22,Plymouth,Cardiff,1,1,D,0.0,1.0,A,14.0,11.0,1.0,3.0,13.0,13.0,0.0,6.0,4.0,3.0,0.0,1.0
2024/25,2025-02-22,Portsmouth,QPR,2,1,H,0.0,0.0,D,7.0,9.0,3.0,4.0,16.0,11.0,5.0,1.0,3.0,2.0,0.0,0.0
2024/25,2025-02-22,Sunderland,Hull,0,1,A,0.0,1.0,A,17.0,8.0,2.0,4.0,6.0,15.0,5.0,3.0,0.0,3.0,0.0,0.0
2024/25,2025-02-22,Swansea,Blackburn,3,0,H,2.0,0.0,H,14.0,6.0,5.0,2.0,7.0,15.0,5.0,7.0,0.0,2.0,0.0,0.0
2024/25,2025-02-22,West Brom,Oxford,2,0,H,1.0,0.0,H,22.0,5.0,5.0,0.0,8.0,10.0,13.0,2.0,2.0,3.0,0.0,0.0
2024/25,2025-02-23,Watford,Luton,2,0,H,2.0,0.0,H,10.0,10.0,5.0,2.0,13.0,17.0,4.0,6.0,2.0,2.0,0.0,0.0
2024/25,2025-02-24,Sheffield United,Leeds,1,3,A,1.0,0.0,H,10.0,18.0,4.0,8.0,9.0,7.0,3.0,5.0,1.0,1.0,0.0,0.0
2024/25,2025-02-25,Cardiff,Hull,1,0,H,0.0,0.0,D,8.0,4.0,4.0,1.0,12.0,9.0,5.0,3.0,2.0,2.0,0.0,0.0
2024/25,2025-02-25,Stoke,Middlesbrough,1,3,A,1.0,1.0,D,12.0,16.0,3.0,6.0,10.0,6.0,5.0,1.0,2.0,2.0,0.0,0.0
2024/25,2025-02-28,Sheffield Weds,Sunderland,1,2,A,0.0,1.0,A,9.0,11.0,4.0,4.0,10.0,13.0,5.0,9.0,1.0,1.0,0.0,0.0
2024/25,2025-03-01,Blackburn,Norwich,1,1,D,0.0,0.0,D,10.0,11.0,1.0,3.0,15.0,11.0,5.0,2.0,0.0,1.0,1.0,0.0
2024/25,2025-03-01,Leeds,West Brom,1,1,D,1.0,1.0,D,15.0,7.0,2.0,3.0,13.0,11.0,10.0,3.0,0.0,0.0,0.0,0.0
2024/25,2025-03-01,Luton,Portsmouth,1,0,H,1.0,0.0,H,10.0,7.0,2.0,1.0,10.0,14.0,2.0,7.0,2.0,4.0,0.0,0.0
2024/25,2025-03-01,Middlesbrough,Derby,1,0,H,0.0,0.0,D,18.0,5.0,6.0,1.0,9.0,13.0,5.0,3.0,1.0,2.0,0.0,0.0
2024/25,2025-03-01,Oxford,Coventry,2,3,A,0.0,1.0,A,10.0,18.0,4.0,6.0,14.0,10.0,3.0,11.0,3.0,3.0,0.0,0.0
2024/25,2025-03-01,QPR,Sheffield United,1,2,A,0.0,1.0,A,16.0,8.0,4.0,2.0,15.0,14.0,6.0,2.0,3.0,3.0,0.0,0.0
2024/25,2025-03-01,Stoke,Watford,0,0,D,0.0,0.0,D,8.0,8.0,2.0,1.0,15.0,12.0,4.0,5.0,1.0,2.0,0.0,0.0
2024/25,2025-03-04,Cardiff,Burnley,1,2,A,1.0,2.0,A,9.0,12.0,2.0,5.0,9.0,7.0,5.0,6.0,0.0,3.0,0.0,0.0
2024/25,2025-03-04,Hull,Plymouth,2,0,H,0.0,0.0,D,11.0,3.0,5.0,0.0,11.0,12.0,7.0,4.0,1.0,3.0,0.0,0.0
2024/25,2025-03-04,Millwall,Bristol City,0,2,A,0.0,0.0,D,13.0,11.0,1.0,5.0,5.0,11.0,4.0,6.0,0.0,0.0,0.0,0.0
2024/25,2025-03-04,Preston,Swansea,0,0,D,0.0,0.0,D,20.0,8.0,5.0,1.0,12.0,7.0,6.0,1.0,0.0,0.0,0.0,0.0
2024/25,2025-03-07,Norwich,Oxford,1,1,D,1.0,1.0,D,15.0,3.0,6.0,2.0,7.0,11.0,12.0,1.0,0.0,2.0,0.0,0.0
2024/25,2025-03-08,Bristol City,Hull,1,1,D,0.0,1.0,A,26.0,5.0,10.0,1.0,9.0,5.0,14.0,1.0,1.0,3.0,0.0,1.0
2024/25,2025-03-08,Burnley,Luton,4,0,H,2.0,0.0,H,16.0,3.0,3.0,2.0,5.0,18.0,6.0,4.0,3.0,2.0,0.0,1.0
2024/25,2025-03-08,Coventry,Stoke,3,2,H,2.0,0.0,H,13.0,11.0,3.0,4.0,8.0,8.0,7.0,5.0,1.0,3.0,0.0,0.0
2024/25,2025-03-08,Derby,Blackburn,2,1,H,2.0,1.0,H,9.0,13.0,2.0,4.0,15.0,16.0,2.0,4.0,3.0,3.0,0.0,0.0
2024/25,2025-03-08,Plymouth,Sheffield Weds,0,3,A,0.0,2.0,A,4.0,7.0,2.0,3.0,16.0,14.0,2.0,2.0,3.0,5.0,0.0,0.0
2024/25,2025-03-08,Sheffield United,Preston,1,0,H,0.0,0.0,D,11.0,8.0,4.0,3.0,13.0,14.0,8.0,3.0,1.0,4.0,0.0,0.0
2024/25,2025-03-08,Sunderland,Cardiff,2,1,H,1.0,1.0,D,19.0,6.0,4.0,2.0,10.0,16.0,4.0,3.0,1.0,2.0,0.0,0.0
2024/25,2025-03-08,Swansea,Middlesbrough,1,0,H,1.0,0.0,H,13.0,9.0,4.0,1.0,16.0,12.0,5.0,6.0,1.0,1.0,0.0,0.0
2024/25,2025-03-08,Watford,Millwall,1,2,A,1.0,0.0,H,14.0,11.0,5.0,4.0,7.0,7.0,11.0,4.0,0.0,1.0,0.0,0.0
2024/25,2025-03-08,West Brom,QPR,1,0,H,1.0,0.0,H,2.0,10.0,1.0,1.0,13.0,14.0,3.0,4.0,4.0,4.0,1.0,0.0
2024/25,2025-03-09,Portsmouth,Leeds,1,0,H,0.0,0.0,D,13.0,13.0,3.0,4.0,9.0,9.0,7.0,6.0,2.0,0.0,0.0,0.0
2024/25,2025-03-11,Burnley,West Brom,1,1,D,1.0,1.0,D,8.0,7.0,2.0,3.0,10.0,17.0,6.0,2.0,0.0,2.0,1.0,0.0
2024/25,2025-03-11,Cardiff,Luton,1,2,A,0.0,0.0,D,12.0,9.0,4.0,4.0,10.0,9.0,4.0,3.0,1.0,1.0,0.0,0.0
2024/25,2025-03-11,Derby,Coventry,2,0,H,1.0,0.0,H,6.0,13.0,2.0,4.0,6.0,8.0,4.0,8.0,2.0,1.0,0.0,0.0
2024/25,2025-03-11,Middlesbrough,QPR,2,1,H,1.0,0.0,H,16.0,9.0,5.0,5.0,9.0,10.0,4.0,4.0,0.0,0.0,0.0,0.0
2024/25,2025-03-11,Norwich,Sheffield Weds,2,3,A,2.0,0.0,H,10.0,15.0,3.0,5.0,14.0,10.0,9.0,3.0,0.0,4.0,0.0,0.0
2024/25,2025-03-11,Sheffield United,Bristol City,1,1,D,0.0,0.0,D,13.0,23.0,5.0,4.0,8.0,9.0,5.0,4.0,1.0,3.0,0.0,0.0
2024/25,2025-03-11,Sunderland,Preston,1,1,D,0.0,0.0,D,20.0,15.0,2.0,2.0,10.0,11.0,7.0,2.0,1.0,3.0,0.0,0.0
2024/25,2025-03-12,Hull,Oxford,2,1,H,0.0,0.0,D,14.0,12.0,2.0,3.0,13.0,7.0,4.0,6.0,2.0,1.0,1.0,0.0
2024/25,2025-03-12,Leeds,Millwall,2,0,H,1.0,0.0,H,18.0,4.0,2.0,0.0,7.0,12.0,4.0,3.0,0.0,0.0,0.0,0.0
2024/25,2025-03-12,Portsmouth,Plymouth,1,2,A,0.0,1.0,A,16.0,6.0,3.0,3.0,13.0,15.0,7.0,0.0,2.0,1.0,0.0,1.0
2024/25,2025-03-12,Stoke,Blackburn,1,0,H,1.0,0.0,H,8.0,10.0,3.0,2.0,16.0,14.0,3.0,4.0,2.0,2.0,0.0,0.0
2024/25,2025-03-12,Watford,Swansea,1,0,H,1.0,0.0,H,9.0,12.0,2.0,3.0,16.0,3.0,1.0,6.0,3.0,2.0,0.0,0.0
2024/25,2025-03-14,Bristol City,Norwich,2,1,H,2.0,0.0,H,13.0,20.0,5.0,6.0,11.0,10.0,5.0,3.0,4.0,1.0,0.0,0.0
2024/25,2025-03-15,Blackburn,Cardiff,1,2,A,1.0,1.0,D,8.0,10.0,2.0,4.0,14.0,11.0,3.0,1.0,0.0,1.0,0.0,0.0
2024/25,2025-03-15,Coventry,Sunderland,3,0,H,2.0,0.0,H,21.0,6.0,5.0,1.0,9.0,11.0,6.0,1.0,1.0,2.0,0.0,0.0
2024/25,2025-03-15,Luton,Middlesbrough,0,0,D,0.0,0.0,D,19.0,7.0,5.0,0.0,18.0,12.0,9.0,3.0,2.0,3.0,0.0,0.0
2024/25,2025-03-15,Millwall,Stoke,1,0,H,0.0,0.0,D,11.0,5.0,4.0,1.0,8.0,13.0,7.0,5.0,2.0,5.0,0.0,0.0
2024/25,2025-03-15,Oxford,Watford,1,0,H,0.0,0.0,D,8.0,16.0,3.0,4.0,11.0,8.0,4.0,5.0,1.0,1.0,0.0,1.0
2024/25,2025-03-15,Plymouth,Derby,2,3,A,1.0,2.0,A,11.0,9.0,3.0,5.0,4.0,13.0,7.0,3.0,0.0,3.0,0.0,0.0
2024/25,2025-03-15,Preston,Portsmouth,2,1,H,0.0,0.0,D,14.0,9.0,6.0,2.0,13.0,14.0,6.0,5.0,1.0,1.0,1.0,0.0
2024/25,2025-03-15,QPR,Leeds,2,2,D,2.0,1.0,H,8.0,10.0,4.0,3.0,17.0,12.0,1.0,8.0,3.0,2.0,1.0,0.0
2024/25,2025-03-15,Swansea,Burnley,0,2,A,0.0,2.0,A,5.0,12.0,1.0,5.0,12.0,12.0,4.0,4.0,1.0,0.0,0.0,0.0
2024/25,2025-03-15,West Brom,Hull,1,1,D,0.0,0.0,D,16.0,7.0,3.0,4.0,6.0,14.0,6.0,5.0,1.0,5.0,0.0,0.0
2024/25,2025-03-16,Sheffield Weds,Sheffield United,0,1,A,0.0,0.0,D,14.0,9.0,3.0,2.0,18.0,8.0,7.0,2.0,3.0,3.0,0.0,0.0
2024/25,2025-03-28,Sheffield United,Coventry,3,1,H,2.0,0.0,H,16.0,11.0,6.0,4.0,11.0,9.0,8.0,2.0,1.0,2.0,0.0,0.0
2024/25,2025-03-29,Burnley,Bristol City,1,0,H,1.0,0.0,H,14.0,4.0,3.0,1.0,11.0,9.0,7.0,2.0,0.0,0.0,0.0,0.0
2024/25,2025-03-29,Cardiff,Sheffield Weds,1,1,D,1.0,0.0,H,14.0,9.0,5.0,2.0,12.0,10.0,9.0,1.0,2.0,1.0,0.0,0.0
2024/25,2025-03-29,Hull,Luton,0,1,A,0.0,0.0,D,14.0,8.0,3.0,2.0,10.0,10.0,10.0,4.0,0.0,0.0,0.0,0.0
2024/25,2025-03-29,Leeds,Swansea,2,2,D,1.0,0.0,H,15.0,9.0,7.0,6.0,13.0,16.0,5.0,4.0,3.0,4.0,0.0,0.0
2024/25,2025-03-29,Middlesbrough,Oxford,2,1,H,0.0,1.0,A,24.0,9.0,4.0,3.0,5.0,11.0,11.0,5.0,0.0,2.0,0.0,0.0
2024/25,2025-03-29,Norwich,West Brom,1,0,H,0.0,0.0,D,9.0,16.0,3.0,7.0,15.0,12.0,3.0,6.0,1.0,0.0,0.0,0.0
2024/25,2025-03-29,Portsmouth,Blackburn,1,0,H,1.0,0.0,H,3.0,9.0,2.0,3.0,13.0,13.0,2.0,5.0,4.0,2.0,0.0,0.0
2024/25,2025-03-29,Stoke,QPR,3,1,H,2.0,0.0,H,11.0,9.0,6.0,3.0,10.0,9.0,3.0,2.0,1.0,3.0,0.0,0.0
2024/25,2025-03-29,Sunderland,Millwall,1,0,H,1.0,0.0,H,13.0,5.0,6.0,2.0,14.0,13.0,6.0,1.0,4.0,3.0,0.0,0.0
2024/25,2025-03-29,Watford,Plymouth,0,0,D,0.0,0.0,D,17.0,7.0,1.0,1.0,11.0,11.0,14.0,5.0,1.0,3.0,0.0,0.0
2024/25,2025-04-02,Derby,Preston,2,0,H,0.0,0.0,D,7.0,5.0,2.0,1.0,11.0,10.0,4.0,3.0,1.0,2.0,0.0,0.0
2024/25,2025-04-04,Blackburn,Middlesbrough,0,2,A,0.0,2.0,A,7.0,12.0,2.0,3.0,15.0,10.0,4.0,3.0,2.0,0.0,0.0,0.0
2024/25,2025-04-05,Bristol City,Watford,2,1,H,2.0,0.0,H,7.0,8.0,4.0,3.0,11.0,9.0,2.0,2.0,1.0,1.0,0.0,0.0
2024/25,2025-04-05,Coventry,Burnley,1,2,A,1.0,1.0,D,14.0,13.0,4.0,6.0,14.0,18.0,1.0,5.0,2.0,4.0,0.0,0.0
2024/25,2025-04-05,Luton,Leeds,1,1,D,1.0,1.0,D,8.0,8.0,3.0,5.0,15.0,13.0,0.0,5.0,1.0,2.0,0.0,0.0
2024/25,2025-04-05,Millwall,Portsmouth,2,1,H,0.0,0.0,D,14.0,6.0,3.0,3.0,20.0,13.0,11.0,4.0,0.0,4.0,0.0,0.0
2024/25,2025-04-05,Oxford,Sheffield United,1,0,H,1.0,0.0,H,9.0,15.0,3.0,4.0,6.0,8.0,2.0,10.0,2.0,3.0,0.0,0.0
2024/25,2025-04-05,Plymouth,Norwich,2,1,H,2.0,0.0,H,8.0,9.0,4.0,4.0,11.0,9.0,2.0,5.0,0.0,0.0,0.0,0.0
2024/25,2025-04-05,Preston,Stoke,1,1,D,1.0,0.0,H,6.0,15.0,2.0,5.0,9.0,15.0,1.0,9.0,4.0,3.0,0.0,0.0
2024/25,2025-04-05,QPR,Cardiff,0,0,D,0.0,0.0,D,11.0,13.0,4.0,2.0,13.0,10.0,7.0,4.0,1.0,1.0,0.0,0.0
2024/25,2025-04-05,Sheffield Weds,Hull,0,1,A,0.0,0.0,D,15.0,8.0,4.0,2.0,14.0,13.0,5.0,3.0,2.0,1.0,0.0,0.0
2024/25,2025-04-05,Swansea,Derby,1,0,H,0.0,0.0,D,3.0,12.0,1.0,2.0,7.0,12.0,4.0,3.0,0.0,2.0,0.0,0.0
2024/25,2025-04-05,West Brom,Sunderland,0,1,A,0.0,1.0,A,21.0,7.0,3.0,3.0,15.0,14.0,6.0,6.0,2.0,3.0,0.0,0.0
2024/25,2025-04-08,Blackburn,Sheffield Weds,2,2,D,0.0,2.0,A,11.0,9.0,5.0,3.0,10.0,11.0,8.0,4.0,3.0,4.0,0.0,0.0
2024/25,2025-04-08,Bristol City,West Brom,2,1,H,0.0,0.0,D,12.0,13.0,7.0,5.0,8.0,14.0,4.0,5.0,1.0,1.0,0.0,1.0
2024/25,2025-04-08,Derby,Burnley,0,0,D,0.0,0.0,D,9.0,8.0,1.0,2.0,14.0,8.0,8.0,4.0,2.0,0.0,0.0,0.0
2024/25,2025-04-08,Middlesbrough,Leeds,0,1,A,0.0,1.0,A,17.0,5.0,2.0,3.0,11.0,11.0,4.0,4.0,1.0,1.0,0.0,0.0
2024/25,2025-04-08,Norwich,Sunderland,0,0,D,0.0,0.0,D,11.0,7.0,4.0,3.0,13.0,14.0,4.0,4.0,2.0,4.0,0.0,0.0
2024/25,2025-04-08,Preston,Cardiff,2,2,D,1.0,0.0,H,14.0,14.0,4.0,6.0,13.0,12.0,4.0,6.0,0.0,2.0,0.0,0.0
2024/25,2025-04-08,Sheffield United,Millwall,0,1,A,0.0,1.0,A,25.0,7.0,5.0,2.0,5.0,18.0,11.0,4.0,0.0,1.0,0.0,0.0
2024/25,2025-04-08,Stoke,Luton,1,1,D,0.0,0.0,D,10.0,15.0,4.0,3.0,12.0,13.0,4.0,6.0,2.0,2.0,0.0,0.0
2024/25,2025-04-08,Watford,Hull,1,0,H,0.0,0.0,D,9.0,16.0,2.0,5.0,7.0,6.0,7.0,3.0,3.0,0.0,0.0,0.0
2024/25,2025-04-09,Coventry,Portsmouth,1,0,H,0.0,0.0,D,16.0,10.0,3.0,1.0,9.0,8.0,5.0,4.0,1.0,3.0,0.0,0.0
2024/25,2025-04-09,Oxford,QPR,1,3,A,0.0,2.0,A,12.0,11.0,5.0,6.0,14.0,11.0,7.0,7.0,1.0,3.0,0.0,0.0
2024/25,2025-04-09,Swansea,Plymouth,3,0,H,3.0,0.0,H,18.0,6.0,8.0,3.0,11.0,12.0,3.0,1.0,0.0,2.0,0.0,0.0
2024/25,2025-04-11,Burnley,Norwich,2,1,H,2.0,0.0,H,8.0,12.0,2.0,2.0,14.0,14.0,5.0,5.0,2.0,2.0,0.0,0.0
2024/25,2025-04-12,Cardiff,Stoke,0,1,A,0.0,0.0,D,16.0,12.0,3.0,5.0,13.0,11.0,3.0,3.0,1.0,3.0,0.0,0.0
2024/25,2025-04-12,Leeds,Preston,2,1,H,2.0,1.0,H,20.0,3.0,5.0,2.0,4.0,7.0,6.0,5.0,2.0,1.0,0.0,0.0
2024/25,2025-04-12,Luton,Blackburn,0,1,A,0.0,0.0,D,18.0,4.0,3.0,2.0,7.0,13.0,9.0,2.0,1.0,3.0,0.0,1.0
2024/25,2025-04-12,Millwall,Middlesbrough,1,0,H,0.0,0.0,D,13.0,11.0,4.0,4.0,21.0,10.0,2.0,4.0,1.0,0.0,0.0,0.0
2024/25,2025-04-12,Plymouth,Sheffield United,2,1,H,0.0,1.0,A,8.0,8.0,3.0,3.0,9.0,12.0,3.0,9.0,1.0,1.0,0.0,0.0
2024/25,2025-04-12,Portsmouth,Derby,2,2,D,0.0,0.0,D,15.0,10.0,5.0,4.0,13.0,18.0,6.0,3.0,5.0,4.0,0.0,0.0
2024/25,2025-04-12,QPR,Bristol City,1,1,D,1.0,1.0,D,13.0,5.0,4.0,1.0,10.0,12.0,3.0,6.0,2.0,1.0,0.0,0.0
2024/25,2025-04-12,Sheffield Weds,Oxford,0,1,A,0.0,0.0,D,15.0,13.0,2.0,5.0,6.0,12.0,4.0,5.0,1.0,2.0,0.0,0.0
2024/25,2025-04-12,Sunderland,Swansea,0,1,A,0.0,0.0,D,12.0,9.0,3.0,2.0,13.0,16.0,4.0,1.0,2.0,3.0,0.0,0.0
2024/25,2025-04-12,West Brom,Watford,2,1,H,1.0,0.0,H,10.0,15.0,5.0,3.0,10.0,12.0,3.0,6.0,4.0,2.0,0.0,0.0
2024/25,2025-04-14,Hull,Coventry,1,1,D,0.0,0.0,D,9.0,14.0,3.0,8.0,12.0,9.0,7.0,7.0,0.0,1.0,0.0,0.0
2024/25,2025-04-18,Blackburn,Millwall,4,1,H,2.0,1.0,H,17.0,12.0,6.0,6.0,8.0,20.0,8.0,6.0,0.0,1.0,0.0,0.0
2024/25,2025-04-18,Bristol City,Sunderland,2,1,H,0.0,1.0,A,27.0,4.0,7.0,2.0,5.0,9.0,5.0,2.0,1.0,3.0,0.0,1.0
2024/25,2025-04-18,Coventry,West Brom,2,0,H,1.0,0.0,H,10.0,7.0,4.0,0.0,17.0,13.0,5.0,5.0,3.0,0.0,0.0,1.0
2024/25,2025-04-18,Derby,Luton,0,1,A,0.0,1.0,A,14.0,8.0,5.0,1.0,9.0,13.0,9.0,4.0,2.0,2.0,0.0,0.0
2024/25,2025-04-18,Middlesbrough,Plymouth,2,1,H,1.0,1.0,D,22.0,19.0,8.0,5.0,8.0,12.0,12.0,1.0,0.0,2.0,0.0,1.0
2024/25,2025-04-18,Norwich,Portsmouth,3,5,A,1.0,3.0,A,11.0,22.0,6.0,10.0,12.0,11.0,6.0,5.0,1.0,3.0,0.0,0.0
2024/25,2025-04-18,Oxford,Leeds,0,1,A,0.0,1.0,A,9.0,11.0,2.0,4.0,16.0,6.0,2.0,5.0,4.0,2.0,0.0,0.0
2024/25,2025-04-18,Preston,QPR,1,2,A,1.0,0.0,H,9.0,14.0,2.0,5.0,11.0,13.0,4.0,4.0,1.0,2.0,0.0,0.0
2024/25,2025-04-18,Sheffield United,Cardiff,2,0,H,1.0,0.0,H,15.0,11.0,5.0,3.0,9.0,8.0,7.0,1.0,1.0,1.0,0.0,0.0
2024/25,2025-04-18,Stoke,Sheffield Weds,2,0,H,1.0,0.0,H,10.0,9.0,3.0,1.0,16.0,14.0,2.0,4.0,2.0,2.0,0.0,0.0
2024/25,2025-04-18,Swansea,Hull,1,0,H,0.0,0.0,D,20.0,11.0,3.0,3.0,15.0,15.0,4.0,7.0,2.0,2.0,0.0,1.0
2024/25,2025-04-18,Watford,Burnley,1,2,A,1.0,1.0,D,11.0,16.0,5.0,7.0,17.0,4.0,4.0,1.0,3.0,4.0,2.0,0.0
2024/25,2025-04-21,Burnley,Sheffield United,2,1,H,2.0,1.0,H,10.0,15.0,4.0,4.0,11.0,14.0,3.0,4.0,1.0,3.0,0.0,0.0
2024/25,2025-04-21,Cardiff,Oxford,1,1,D,0.0,0.0,D,12.0,2.0,3.0,1.0,14.0,17.0,4.0,0.0,1.0,3.0,0.0,0.0
2024/25,2025-04-21,Hull,Preston,2,1,H,0.0,1.0,A,16.0,16.0,6.0,2.0,7.0,8.0,9.0,6.0,0.0,3.0,0.0,0.0
2024/25,2025-04-21,Leeds,Stoke,6,0,H,5.0,0.0,H,18.0,5.0,11.0,1.0,7.0,9.0,5.0,1.0,1.0,0.0,0.0,0.0
2024/25,2025-04-21,Luton,Bristol City,3,1,H,0.0,0.0,D,16.0,11.0,7.0,4.0,11.0,12.0,3.0,4.0,0.0,3.0,0.0,0.0
2024/25,2025-04-21,Millwall,Norwich,3,1,H,2.0,1.0,H,16.0,4.0,5.0,1.0,10.0,9.0,5.0,4.0,1.0,3.0,0.0,0.0
2024/25,2025-04-21,Plymouth,Coventry,3,1,H,2.0,1.0,H,10.0,11.0,5.0,3.0,9.0,8.0,3.0,4.0,1.0,1.0,0.0,0.0
2024/25,2025-04-21,Portsmouth,Watford,1,0,H,1.0,0.0,H,19.0,10.0,10.0,3.0,13.0,12.0,6.0,3.0,4.0,2.0,0.0,1.0
2024/25,2025-04-21,QPR,Swansea,1,2,A,0.0,1.0,A,6.0,10.0,2.0,2.0,19.0,17.0,5.0,3.0,1.0,1.0,0.0,0.0
2024/25,2025-04-21,Sheffield Weds,Middlesbrough,2,1,H,0.0,1.0,A,25.0,17.0,11.0,6.0,15.0,9.0,5.0,6.0,3.0,4.0,0.0,0.0
2024/25,2025-04-21,Sunderland,Blackburn,0,1,A,0.0,1.0,A,16.0,2.0,2.0,1.0,7.0,15.0,10.0,2.0,1.0,2.0,0.0,0.0
2024/25,2025-04-21,West Brom,Derby,1,3,A,0.0,2.0,A,13.0,5.0,2.0,4.0,10.0,12.0,4.0,3.0,1.0,2.0,0.0,0.0
2024/25,2025-04-25,Stoke,Sheffield United,0,2,A,0.0,1.0,A,10.0,13.0,3.0,5.0,16.0,11.0,8.0,3.0,3.0,2.0,0.0,0.0
2024/25,2025-04-26,Blackburn,Watford,2,1,H,0.0,0.0,D,10.0,9.0,4.0,2.0,12.0,14.0,4.0,6.0,5.0,5.0,0.0,0.0
2024/25,2025-04-26,Cardiff,West Brom,0,0,D,0.0,0.0,D,18.0,17.0,5.0,5.0,16.0,10.0,9.0,5.0,1.0,0.0,0.0,0.0
2024/25,2025-04-26,Hull,Derby,0,1,A,0.0,0.0,D,15.0,6.0,2.0,2.0,11.0,15.0,5.0,3.0,1.0,2.0,0.0,0.0
2024/25,2025-04-26,Luton,Coventry,1,0,H,0.0,0.0,D,23.0,3.0,8.0,0.0,9.0,16.0,18.0,2.0,2.0,5.0,1.0,1.0
2024/25,2025-04-26,Middlesbrough,Norwich,0,0,D,0.0,0.0,D,16.0,10.0,5.0,4.0,12.0,15.0,10.0,3.0,1.0,2.0,0.0,0.0
2024/25,2025-04-26,Millwall,Swansea,1,0,H,1.0,0.0,H,16.0,12.0,4.0,4.0,11.0,9.0,4.0,7.0,1.0,1.0,0.0,0.0
2024/25,2025-04-26,Oxford,Sunderland,2,0,H,1.0,0.0,H,17.0,10.0,4.0,0.0,15.0,10.0,3.0,6.0,3.0,1.0,0.0,0.0
2024/25,2025-04-26,Preston,Plymouth,1,2,A,0.0,1.0,A,20.0,5.0,7.0,3.0,9.0,14.0,9.0,2.0,3.0,2.0,0.0,0.0
2024/25,2025-04-26,QPR,Burnley,0,5,A,0.0,3.0,A,9.0,16.0,2.0,10.0,13.0,11.0,2.0,6.0,4.0,2.0,0.0,0.0
2024/25,2025-04-26,Sheffield Weds,Portsmouth,1,1,D,1.0,1.0,D,18.0,2.0,5.0,1.0,14.0,7.0,5.0,4.0,1.0,2.0,0.0,0.0
2024/25,2025-04-28,Leeds,Bristol City,4,0,H,1.0,0.0,H,23.0,3.0,12.0,1.0,6.0,4.0,11.0,1.0,1.0,0.0,0.0,0.0
2024/25,2025-05-03,Bristol City,Preston,2,2,D,0.0,1.0,A,18.0,18.0,2.0,5.0,7.0,9.0,7.0,3.0,2.0,4.0,0.0,0.0
2024/25,2025-05-03,Burnley,Millwall,3,1,H,1.0,1.0,D,19.0,12.0,9.0,4.0,5.0,16.0,7.0,4.0,1.0,0.0,0.0,0.0
2024/25,2025-05-03,Coventry,Middlesbrough,2,0,H,1.0,0.0,H,17.0,21.0,4.0,6.0,12.0,6.0,5.0,5.0,3.0,1.0,0.0,0.0
2024/25,2025-05-03,Derby,Stoke,0,0,D,0.0,0.0,D,12.0,4.0,4.0,1.0,10.0,9.0,5.0,4.0,2.0,1.0,0.0,0.0
2024/25,2025-05-03,Norwich,Cardiff,4,2,H,3.0,0.0,H,22.0,19.0,8.0,6.0,13.0,9.0,6.0,9.0,3.0,2.0,0.0,1.0
2024/25,2025-05-03,Plymouth,Leeds,1,2,A,1.0,0.0,H,6.0,25.0,0.0,4.0,16.0,8.0,1.0,7.0,2.0,2.0,0.0,0.0
2024/25,2025-05-03,Portsmouth,Hull,1,1,D,0.0,1.0,A,11.0,11.0,2.0,4.0,7.0,18.0,5.0,5.0,0.0,2.0,0.0,0.0
2024/25,2025-05-03,Sheffield United,Blackburn,1,1,D,0.0,0.0,D,18.0,7.0,5.0,2.0,16.0,11.0,8.0,4.0,2.0,0.0,0.0,0.0
2024/25,2025-05-03,Sunderland,QPR,0,1,A,0.0,1.0,A,11.0,5.0,5.0,1.0,13.0,11.0,11.0,1.0,2.0,3.0,0.0,0.0
2024/25,2025-05-03,Swansea,Oxford,3,3,D,1.0,1.0,D,12.0,10.0,5.0,7.0,8.0,10.0,5.0,4.0,0.0,2.0,0.0,0.0
2024/25,2025-05-03,Watford,Sheffield Weds,1,1,D,1.0,1.0,D,18.0,7.0,5.0,2.0,15.0,12.0,8.0,2.0,0.0,1.0,0.0,0.0
2024/25,2025-05-03,West Brom,Luton,5,3,H,3.0,1.0,H,19.0,12.0,5.0,4.0,9.0,22.0,6.0,4.0,2.0,2.0,0.0,0.0
2025/26,2025-08-08,Birmingham,Ipswich,1,1,D,0.0,0.0,D,11.0,7.0,3.0,1.0,16.0,22.0,1.0,4.0,2.0,3.0,0.0,0.0
2025/26,2025-08-09,Charlton,Watford,1,0,H,0.0,0.0,D,12.0,10.0,5.0,1.0,6.0,16.0,3.0,2.0,1.0,2.0,0.0,0.0
2025/26,2025-08-09,Coventry,Hull,0,0,D,0.0,0.0,D,18.0,7.0,3.0,3.0,7.0,11.0,8.0,2.0,3.0,3.0,0.0,0.0
2025/26,2025-08-09,Middlesbrough,Swansea,1,0,H,0.0,0.0,D,6.0,3.0,3.0,1.0,15.0,15.0,7.0,2.0,2.0,5.0,0.0,0.0
2025/26,2025-08-09,Norwich,Millwall,1,2,A,0.0,0.0,D,15.0,15.0,3.0,3.0,5.0,15.0,6.0,5.0,1.0,4.0,0.0,0.0
2025/26,2025-08-09,Oxford,Portsmouth,0,1,A,0.0,1.0,A,18.0,9.0,4.0,4.0,15.0,10.0,8.0,4.0,1.0,2.0,0.0,0.0
2025/26,2025-08-09,QPR,Preston,1,1,D,1.0,0.0,H,13.0,11.0,3.0,3.0,7.0,9.0,5.0,4.0,0.0,3.0,0.0,0.0
2025/26,2025-08-09,Sheffield United,Bristol City,1,4,A,1.0,2.0,A,20.0,9.0,6.0,5.0,10.0,10.0,14.0,3.0,0.0,0.0,0.0,0.0
2025/26,2025-08-09,Southampton,Wrexham,2,1,H,0.0,1.0,A,27.0,10.0,10.0,2.0,12.0,13.0,7.0,4.0,2.0,2.0,0.0,0.0
2025/26,2025-08-09,Stoke,Derby,3,1,H,0.0,0.0,D,12.0,3.0,7.0,2.0,12.0,14.0,7.0,3.0,1.0,2.0,0.0,0.0
2025/26,2025-08-09,West Brom,Blackburn,1,0,H,1.0,0.0,H,13.0,10.0,5.0,1.0,13.0,13.0,3.0,7.0,2.0,0.0,1.0,0.0
2025/26,2025-08-10,Leicester,Sheffield Weds,2,1,H,0.0,1.0,A,27.0,7.0,13.0,3.0,6.0,13.0,13.0,3.0,0.0,0.0,0.0,1.0
2025/26,2025-08-16,Blackburn,Birmingham,1,2,A,0.0,0.0,D,5.0,8.0,2.0,4.0,14.0,13.0,3.0,5.0,1.0,2.0,0.0,0.0
2025/26,2025-08-16,Bristol City,Charlton,0,0,D,0.0,0.0,D,14.0,8.0,1.0,2.0,9.0,13.0,4.0,6.0,0.0,1.0,0.0,0.0
2025/26,2025-08-16,Derby,Coventry,3,5,A,2.0,2.0,D,13.0,20.0,4.0,10.0,14.0,11.0,6.0,5.0,2.0,5.0,0.0,0.0
2025/26,2025-08-16,Millwall,Middlesbrough,0,3,A,0.0,0.0,D,11.0,12.0,1.0,5.0,16.0,11.0,6.0,10.0,4.0,5.0,0.0,0.0
2025/26,2025-08-16,Portsmouth,Norwich,1,2,A,0.0,2.0,A,19.0,11.0,3.0,5.0,8.0,13.0,9.0,0.0,3.0,3.0,0.0,0.0
2025/26,2025-08-16,Preston,Leicester,2,1,H,1.0,0.0,H,14.0,14.0,4.0,2.0,11.0,7.0,6.0,4.0,2.0,0.0,0.0,0.0
2025/26,2025-08-16,Sheffield Weds,Stoke,0,3,A,0.0,1.0,A,15.0,12.0,5.0,6.0,12.0,10.0,6.0,7.0,0.0,3.0,0.0,0.0
2025/26,2025-08-16,Swansea,Sheffield United,1,0,H,0.0,0.0,D,13.0,8.0,4.0,0.0,13.0,14.0,4.0,8.0,1.0,3.0,0.0,0.0
2025/26,2025-08-16,Watford,QPR,2,1,H,2.0,1.0,H,17.0,13.0,4.0,3.0,9.0,9.0,2.0,4.0,1.0,2.0,1.0,0.0
2025/26,2025-08-16,Wrexham,West Brom,2,3,A,1.0,1.0,D,15.0,17.0,3.0,5.0,5.0,7.0,5.0,5.0,2.0,0.0,0.0,0.0
2025/26,2025-08-17,Hull,Oxford,3,2,H,2.0,2.0,D,19.0,11.0,7.0,6.0,7.0,8.0,10.0,4.0,1.0,1.0,0.0,0.0
2025/26,2025-08-17,Ipswich,Southampton,1,1,D,1.0,1.0,D,14.0,11.0,1.0,3.0,7.0,20.0,4.0,5.0,2.0,2.0,0.0,0.0
2025/26,2025-08-22,Derby,Bristol City,1,1,D,0.0,1.0,A,5.0,11.0,2.0,3.0,15.0,5.0,4.0,5.0,3.0,0.0,0.0,0.0
2025/26,2025-08-23,Birmingham,Oxford,1,0,H,1.0,0.0,H,16.0,6.0,1.0,1.0,11.0,17.0,4.0,1.0,0.0,0.0,0.0,0.0
2025/26,2025-08-23,Charlton,Leicester,0,1,A,0.0,0.0,D,20.0,6.0,7.0,2.0,18.0,9.0,13.0,4.0,2.0,1.0,0.0,0.0
2025/26,2025-08-23,Coventry,QPR,7,1,H,5.0,0.0,H,19.0,10.0,8.0,1.0,15.0,8.0,9.0,4.0,1.0,2.0,0.0,0.0
2025/26,2025-08-23,Hull,Blackburn,0,3,A,0.0,1.0,A,8.0,14.0,2.0,6.0,18.0,19.0,2.0,1.0,3.0,3.0,0.0,0.0
2025/26,2025-08-23,Norwich,Middlesbrough,1,2,A,0.0,2.0,A,14.0,11.0,3.0,4.0,11.0,14.0,5.0,3.0,0.0,3.0,1.0,0.0
2025/26,2025-08-23,Preston,Ipswich,1,0,H,1.0,0.0,H,2.0,15.0,1.0,2.0,14.0,5.0,3.0,6.0,6.0,2.0,0.0,0.0
2025/26,2025-08-23,Sheffield United,Millwall,0,1,A,0.0,1.0,A,14.0,17.0,4.0,6.0,11.0,16.0,8.0,7.0,3.0,2.0,0.0,0.0
2025/26,2025-08-23,Southampton,Stoke,1,2,A,0.0,0.0,D,18.0,12.0,2.0,4.0,6.0,12.0,7.0,3.0,1.0,3.0,0.0,1.0
2025/26,2025-08-23,Swansea,Watford,1,1,D,0.0,1.0,A,11.0,9.0,2.0,4.0,11.0,17.0,7.0,2.0,3.0,5.0,0.0,0.0
2025/26,2025-08-23,West Brom,Portsmouth,1,1,D,1.0,0.0,H,13.0,8.0,3.0,4.0,10.0,16.0,2.0,3.0,2.0,5.0,0.0,0.0
2025/26,2025-08-23,Wrexham,Sheffield Weds,2,2,D,2.0,0.0,H,11.0,21.0,4.0,7.0,7.0,8.0,3.0,9.0,0.0,0.0,0.0,0.0
2025/26,2025-08-29,Leicester,Birmingham,2,0,H,1.0,0.0,H,5.0,11.0,2.0,1.0,11.0,16.0,1.0,7.0,3.0,3.0,0.0,0.0
2025/26,2025-08-30,Blackburn,Norwich,0,2,A,0.0,1.0,A,12.0,15.0,3.0,4.0,9.0,7.0,3.0,9.0,2.0,0.0,1.0,0.0
2025/26,2025-08-30,Bristol City,Hull,4,2,H,3.0,1.0,H,29.0,20.0,5.0,9.0,7.0,8.0,8.0,5.0,1.0,1.0,0.0,0.0
2025/26,2025-08-30,Ipswich,Derby,2,2,D,1.0,0.0,H,18.0,10.0,5.0,2.0,14.0,14.0,6.0,3.0,2.0,7.0,0.0,0.0
2025/26,2025-08-30,Middlesbrough,Sheffield United,1,0,H,0.0,0.0,D,15.0,8.0,6.0,0.0,5.0,13.0,5.0,9.0,0.0,3.0,0.0,0.0
2025/26,2025-08-30,Millwall,Wrexham,0,2,A,0.0,0.0,D,21.0,6.0,2.0,3.0,10.0,13.0,5.0,2.0,1.0,3.0,0.0,0.0
2025/26,2025-08-30,Oxford,Coventry,2,2,D,1.0,2.0,A,14.0,15.0,3.0,6.0,13.0,10.0,0.0,5.0,1.0,2.0,0.0,0.0
2025/26,2025-08-30,Portsmouth,Preston,1,0,H,1.0,0.0,H,10.0,13.0,2.0,2.0,11.0,7.0,6.0,4.0,1.0,2.0,0.0,0.0
2025/26,2025-08-30,QPR,Charlton,3,1,H,1.0,0.0,H,13.0,13.0,6.0,3.0,16.0,7.0,1.0,2.0,2.0,2.0,0.0,0.0
2025/26,2025-08-30,Sheffield Weds,Swansea,0,2,A,0.0,0.0,D,9.0,17.0,1.0,8.0,14.0,10.0,2.0,7.0,0.0,2.0,0.0,0.0
2025/26,2025-08-30,Stoke,West Brom,0,1,A,0.0,1.0,A,13.0,12.0,3.0,3.0,7.0,11.0,5.0,5.0,1.0,2.0,0.0,0.0
2025/26,2025-08-30,Watford,Southampton,2,2,D,0.0,1.0,A,10.0,12.0,4.0,7.0,14.0,12.0,4.0,5.0,2.0,5.0,0.0,0.0
2025/26,2025-09-12,Ipswich,Sheffield United,5,0,H,1.0,0.0,H,21.0,10.0,11.0,2.0,11.0,15.0,3.0,5.0,0.0,2.0,0.0,0.0
2025/26,2025-09-13,Charlton,Millwall,1,1,D,1.0,0.0,H,14.0,15.0,3.0,3.0,12.0,18.0,3.0,4.0,1.0,1.0,1.0,0.0
2025/26,2025-09-13,Coventry,Norwich,1,1,D,0.0,1.0,A,28.0,4.0,4.0,1.0,12.0,7.0,11.0,2.0,2.0,6.0,0.0,0.0
2025/26,2025-09-13,Oxford,Leicester,2,2,D,2.0,1.0,H,19.0,8.0,2.0,5.0,10.0,11.0,4.0,4.0,1.0,2.0,0.0,1.0
2025/26,2025-09-13,Preston,Middlesbrough,2,2,D,1.0,0.0,H,7.0,14.0,2.0,3.0,13.0,7.0,3.0,4.0,1.0,3.0,0.0,0.0
2025/26,2025-09-13,Sheffield Weds,Bristol City,0,3,A,0.0,3.0,A,6.0,9.0,0.0,4.0,19.0,9.0,4.0,1.0,2.0,0.0,0.0,0.0
2025/26,2025-09-13,Stoke,Birmingham,1,0,H,1.0,0.0,H,8.0,7.0,3.0,0.0,11.0,11.0,5.0,3.0,3.0,1.0,0.0,0.0
2025/26,2025-09-13,Swansea,Hull,2,2,D,1.0,1.0,D,9.0,15.0,2.0,6.0,8.0,5.0,5.0,2.0,1.0,1.0,0.0,0.0
2025/26,2025-09-13,Watford,Blackburn,0,1,A,0.0,0.0,D,14.0,14.0,1.0,5.0,12.0,14.0,5.0,7.0,1.0,2.0,0.0,0.0
2025/26,2025-09-13,West Brom,Derby,0,1,A,0.0,0.0,D,18.0,4.0,3.0,1.0,8.0,10.0,11.0,0.0,1.0,2.0,0.0,0.0
2025/26,2025-09-13,Wrexham,QPR,1,3,A,0.0,2.0,A,21.0,15.0,8.0,6.0,5.0,10.0,12.0,9.0,1.0,0.0,0.0,0.0
2025/26,2025-09-14,Southampton,Portsmouth,0,0,D,0.0,0.0,D,9.0,10.0,1.0,1.0,16.0,14.0,7.0,5.0,4.0,2.0,0.0,0.0
2025/26,2025-09-19,Middlesbrough,West Brom,2,1,H,1.0,0.0,H,9.0,15.0,4.0,3.0,3.0,7.0,2.0,3.0,0.0,0.0,0.0,0.0
2025/26,2025-09-20,Birmingham,Swansea,1,0,H,0.0,0.0,D,23.0,9.0,7.0,2.0,13.0,11.0,7.0,2.0,5.0,4.0,0.0,0.0
2025/26,2025-09-20,Derby,Preston,0,1,A,0.0,1.0,A,7.0,10.0,2.0,6.0,10.0,7.0,3.0,4.0,2.0,2.0,0.0,0.0
2025/26,2025-09-20,Hull,Southampton,3,1,H,1.0,0.0,H,11.0,14.0,4.0,4.0,15.0,10.0,1.0,6.0,5.0,3.0,0.0,0.0
2025/26,2025-09-20,Leicester,Coventry,0,0,D,0.0,0.0,D,17.0,11.0,9.0,3.0,8.0,11.0,10.0,3.0,0.0,3.0,0.0,0.0
2025/26,2025-09-20,Norwich,Wrexham,2,3,A,1.0,0.0,H,14.0,11.0,5.0,8.0,6.0,9.0,2.0,3.0,1.0,3.0,0.0,0.0
2025/26,2025-09-20,Portsmouth,Sheffield Weds,0,2,A,0.0,1.0,A,25.0,13.0,5.0,8.0,5.0,10.0,11.0,5.0,1.0,5.0,0.0,0.0
2025/26,2025-09-20,QPR,Stoke,1,0,H,0.0,0.0,D,14.0,7.0,7.0,1.0,8.0,13.0,3.0,6.0,5.0,3.0,0.0,0.0
2025/26,2025-09-20,Sheffield United,Charlton,0,1,A,0.0,0.0,D,13.0,13.0,1.0,4.0,14.0,18.0,6.0,1.0,1.0,3.0,0.0,0.0
2025/26,2025-09-21,Bristol City,Oxford,1,3,A,0.0,2.0,A,12.0,18.0,2.0,6.0,15.0,14.0,8.0,5.0,4.0,1.0,0.0,0.0
2025/26,2025-09-22,Millwall,Watford,1,0,H,1.0,0.0,H,9.0,11.0,2.0,4.0,11.0,9.0,7.0,4.0,1.0,0.0,0.0,0.0
2025/26,2025-09-26,West Brom,Leicester,1,1,D,1.0,0.0,H,11.0,13.0,5.0,1.0,13.0,16.0,3.0,3.0,2.0,5.0,0.0,0.0
2025/26,2025-09-27,Charlton,Blackburn,3,0,H,1.0,0.0,H,16.0,9.0,7.0,2.0,15.0,11.0,3.0,3.0,4.0,2.0,0.0,0.0
2025/26,2025-09-27,Coventry,Birmingham,3,0,H,1.0,0.0,H,14.0,5.0,5.0,0.0,11.0,12.0,3.0,4.0,1.0,2.0,0.0,1.0
2025/26,2025-09-27,Ipswich,Portsmouth,2,1,H,2.0,0.0,H,14.0,8.0,5.0,4.0,15.0,11.0,5.0,4.0,1.0,2.0,0.0,0.0
2025/26,2025-09-27,Oxford,Sheffield United,0,1,A,0.0,0.0,D,14.0,6.0,3.0,2.0,10.0,13.0,3.0,5.0,1.0,1.0,0.0,0.0
2025/26,2025-09-27,Preston,Bristol City,0,0,D,0.0,0.0,D,7.0,19.0,2.0,7.0,9.0,10.0,2.0,9.0,4.0,1.0,0.0,0.0
2025/26,2025-09-27,Sheffield Weds,QPR,1,1,D,1.0,0.0,H,14.0,14.0,5.0,4.0,12.0,19.0,5.0,4.0,2.0,2.0,0.0,0.0
2025/26,2025-09-27,Southampton,Middlesbrough,1,1,D,0.0,0.0,D,14.0,7.0,2.0,1.0,11.0,17.0,6.0,3.0,2.0,6.0,0.0,0.0
2025/26,2025-09-27,Stoke,Norwich,1,1,D,0.0,1.0,A,23.0,6.0,6.0,3.0,11.0,9.0,12.0,2.0,0.0,3.0,0.0,0.0
2025/26,2025-09-27,Swansea,Millwall,1,1,D,1.0,1.0,D,13.0,11.0,2.0,3.0,7.0,20.0,6.0,4.0,1.0,2.0,0.0,0.0
2025/26,2025-09-27,Watford,Hull,2,1,H,0.0,1.0,A,21.0,11.0,8.0,4.0,7.0,16.0,6.0,6.0,1.0,5.0,0.0,0.0
2025/26,2025-09-27,Wrexham,Derby,1,1,D,0.0,0.0,D,10.0,5.0,5.0,3.0,9.0,16.0,4.0,3.0,1.0,5.0,0.0,0.0
2025/26,2025-09-30,Birmingham,Sheffield Weds,2,2,D,1.0,1.0,D,20.0,5.0,5.0,3.0,15.0,11.0,10.0,4.0,3.0,2.0,0.0,0.0
2025/26,2025-09-30,Blackburn,Swansea,1,2,A,1.0,1.0,D,14.0,7.0,3.0,4.0,15.0,13.0,7.0,3.0,3.0,2.0,0.0,0.0
2025/26,2025-09-30,Bristol City,Ipswich,1,1,D,1.0,0.0,H,13.0,15.0,3.0,3.0,14.0,11.0,3.0,6.0,4.0,2.0,0.0,0.0
2025/26,2025-09-30,Derby,Charlton,1,1,D,0.0,1.0,A,18.0,11.0,3.0,3.0,11.0,10.0,5.0,2.0,2.0,0.0,0.0,0.0
2025/26,2025-09-30,Hull,Preston,2,2,D,0.0,2.0,A,10.0,13.0,5.0,5.0,11.0,9.0,5.0,3.0,0.0,1.0,0.0,0.0
2025/26,2025-09-30,Leicester,Wrexham,1,1,D,1.0,0.0,H,16.0,9.0,1.0,1.0,9.0,7.0,7.0,1.0,3.0,1.0,0.0,0.0
2025/26,2025-09-30,Middlesbrough,Stoke,0,0,D,0.0,0.0,D,12.0,18.0,4.0,5.0,8.0,5.0,5.0,8.0,2.0,0.0,0.0,0.0
2025/26,2025-09-30,Sheffield United,Southampton,1,2,A,1.0,0.0,H,8.0,12.0,3.0,5.0,14.0,19.0,4.0,5.0,3.0,4.0,0.0,0.0
2025/26,2025-10-01,Millwall,Coventry,0,4,A,0.0,1.0,A,13.0,13.0,3.0,5.0,9.0,9.0,3.0,3.0,2.0,2.0,0.0,0.0
2025/26,2025-10-01,Norwich,West Brom,0,1,A,0.0,1.0,A,16.0,5.0,5.0,1.0,8.0,9.0,4.0,3.0,1.0,4.0,0.0,0.0
2025/26,2025-10-01,Portsmouth,Watford,2,2,D,1.0,0.0,H,15.0,12.0,5.0,6.0,9.0,15.0,3.0,3.0,2.0,5.0,0.0,0.0
2025/26,2025-10-01,QPR,Oxford,0,0,D,0.0,0.0,D,13.0,9.0,1.0,0.0,12.0,11.0,9.0,1.0,3.0,1.0,0.0,0.0
2025/26,2025-10-03,Wrexham,Birmingham,1,1,D,1.0,0.0,H,12.0,8.0,4.0,3.0,4.0,8.0,5.0,5.0,0.0,2.0,0.0,0.0
2025/26,2025-10-04,Blackburn,Stoke,1,1,D,0.0,0.0,D,17.0,11.0,5.0,6.0,5.0,9.0,7.0,6.0,1.0,1.0,0.0,0.0
2025/26,2025-10-04,Bristol City,QPR,1,2,A,1.0,0.0,H,11.0,8.0,1.0,2.0,9.0,8.0,4.0,1.0,5.0,1.0,0.0,0.0
2025/26,2025-10-04,Derby,Southampton,1,1,D,1.0,1.0,D,9.0,13.0,5.0,6.0,11.0,9.0,3.0,5.0,4.0,2.0,0.0,0.0
2025/26,2025-10-04,Hull,Sheffield United,1,0,H,1.0,0.0,H,5.0,13.0,2.0,4.0,13.0,13.0,4.0,9.0,2.0,2.0,0.0,0.0
2025/26,2025-10-04,Millwall,West Brom,3,0,H,1.0,0.0,H,11.0,10.0,4.0,1.0,17.0,8.0,4.0,5.0,1.0,2.0,0.0,0.0
2025/26,2025-10-04,Portsmouth,Middlesbrough,1,0,H,1.0,0.0,H,8.0,12.0,1.0,1.0,13.0,6.0,2.0,8.0,2.0,1.0,0.0,0.0
2025/26,2025-10-04,Preston,Charlton,2,0,H,0.0,0.0,D,15.0,8.0,3.0,0.0,6.0,9.0,3.0,4.0,0.0,2.0,0.0,0.0
2025/26,2025-10-04,Sheffield Weds,Coventry,0,5,A,0.0,3.0,A,9.0,21.0,0.0,10.0,9.0,3.0,13.0,8.0,1.0,1.0,0.0,0.0
2025/26,2025-10-04,Swansea,Leicester,1,3,A,0.0,1.0,A,13.0,17.0,7.0,7.0,10.0,11.0,2.0,5.0,2.0,1.0,0.0,0.0
2025/26,2025-10-04,Watford,Oxford,2,1,H,2.0,1.0,H,27.0,15.0,10.0,5.0,6.0,9.0,9.0,3.0,3.0,4.0,0.0,0.0
2025/26,2025-10-05,Ipswich,Norwich,3,1,H,2.0,1.0,H,19.0,12.0,9.0,4.0,9.0,15.0,8.0,8.0,1.0,3.0,0.0,0.0
2025/26,2025-10-17,Middlesbrough,Ipswich,2,1,H,1.0,0.0,H,15.0,17.0,5.0,5.0,12.0,14.0,5.0,9.0,3.0,1.0,0.0,0.0
2025/26,2025-10-18,Birmingham,Hull,2,3,A,1.0,2.0,A,29.0,14.0,8.0,7.0,7.0,14.0,9.0,7.0,2.0,7.0,1.0,0.0
2025/26,2025-10-18,Charlton,Sheffield Weds,2,1,H,2.0,0.0,H,12.0,12.0,5.0,4.0,9.0,11.0,2.0,4.0,1.0,2.0,0.0,1.0
2025/26,2025-10-18,Coventry,Blackburn,2,0,H,0.0,0.0,D,14.0,17.0,5.0,3.0,7.0,15.0,2.0,7.0,0.0,2.0,0.0,0.0
2025/26,2025-10-18,Leicester,Portsmouth,1,1,D,1.0,0.0,H,19.0,8.0,6.0,3.0,15.0,9.0,14.0,4.0,1.0,2.0,0.0,0.0
2025/26,2025-10-18,Norwich,Bristol City,0,1,A,0.0,0.0,D,11.0,21.0,4.0,6.0,11.0,14.0,3.0,9.0,2.0,3.0,0.0,0.0
2025/26,2025-10-18,Oxford,Derby,1,0,H,1.0,0.0,H,19.0,6.0,7.0,1.0,9.0,12.0,4.0,12.0,4.0,1.0,0.0,0.0
2025/26,2025-10-18,QPR,Millwall,1,2,A,0.0,2.0,A,20.0,5.0,3.0,5.0,8.0,13.0,8.0,3.0,2.0,4.0,0.0,0.0
2025/26,2025-10-18,Sheffield United,Watford,1,0,H,0.0,0.0,D,18.0,13.0,6.0,1.0,5.0,8.0,7.0,3.0,0.0,1.0,0.0,0.0
2025/26,2025-10-18,Southampton,Swansea,0,0,D,0.0,0.0,D,21.0,6.0,8.0,1.0,11.0,14.0,5.0,3.0,0.0,4.0,0.0,0.0
2025/26,2025-10-18,Stoke,Wrexham,1,0,H,1.0,0.0,H,12.0,5.0,3.0,3.0,8.0,5.0,6.0,4.0,2.0,0.0,0.0,0.0
2025/26,2025-10-18,West Brom,Preston,2,1,H,1.0,0.0,H,16.0,17.0,6.0,5.0,10.0,9.0,8.0,4.0,2.0,1.0,0.0,0.0
2025/26,2025-10-21,Blackburn,Sheffield United,1,3,A,1.0,0.0,H,12.0,11.0,3.0,5.0,6.0,10.0,5.0,5.0,1.0,1.0,0.0,0.0
2025/26,2025-10-21,Bristol City,Southampton,3,1,H,1.0,1.0,D,13.0,14.0,4.0,7.0,10.0,11.0,2.0,3.0,1.0,2.0,0.0,0.0
2025/26,2025-10-21,Derby,Norwich,1,0,H,0.0,0.0,D,8.0,17.0,3.0,3.0,13.0,7.0,5.0,13.0,2.0,1.0,0.0,0.0
2025/26,2025-10-21,Hull,Leicester,2,1,H,2.0,0.0,H,9.0,18.0,6.0,4.0,8.0,12.0,1.0,7.0,1.0,2.0,0.0,0.0
2025/26,2025-10-21,Ipswich,Charlton,0,3,A,0.0,0.0,D,31.0,15.0,5.0,8.0,7.0,11.0,16.0,3.0,0.0,3.0,0.0,0.0
2025/26,2025-10-21,Millwall,Stoke,2,0,H,2.0,0.0,H,15.0,10.0,7.0,3.0,13.0,7.0,3.0,2.0,2.0,1.0,0.0,0.0
2025/26,2025-10-21,Portsmouth,Coventry,1,2,A,0.0,1.0,A,15.0,19.0,5.0,7.0,5.0,12.0,6.0,5.0,1.0,1.0,0.0,0.0
2025/26,2025-10-21,Preston,Birmingham,0,1,A,0.0,1.0,A,17.0,9.0,6.0,2.0,8.0,14.0,9.0,3.0,2.0,5.0,0.0,0.0
2025/26,2025-10-22,Sheffield Weds,Middlesbrough,0,1,A,0.0,1.0,A,11.0,19.0,3.0,7.0,8.0,4.0,6.0,5.0,3.0,1.0,0.0,0.0
2025/26,2025-10-22,Swansea,QPR,0,1,A,0.0,1.0,A,11.0,15.0,2.0,4.0,8.0,9.0,6.0,3.0,1.0,4.0,1.0,0.0
2025/26,2025-10-22,Watford,West Brom,2,1,H,1.0,1.0,D,19.0,9.0,5.0,4.0,12.0,8.0,4.0,5.0,0.0,2.0,0.0,0.0
2025/26,2025-10-22,Wrexham,Oxford,1,0,H,1.0,0.0,H,11.0,6.0,6.0,2.0,12.0,12.0,6.0,3.0,3.0,1.0,1.0,0.0
2025/26,2025-10-24,Preston,Sheffield United,3,2,H,1.0,2.0,A,15.0,12.0,3.0,3.0,14.0,11.0,2.0,4.0,4.0,1.0,0.0,0.0
2025/26,2025-10-25,Blackburn,Southampton,2,1,H,0.0,1.0,A,18.0,12.0,6.0,5.0,13.0,7.0,6.0,5.0,3.0,1.0,0.0,1.0
2025/26,2025-10-25,Bristol City,Birmingham,1,0,H,1.0,0.0,H,5.0,13.0,1.0,1.0,9.0,6.0,0.0,6.0,2.0,1.0,0.0,0.0
2025/26,2025-10-25,Coventry,Watford,3,1,H,3.0,0.0,H,12.0,13.0,3.0,8.0,10.0,8.0,5.0,7.0,3.0,2.0,0.0,1.0
2025/26,2025-10-25,Derby,QPR,1,0,H,1.0,0.0,H,12.0,6.0,4.0,1.0,13.0,10.0,5.0,2.0,2.0,2.0,0.0,0.0
2025/26,2025-10-25,Hull,Charlton,1,1,D,0.0,0.0,D,15.0,11.0,4.0,5.0,8.0,9.0,6.0,2.0,2.0,1.0,0.0,0.0
2025/26,2025-10-25,Ipswich,West Brom,1,0,H,0.0,0.0,D,15.0,10.0,4.0,1.0,12.0,8.0,4.0,5.0,1.0,1.0,0.0,0.0
2025/26,2025-10-25,Middlesbrough,Wrexham,1,1,D,0.0,1.0,A,14.0,6.0,4.0,2.0,8.0,17.0,4.0,4.0,0.0,5.0,0.0,0.0
2025/26,2025-10-25,Millwall,Leicester,1,0,H,1.0,0.0,H,9.0,12.0,4.0,3.0,12.0,8.0,5.0,9.0,1.0,2.0,0.0,0.0
2025/26,2025-10-25,Portsmouth,Stoke,0,1,A,0.0,0.0,D,14.0,11.0,3.0,2.0,8.0,15.0,6.0,2.0,2.0,3.0,0.0,0.0
2025/26,2025-10-25,Sheffield Weds,Oxford,1,2,A,0.0,2.0,A,17.0,11.0,5.0,4.0,11.0,11.0,8.0,3.0,0.0,0.0,0.0,0.0
2025/26,2025-10-25,Swansea,Norwich,2,1,H,1.0,1.0,D,9.0,7.0,3.0,3.0,13.0,12.0,2.0,3.0,3.0,1.0,0.0,0.0
2025/26,2025-10-31,Wrexham,Coventry,3,2,H,0.0,1.0,A,13.0,18.0,7.0,5.0,9.0,10.0,3.0,6.0,2.0,1.0,0.0,0.0
2025/26,2025-11-01,Birmingham,Portsmouth,4,0,H,1.0,0.0,H,19.0,5.0,7.0,0.0,12.0,10.0,9.0,5.0,1.0,2.0,0.0,0.0
2025/26,2025-11-01,Charlton,Swansea,1,1,D,0.0,0.0,D,11.0,11.0,4.0,2.0,10.0,8.0,4.0,7.0,0.0,0.0,0.0,0.0
2025/26,2025-11-01,Leicester,Blackburn,0,2,A,0.0,1.0,A,12.0,9.0,1.0,5.0,9.0,12.0,7.0,4.0,0.0,1.0,0.0,0.0
2025/26,2025-11-01,Norwich,Hull,0,2,A,0.0,0.0,D,15.0,9.0,3.0,4.0,8.0,12.0,6.0,4.0,1.0,2.0,0.0,0.0
2025/26,2025-11-01,Oxford,Millwall,2,2,D,1.0,1.0,D,14.0,11.0,6.0,4.0,5.0,14.0,5.0,8.0,0.0,0.0,0.0,0.0
2025/26,2025-11-01,QPR,Ipswich,1,4,A,1.0,1.0,D,12.0,12.0,5.0,7.0,16.0,10.0,3.0,2.0,4.0,0.0,0.0,0.0
2025/26,2025-11-01,Sheffield United,Derby,1,3,A,0.0,1.0,A,15.0,12.0,5.0,4.0,10.0,11.0,9.0,4.0,2.0,1.0,0.0,0.0
2025/26,2025-11-01,Southampton,Preston,0,2,A,0.0,1.0,A,10.0,12.0,2.0,3.0,11.0,18.0,8.0,2.0,1.0,3.0,0.0,0.0
2025/26,2025-11-01,Stoke,Bristol City,5,1,H,3.0,0.0,H,13.0,16.0,8.0,5.0,13.0,10.0,4.0,10.0,3.0,0.0,0.0,0.0
2025/26,2025-11-01,Watford,Middlesbrough,3,0,H,2.0,0.0,H,9.0,14.0,4.0,4.0,15.0,11.0,1.0,7.0,2.0,1.0,0.0,0.0
2025/26,2025-11-01,West Brom,Sheffield Weds,0,0,D,0.0,0.0,D,13.0,5.0,6.0,2.0,17.0,14.0,8.0,3.0,1.0,1.0,0.0,0.0
2025/26,2025-11-04,Birmingham,Millwall,4,0,H,2.0,0.0,H,12.0,4.0,6.0,2.0,3.0,12.0,2.0,3.0,0.0,0.0,0.0,0.0
2025/26,2025-11-04,Bristol City,Blackburn,0,1,A,0.0,1.0,A,12.0,16.0,0.0,5.0,8.0,10.0,6.0,3.0,0.0,3.0,0.0,0.0
2025/26,2025-11-04,Charlton,West Brom,1,0,H,0.0,0.0,D,11.0,13.0,3.0,1.0,13.0,12.0,4.0,3.0,0.0,0.0,0.0,0.0
2025/26,2025-11-04,Coventry,Sheffield United,3,1,H,0.0,1.0,A,17.0,11.0,8.0,4.0,5.0,14.0,6.0,13.0,3.0,2.0,0.0,0.0
2025/26,2025-11-04,Derby,Hull,2,1,H,1.0,0.0,H,9.0,8.0,3.0,2.0,13.0,7.0,6.0,5.0,1.0,0.0,0.0,0.0
2025/26,2025-11-04,Ipswich,Watford,1,1,D,1.0,1.0,D,16.0,4.0,4.0,2.0,2.0,14.0,2.0,5.0,1.0,2.0,0.0,0.0
2025/26,2025-11-04,Leicester,Middlesbrough,1,1,D,1.0,0.0,H,6.0,17.0,2.0,4.0,18.0,11.0,3.0,6.0,6.0,1.0,0.0,1.0
2025/26,2025-11-04,Oxford,Stoke,0,3,A,0.0,2.0,A,16.0,14.0,1.0,6.0,6.0,13.0,10.0,7.0,1.0,3.0,0.0,0.0
2025/26,2025-11-05,Portsmouth,Wrexham,0,0,D,0.0,0.0,D,19.0,8.0,7.0,3.0,9.0,8.0,10.0,3.0,3.0,3.0,0.0,0.0
2025/26,2025-11-05,Preston,Swansea,2,1,H,1.0,0.0,H,4.0,18.0,3.0,5.0,12.0,5.0,2.0,8.0,3.0,1.0,0.0,0.0
2025/26,2025-11-05,QPR,Southampton,1,2,A,0.0,0.0,D,20.0,9.0,5.0,2.0,12.0,14.0,12.0,1.0,1.0,3.0,0.0,0.0
2025/26,2025-11-05,Sheffield Weds,Norwich,1,1,D,1.0,0.0,H,15.0,13.0,6.0,3.0,9.0,8.0,9.0,4.0,0.0,4.0,0.0,0.0
2025/26,2025-11-07,Watford,Bristol City,1,1,D,1.0,1.0,D,16.0,10.0,10.0,4.0,10.0,9.0,6.0,4.0,2.0,1.0,0.0,0.0
2025/26,2025-11-08,Blackburn,Derby,1,2,A,0.0,2.0,A,8.0,6.0,3.0,4.0,6.0,11.0,13.0,3.0,1.0,3.0,0.0,0.0
2025/26,2025-11-08,Hull,Portsmouth,3,2,H,2.0,2.0,D,13.0,13.0,4.0,5.0,6.0,14.0,5.0,5.0,1.0,3.0,0.0,0.0
2025/26,2025-11-08,Middlesbrough,Birmingham,2,1,H,2.0,1.0,H,8.0,13.0,4.0,5.0,9.0,13.0,3.0,5.0,1.0,1.0,0.0,0.0
2025/26,2025-11-08,Millwall,Preston,1,1,D,1.0,1.0,D,14.0,8.0,4.0,6.0,11.0,10.0,10.0,6.0,2.0,2.0,0.0,0.0
2025/26,2025-11-08,Norwich,Leicester,1,2,A,0.0,0.0,D,8.0,14.0,3.0,7.0,17.0,10.0,6.0,3.0,1.0,1.0,0.0,0.0
2025/26,2025-11-08,Sheffield United,QPR,0,0,D,0.0,0.0,D,20.0,13.0,3.0,4.0,6.0,7.0,14.0,5.0,0.0,2.0,0.0,0.0
2025/26,2025-11-08,Southampton,Sheffield Weds,3,1,H,2.0,1.0,H,12.0,11.0,7.0,3.0,8.0,16.0,4.0,5.0,2.0,2.0,0.0,0.0
2025/26,2025-11-08,Stoke,Coventry,0,1,A,0.0,0.0,D,10.0,17.0,2.0,3.0,9.0,9.0,3.0,6.0,3.0,3.0,0.0,0.0
2025/26,2025-11-08,Swansea,Ipswich,1,4,A,0.0,1.0,A,9.0,11.0,4.0,4.0,13.0,14.0,4.0,5.0,5.0,3.0,0.0,0.0
2025/26,2025-11-08,West Brom,Oxford,2,1,H,0.0,0.0,D,26.0,9.0,6.0,4.0,6.0,6.0,11.0,5.0,0.0,0.0,0.0,0.0
2025/26,2025-11-08,Wrexham,Charlton,1,0,H,0.0,0.0,D,18.0,11.0,6.0,4.0,9.0,10.0,8.0,2.0,1.0,4.0,0.0,0.0
2025/26,2025-11-21,Preston,Blackburn,1,2,A,1.0,1.0,D,15.0,12.0,4.0,6.0,11.0,3.0,3.0,7.0,1.0,0.0,0.0,0.0
2025/26,2025-11-22,Birmingham,Norwich,4,1,H,3.0,1.0,H,16.0,15.0,6.0,7.0,10.0,8.0,3.0,8.0,1.0,2.0,0.0,0.0
2025/26,2025-11-22,Bristol City,Swansea,3,0,H,2.0,0.0,H,15.0,17.0,8.0,5.0,10.0,7.0,5.0,6.0,2.0,0.0,0.0,0.0
2025/26,2025-11-22,Charlton,Southampton,1,5,A,1.0,5.0,A,12.0,23.0,2.0,8.0,15.0,6.0,3.0,4.0,4.0,0.0,0.0,0.0
2025/26,2025-11-22,Coventry,West Brom,3,2,H,1.0,2.0,A,24.0,7.0,11.0,5.0,10.0,9.0,8.0,1.0,2.0,1.0,0.0,1.0
2025/26,2025-11-22,Derby,Watford,2,3,A,1.0,0.0,H,9.0,14.0,2.0,4.0,8.0,15.0,9.0,3.0,2.0,1.0,0.0,0.0
2025/26,2025-11-22,Ipswich,Wrexham,0,0,D,0.0,0.0,D,19.0,2.0,8.0,0.0,9.0,17.0,5.0,2.0,2.0,3.0,0.0,0.0
2025/26,2025-11-22,Leicester,Stoke,2,1,H,2.0,0.0,H,6.0,11.0,2.0,5.0,16.0,11.0,0.0,10.0,6.0,2.0,0.0,0.0
2025/26,2025-11-22,Oxford,Middlesbrough,1,1,D,1.0,0.0,H,9.0,19.0,2.0,3.0,16.0,12.0,1.0,8.0,3.0,2.0,0.0,0.0
2025/26,2025-11-22,Portsmouth,Millwall,3,1,H,1.0,0.0,H,15.0,7.0,7.0,2.0,10.0,12.0,3.0,4.0,2.0,1.0,0.0,1.0
2025/26,2025-11-22,QPR,Hull,3,2,H,1.0,1.0,D,26.0,8.0,8.0,4.0,8.0,9.0,9.0,5.0,0.0,1.0,0.0,0.0
2025/26,2025-11-23,Sheffield Weds,Sheffield United,0,3,A,0.0,1.0,A,5.0,11.0,0.0,7.0,13.0,8.0,4.0,7.0,3.0,0.0,0.0,0.0
2025/26,2025-11-25,Hull,Ipswich,0,2,A,0.0,0.0,D,11.0,16.0,2.0,6.0,12.0,10.0,3.0,6.0,2.0,2.0,0.0,0.0
2025/26,2025-11-25,Middlesbrough,Coventry,2,4,A,1.0,2.0,A,11.0,20.0,2.0,8.0,12.0,16.0,8.0,3.0,0.0,0.0,0.0,0.0
2025/26,2025-11-25,Norwich,Oxford,1,1,D,1.0,0.0,H,15.0,12.0,6.0,4.0,8.0,10.0,8.0,4.0,1.0,0.0,0.0,0.0
2025/26,2025-11-25,Southampton,Leicester,3,0,H,3.0,0.0,H,18.0,7.0,8.0,2.0,8.0,13.0,11.0,3.0,1.0,0.0,0.0,1.0
2025/26,2025-11-25,Stoke,Charlton,3,0,H,3.0,0.0,H,15.0,4.0,4.0,2.0,13.0,13.0,5.0,0.0,1.0,1.0,0.0,0.0
2025/26,2025-11-25,Swansea,Derby,1,2,A,0.0,1.0,A,9.0,13.0,4.0,5.0,10.0,20.0,4.0,2.0,0.0,2.0,0.0,0.0
2025/26,2025-11-25,Watford,Preston,1,1,D,1.0,1.0,D,24.0,9.0,5.0,3.0,11.0,10.0,6.0,2.0,2.0,4.0,0.0,0.0
2025/26,2025-11-26,Blackburn,QPR,0,1,A,0.0,0.0,D,9.0,10.0,1.0,3.0,14.0,6.0,6.0,4.0,3.0,0.0,0.0,0.0
2025/26,2025-11-26,Millwall,Sheffield Weds,1,0,H,0.0,0.0,D,24.0,11.0,8.0,3.0,7.0,11.0,9.0,5.0,0.0,3.0,0.0,0.0
2025/26,2025-11-26,Sheffield United,Portsmouth,3,0,H,1.0,0.0,H,15.0,4.0,5.0,2.0,7.0,10.0,7.0,2.0,0.0,1.0,0.0,1.0
2025/26,2025-11-26,West Brom,Birmingham,1,1,D,1.0,0.0,H,13.0,14.0,4.0,4.0,7.0,12.0,3.0,3.0,1.0,2.0,0.0,0.0
2025/26,2025-11-26,Wrexham,Bristol City,2,0,H,1.0,0.0,H,12.0,13.0,4.0,3.0,10.0,8.0,2.0,4.0,1.0,2.0,0.0,0.0
2025/26,2025-11-28,Oxford,Ipswich,2,1,H,1.0,0.0,H,13.0,17.0,8.0,7.0,13.0,5.0,3.0,6.0,0.0,0.0,0.0,0.0
2025/26,2025-11-29,Coventry,Charlton,3,1,H,2.0,1.0,H,26.0,9.0,8.0,4.0,3.0,12.0,6.0,3.0,1.0,1.0,0.0,0.0
2025/26,2025-11-29,Leicester,Sheffield United,2,3,A,0.0,3.0,A,15.0,13.0,3.0,3.0,12.0,9.0,4.0,9.0,2.0,1.0,0.0,0.0
2025/26,2025-11-29,Middlesbrough,Derby,2,1,H,0.0,1.0,A,21.0,6.0,4.0,1.0,9.0,13.0,9.0,8.0,0.0,2.0,0.0,0.0
2025/26,2025-11-29,Millwall,Southampton,3,2,H,0.0,0.0,D,21.0,11.0,7.0,8.0,11.0,6.0,9.0,6.0,1.0,2.0,0.0,0.0
2025/26,2025-11-29,Norwich,QPR,3,1,H,3.0,1.0,H,17.0,12.0,6.0,5.0,4.0,14.0,9.0,6.0,2.0,2.0,0.0,0.0
2025/26,2025-11-29,Portsmouth,Bristol City,0,1,A,0.0,1.0,A,13.0,15.0,2.0,5.0,11.0,12.0,4.0,4.0,3.0,0.0,0.0,0.0
2025/26,2025-11-29,Sheffield Weds,Preston,2,3,A,2.0,1.0,H,12.0,7.0,5.0,5.0,10.0,12.0,3.0,3.0,1.0,1.0,0.0,0.0
2025/26,2025-11-29,Stoke,Hull,1,2,A,1.0,0.0,H,12.0,11.0,7.0,6.0,12.0,15.0,7.0,8.0,2.0,4.0,0.0,0.0
2025/26,2025-11-29,West Brom,Swansea,3,2,H,0.0,2.0,A,26.0,3.0,10.0,2.0,11.0,13.0,7.0,1.0,1.0,2.0,0.0,0.0
2025/26,2025-11-29,Wrexham,Blackburn,1,1,D,0.0,1.0,A,16.0,12.0,2.0,3.0,6.0,11.0,7.0,7.0,1.0,3.0,0.0,0.0
2025/26,2025-12-01,Birmingham,Watford,2,1,H,2.0,0.0,H,13.0,12.0,5.0,4.0,11.0,10.0,6.0,6.0,3.0,2.0,0.0,0.0
2025/26,2025-12-02,Blackburn,Ipswich,1,1,D,0.0,0.0,D,14.0,11.0,3.0,2.0,12.0,11.0,9.0,3.0,1.0,3.0,0.0,0.0
2025/26,2025-12-05,Hull,Middlesbrough,1,4,A,0.0,4.0,A,5.0,10.0,2.0,5.0,17.0,11.0,2.0,5.0,1.0,0.0,0.0,0.0
2025/26,2025-12-06,Bristol City,Millwall,0,1,A,0.0,0.0,D,13.0,12.0,3.0,6.0,7.0,18.0,8.0,1.0,1.0,5.0,0.0,0.0
2025/26,2025-12-06,Derby,Leicester,1,3,A,0.0,3.0,A,18.0,5.0,5.0,4.0,11.0,11.0,6.0,3.0,3.0,2.0,0.0,0.0
2025/26,2025-12-06,Ipswich,Coventry,3,0,H,1.0,0.0,H,10.0,11.0,6.0,5.0,14.0,9.0,2.0,5.0,5.0,2.0,0.0,0.0
2025/26,2025-12-06,Preston,Wrexham,1,1,D,0.0,1.0,A,24.0,9.0,7.0,3.0,8.0,6.0,16.0,2.0,1.0,1.0,0.0,0.0
2025/26,2025-12-06,QPR,West Brom,3,1,H,1.0,0.0,H,9.0,13.0,4.0,5.0,11.0,5.0,4.0,3.0,1.0,1.0,0.0,0.0
2025/26,2025-12-06,Sheffield United,Stoke,4,0,H,3.0,0.0,H,19.0,7.0,8.0,1.0,8.0,13.0,9.0,7.0,1.0,2.0,0.0,0.0
2025/26,2025-12-06,Southampton,Birmingham,3,1,H,2.0,0.0,H,18.0,22.0,8.0,4.0,9.0,11.0,7.0,8.0,1.0,1.0,0.0,0.0
2025/26,2025-12-06,Swansea,Oxford,2,0,H,2.0,0.0,H,15.0,12.0,4.0,4.0,8.0,13.0,10.0,2.0,2.0,4.0,0.0,0.0
2025/26,2025-12-06,Watford,Norwich,3,2,H,1.0,2.0,A,13.0,15.0,6.0,4.0,12.0,5.0,6.0,5.0,1.0,2.0,0.0,0.0
2025/26,2025-12-09,Blackburn,Oxford,1,1,D,0.0,1.0,A,16.0,6.0,5.0,1.0,9.0,14.0,9.0,3.0,1.0,2.0,0.0,0.0
2025/26,2025-12-09,Charlton,Middlesbrough,1,2,A,0.0,2.0,A,6.0,13.0,3.0,7.0,18.0,5.0,5.0,5.0,4.0,1.0,0.0,0.0
2025/26,2025-12-09,Preston,Coventry,1,1,D,0.0,0.0,D,6.0,21.0,2.0,5.0,9.0,9.0,4.0,8.0,1.0,0.0,1.0,0.0
2025/26,2025-12-09,QPR,Birmingham,2,1,H,1.0,0.0,H,16.0,3.0,3.0,1.0,11.0,8.0,6.0,3.0,2.0,1.0,0.0,0.0
2025/26,2025-12-09,Sheffield United,Norwich,1,1,D,0.0,0.0,D,17.0,13.0,4.0,6.0,13.0,13.0,6.0,2.0,2.0,3.0,0.0,0.0
2025/26,2025-12-09,Southampton,West Brom,3,2,H,3.0,0.0,H,8.0,18.0,4.0,7.0,12.0,13.0,2.0,9.0,2.0,2.0,0.0,0.0
2025/26,2025-12-09,Swansea,Portsmouth,1,0,H,0.0,0.0,D,15.0,10.0,6.0,3.0,6.0,9.0,5.0,6.0,2.0,3.0,0.0,0.0
2025/26,2025-12-09,Watford,Sheffield Weds,1,1,D,0.0,1.0,A,23.0,4.0,9.0,1.0,14.0,4.0,7.0,4.0,1.0,1.0,0.0,0.0
2025/26,2025-12-10,Bristol City,Leicester,2,2,D,0.0,2.0,A,21.0,12.0,11.0,5.0,10.0,15.0,10.0,3.0,2.0,3.0,0.0,0.0
2025/26,2025-12-10,Derby,Millwall,1,1,D,0.0,0.0,D,13.0,12.0,4.0,2.0,9.0,13.0,11.0,7.0,2.0,3.0,0.0,0.0
2025/26,2025-12-10,Hull,Wrexham,2,0,H,1.0,0.0,H,19.0,8.0,6.0,1.0,8.0,6.0,8.0,2.0,0.0,1.0,0.0,0.0
2025/26,2025-12-10,Ipswich,Stoke,1,0,H,1.0,0.0,H,16.0,6.0,6.0,1.0,11.0,11.0,3.0,4.0,1.0,1.0,0.0,0.0
2025/26,2025-12-12,West Brom,Sheffield United,2,0,H,0.0,0.0,D,16.0,11.0,5.0,3.0,8.0,10.0,8.0,4.0,0.0,1.0,0.0,0.0
2025/26,2025-12-13,Birmingham,Charlton,1,1,D,1.0,0.0,H,24.0,7.0,5.0,1.0,9.0,8.0,10.0,3.0,3.0,4.0,0.0,0.0
2025/26,2025-12-13,Coventry,Bristol City,1,0,H,0.0,0.0,D,21.0,15.0,4.0,8.0,13.0,15.0,4.0,5.0,1.0,3.0,0.0,0.0
2025/26,2025-12-13,Leicester,Ipswich,3,1,H,2.0,0.0,H,11.0,13.0,4.0,2.0,9.0,9.0,6.0,5.0,1.0,2.0,0.0,0.0
2025/26,2025-12-13,Middlesbrough,QPR,3,1,H,2.0,0.0,H,18.0,13.0,7.0,5.0,13.0,8.0,9.0,4.0,1.0,0.0,0.0,0.0
2025/26,2025-12-13,Millwall,Hull,1,3,A,0.0,2.0,A,11.0,10.0,6.0,6.0,12.0,7.0,5.0,1.0,0.0,3.0,1.0,0.0
2025/26,2025-12-13,Norwich,Southampton,2,1,H,0.0,0.0,D,16.0,12.0,5.0,4.0,15.0,10.0,6.0,5.0,2.0,2.0,0.0,0.0
2025/26,2025-12-13,Oxford,Preston,1,2,A,0.0,1.0,A,24.0,8.0,8.0,2.0,10.0,9.0,9.0,9.0,1.0,2.0,0.0,0.0
2025/26,2025-12-13,Portsmouth,Blackburn,2,1,H,0.0,1.0,A,18.0,11.0,7.0,2.0,9.0,14.0,7.0,6.0,2.0,3.0,0.0,0.0
2025/26,2025-12-13,Stoke,Swansea,2,1,H,1.0,0.0,H,8.0,14.0,5.0,6.0,16.0,14.0,6.0,7.0,3.0,4.0,0.0,0.0
2025/26,2025-12-13,Wrexham,Watford,2,2,D,1.0,2.0,A,16.0,12.0,3.0,3.0,10.0,9.0,7.0,1.0,3.0,6.0,0.0,0.0
2025/26,2025-12-15,Sheffield Weds,Derby,0,3,A,0.0,1.0,A,3.0,15.0,1.0,7.0,10.0,8.0,1.0,5.0,4.0,1.0,0.0,0.0
2025/26,2025-12-19,Swansea,Wrexham,2,1,H,0.0,1.0,A,22.0,5.0,5.0,1.0,8.0,10.0,5.0,7.0,2.0,2.0,0.0,0.0
2025/26,2025-12-20,Blackburn,Millwall,2,0,H,2.0,0.0,H,11.0,10.0,5.0,3.0,9.0,18.0,3.0,6.0,3.0,3.0,0.0,0.0
2025/26,2025-12-20,Bristol City,Middlesbrough,2,0,H,1.0,0.0,H,13.0,28.0,8.0,3.0,6.0,5.0,3.0,13.0,2.0,3.0,0.0,0.0
2025/26,2025-12-20,Charlton,Oxford,1,0,H,0.0,0.0,D,13.0,12.0,4.0,1.0,15.0,7.0,5.0,6.0,2.0,1.0,0.0,0.0
2025/26,2025-12-20,Derby,Portsmouth,1,1,D,1.0,1.0,D,12.0,4.0,6.0,1.0,7.0,4.0,6.0,4.0,1.0,1.0,0.0,0.0
2025/26,2025-12-20,Hull,West Brom,1,0,H,1.0,0.0,H,10.0,13.0,1.0,1.0,14.0,17.0,8.0,3.0,4.0,4.0,0.0,1.0
2025/26,2025-12-20,Ipswich,Sheffield Weds,3,1,H,1.0,0.0,H,20.0,11.0,8.0,3.0,9.0,9.0,5.0,3.0,1.0,1.0,0.0,0.0
2025/26,2025-12-20,Preston,Norwich,1,1,D,0.0,0.0,D,11.0,8.0,4.0,1.0,11.0,17.0,4.0,3.0,2.0,3.0,0.0,0.0
2025/26,2025-12-20,QPR,Leicester,4,1,H,4.0,0.0,H,12.0,9.0,6.0,2.0,10.0,13.0,2.0,3.0,1.0,2.0,0.0,0.0
2025/26,2025-12-20,Sheffield United,Birmingham,3,0,H,2.0,0.0,H,20.0,7.0,9.0,1.0,6.0,13.0,8.0,4.0,1.0,3.0,0.0,1.0
2025/26,2025-12-20,Southampton,Coventry,1,1,D,0.0,1.0,A,23.0,8.0,7.0,4.0,10.0,11.0,7.0,2.0,1.0,1.0,0.0,1.0
2025/26,2025-12-20,Watford,Stoke,1,0,H,0.0,0.0,D,10.0,7.0,5.0,1.0,10.0,12.0,7.0,5.0,3.0,3.0,0.0,0.0
2025/26,2025-12-26,Birmingham,Derby,1,1,D,0.0,1.0,A,25.0,5.0,9.0,1.0,17.0,13.0,12.0,1.0,3.0,1.0,1.0,1.0
2025/26,2025-12-26,Coventry,Swansea,1,0,H,1.0,0.0,H,16.0,11.0,7.0,2.0,13.0,13.0,7.0,4.0,0.0,2.0,0.0,0.0
2025/26,2025-12-26,Leicester,Watford,1,2,A,1.0,1.0,D,9.0,13.0,2.0,3.0,14.0,8.0,5.0,6.0,3.0,2.0,0.0,0.0
2025/26,2025-12-26,Middlesbrough,Blackburn,0,0,D,0.0,0.0,D,10.0,13.0,2.0,2.0,11.0,9.0,4.0,4.0,2.0,2.0,0.0,0.0
2025/26,2025-12-26,Millwall,Ipswich,0,0,D,0.0,0.0,D,11.0,16.0,6.0,4.0,11.0,12.0,2.0,4.0,1.0,2.0,0.0,0.0
2025/26,2025-12-26,Norwich,Charlton,1,0,H,0.0,0.0,D,14.0,4.0,5.0,0.0,9.0,17.0,5.0,6.0,3.0,2.0,0.0,0.0
2025/26,2025-12-26,Oxford,Southampton,2,1,H,1.0,1.0,D,17.0,19.0,6.0,5.0,14.0,9.0,5.0,7.0,2.0,1.0,0.0,0.0
2025/26,2025-12-26,Portsmouth,QPR,1,1,D,1.0,0.0,H,8.0,8.0,2.0,3.0,9.0,14.0,9.0,3.0,1.0,2.0,0.0,0.0
2025/26,2025-12-26,Sheffield Weds,Hull,2,2,D,1.0,1.0,D,12.0,14.0,3.0,6.0,5.0,12.0,4.0,4.0,2.0,4.0,0.0,0.0
2025/26,2025-12-26,Stoke,Preston,0,0,D,0.0,0.0,D,14.0,8.0,3.0,4.0,8.0,12.0,10.0,2.0,4.0,2.0,0.0,0.0
2025/26,2025-12-26,West Brom,Bristol City,1,2,A,0.0,2.0,A,16.0,6.0,4.0,3.0,14.0,10.0,9.0,4.0,1.0,3.0,0.0,0.0
2025/26,2025-12-26,Wrexham,Sheffield United,5,3,H,2.0,3.0,A,18.0,13.0,8.0,7.0,7.0,12.0,7.0,5.0,1.0,2.0,0.0,0.0
2025/26,2025-12-29,Birmingham,Southampton,1,1,D,0.0,0.0,D,20.0,13.0,4.0,5.0,10.0,15.0,2.0,5.0,1.0,2.0,0.0,0.0
2025/26,2025-12-29,Coventry,Ipswich,0,2,A,0.0,0.0,D,10.0,18.0,3.0,7.0,12.0,14.0,3.0,6.0,1.0,2.0,0.0,0.0
2025/26,2025-12-29,Leicester,Derby,2,1,H,2.0,1.0,H,8.0,9.0,2.0,2.0,10.0,12.0,3.0,4.0,1.0,2.0,0.0,0.0
2025/26,2025-12-29,Middlesbrough,Hull,0,1,A,0.0,1.0,A,23.0,4.0,5.0,1.0,11.0,11.0,10.0,2.0,1.0,4.0,0.0,0.0
2025/26,2025-12-29,Millwall,Bristol City,2,1,H,1.0,0.0,H,8.0,16.0,2.0,3.0,15.0,8.0,1.0,8.0,4.0,1.0,0.0,0.0
2025/26,2025-12-29,Norwich,Watford,0,1,A,0.0,0.0,D,9.0,8.0,1.0,2.0,8.0,6.0,8.0,3.0,0.0,1.0,0.0,0.0
2025/26,2025-12-29,Oxford,Swansea,0,1,A,0.0,1.0,A,11.0,10.0,2.0,5.0,13.0,11.0,1.0,5.0,2.0,4.0,0.0,0.0
2025/26,2025-12-29,Portsmouth,Charlton,2,1,H,0.0,0.0,D,15.0,16.0,5.0,4.0,11.0,16.0,5.0,11.0,2.0,2.0,0.0,0.0
2025/26,2025-12-29,Sheffield Weds,Blackburn,0,0,D,0.0,0.0,D,5.0,14.0,0.0,2.0,12.0,11.0,2.0,7.0,2.0,3.0,0.0,0.0
2025/26,2025-12-29,Stoke,Sheffield United,1,2,A,0.0,0.0,D,7.0,15.0,3.0,4.0,9.0,4.0,6.0,2.0,0.0,1.0,1.0,0.0
2025/26,2025-12-29,West Brom,QPR,2,1,H,1.0,1.0,D,12.0,3.0,4.0,0.0,6.0,10.0,9.0,4.0,0.0,2.0,0.0,0.0
2025/26,2025-12-29,Wrexham,Preston,2,1,H,1.0,0.0,H,14.0,13.0,6.0,4.0,11.0,10.0,3.0,3.0,0.0,0.0,0.0,0.0
2025/26,2026-01-01,Blackburn,Wrexham,0,2,A,0.0,2.0,A,12.0,7.0,1.0,3.0,14.0,10.0,4.0,8.0,4.0,2.0,0.0,0.0
2025/26,2026-01-01,Bristol City,Portsmouth,5,0,H,2.0,0.0,H,14.0,5.0,7.0,2.0,6.0,14.0,1.0,1.0,0.0,1.0,0.0,0.0
2025/26,2026-01-01,Charlton,Coventry,1,1,D,0.0,1.0,A,15.0,20.0,3.0,7.0,10.0,7.0,9.0,3.0,3.0,2.0,0.0,0.0
2025/26,2026-01-01,Derby,Middlesbrough,1,0,H,0.0,0.0,D,7.0,19.0,3.0,5.0,12.0,9.0,4.0,9.0,2.0,2.0,0.0,0.0
2025/26,2026-01-01,Hull,Stoke,0,1,A,0.0,1.0,A,15.0,12.0,1.0,6.0,13.0,13.0,6.0,6.0,3.0,2.0,0.0,0.0
2025/26,2026-01-01,Ipswich,Oxford,2,1,H,2.0,1.0,H,19.0,8.0,6.0,1.0,9.0,12.0,9.0,2.0,1.0,4.0,0.0,0.0
2025/26,2026-01-01,Preston,Sheffield Weds,3,0,H,1.0,0.0,H,12.0,6.0,7.0,1.0,10.0,8.0,4.0,7.0,2.0,0.0,0.0,0.0
2025/26,2026-01-01,QPR,Norwich,1,2,A,0.0,0.0,D,10.0,11.0,2.0,5.0,10.0,10.0,7.0,3.0,0.0,3.0,0.0,0.0
2025/26,2026-01-01,Sheffield United,Leicester,3,1,H,1.0,0.0,H,13.0,6.0,5.0,1.0,13.0,10.0,7.0,3.0,1.0,2.0,0.0,0.0
2025/26,2026-01-01,Southampton,Millwall,0,0,D,0.0,0.0,D,12.0,12.0,2.0,3.0,6.0,11.0,6.0,6.0,1.0,3.0,0.0,0.0
2025/26,2026-01-01,Swansea,West Brom,1,0,H,0.0,0.0,D,13.0,12.0,3.0,7.0,7.0,15.0,4.0,5.0,2.0,5.0,0.0,0.0
2025/26,2026-01-01,Watford,Birmingham,3,0,H,2.0,0.0,H,13.0,6.0,6.0,2.0,5.0,14.0,4.0,4.0,1.0,2.0,0.0,0.0
2025/26,2026-01-04,Birmingham,Coventry,3,2,H,2.0,1.0,H,9.0,17.0,4.0,6.0,13.0,8.0,2.0,6.0,3.0,1.0,0.0,1.0
2025/26,2026-01-04,Blackburn,Charlton,2,2,D,1.0,2.0,A,17.0,11.0,5.0,4.0,9.0,18.0,2.0,5.0,1.0,4.0,0.0,0.0
2025/26,2026-01-04,Bristol City,Preston,0,2,A,0.0,1.0,A,11.0,12.0,2.0,3.0,11.0,14.0,6.0,3.0,0.0,2.0,0.0,0.0
2025/26,2026-01-04,Derby,Wrexham,1,2,A,1.0,1.0,D,13.0,11.0,5.0,3.0,9.0,8.0,12.0,2.0,1.0,2.0,0.0,0.0
2025/26,2026-01-04,Middlesbrough,Southampton,4,0,H,0.0,0.0,D,22.0,16.0,5.0,5.0,7.0,12.0,11.0,5.0,0.0,4.0,0.0,0.0
2025/26,2026-01-04,Millwall,Swansea,2,1,H,1.0,0.0,H,17.0,13.0,9.0,7.0,12.0,8.0,12.0,3.0,2.0,0.0,0.0,0.0
2025/26,2026-01-04,Norwich,Stoke,0,2,A,0.0,0.0,D,7.0,14.0,1.0,4.0,9.0,10.0,3.0,3.0,1.0,2.0,0.0,0.0
2025/26,2026-01-04,QPR,Sheffield Weds,3,0,H,1.0,0.0,H,13.0,4.0,7.0,2.0,9.0,14.0,5.0,2.0,0.0,0.0,0.0,0.0
2025/26,2026-01-05,Leicester,West Brom,2,1,H,1.0,1.0,D,11.0,16.0,3.0,8.0,9.0,7.0,4.0,4.0,1.0,0.0,0.0,0.0
2025/26,2026-01-16,West Brom,Middlesbrough,2,3,A,0.0,1.0,A,12.0,9.0,6.0,5.0,11.0,4.0,4.0,1.0,2.0,0.0,0.0,0.0
2025/26,2026-01-17,Charlton,Sheffield United,1,0,H,0.0,0.0,D,12.0,11.0,4.0,2.0,13.0,7.0,9.0,7.0,4.0,1.0,0.0,2.0
2025/26,2026-01-17,Coventry,Leicester,2,1,H,0.0,1.0,A,19.0,14.0,6.0,6.0,8.0,14.0,5.0,3.0,1.0,4.0,0.0,0.0
2025/26,2026-01-17,Ipswich,Blackburn,3,0,H,2.0,0.0,H,17.0,10.0,7.0,0.0,6.0,15.0,7.0,6.0,0.0,4.0,0.0,0.0
2025/26,2026-01-17,Oxford,Bristol City,0,0,D,0.0,0.0,D,9.0,6.0,3.0,1.0,9.0,12.0,6.0,5.0,2.0,3.0,0.0,0.0
2025/26,2026-01-17,Preston,Derby,0,1,A,0.0,0.0,D,13.0,18.0,2.0,4.0,7.0,12.0,5.0,10.0,2.0,5.0,0.0,0.0
2025/26,2026-01-17,Sheffield Weds,Portsmouth,0,1,A,0.0,0.0,D,7.0,12.0,1.0,3.0,15.0,10.0,7.0,6.0,0.0,2.0,0.0,0.0
2025/26,2026-01-17,Southampton,Hull,1,2,A,0.0,2.0,A,22.0,9.0,7.0,3.0,5.0,15.0,8.0,2.0,0.0,2.0,0.0,0.0
2025/26,2026-01-17,Stoke,QPR,0,0,D,0.0,0.0,D,12.0,7.0,3.0,2.0,11.0,10.0,6.0,2.0,3.0,4.0,0.0,0.0
2025/26,2026-01-17,Swansea,Birmingham,1,1,D,1.0,0.0,H,19.0,12.0,4.0,1.0,10.0,14.0,5.0,5.0,0.0,0.0,0.0,0.0
2025/26,2026-01-17,Watford,Millwall,0,2,A,0.0,0.0,D,9.0,13.0,3.0,4.0,7.0,22.0,4.0,4.0,4.0,4.0,0.0,0.0
2025/26,2026-01-17,Wrexham,Norwich,1,2,A,1.0,1.0,D,17.0,7.0,3.0,3.0,8.0,9.0,7.0,1.0,0.0,1.0,0.0,0.0
2025/26,2026-01-20,Charlton,Derby,1,2,A,0.0,1.0,A,11.0,15.0,4.0,5.0,12.0,14.0,4.0,0.0,0.0,2.0,0.0,1.0
2025/26,2026-01-20,Coventry,Millwall,2,1,H,1.0,1.0,D,15.0,14.0,4.0,4.0,7.0,12.0,4.0,3.0,2.0,1.0,0.0,0.0
2025/26,2026-01-20,Ipswich,Bristol City,2,0,H,1.0,0.0,H,11.0,8.0,3.0,3.0,19.0,14.0,9.0,2.0,1.0,6.0,0.0,0.0
2025/26,2026-01-20,Oxford,QPR,0,0,D,0.0,0.0,D,9.0,14.0,1.0,2.0,13.0,11.0,2.0,6.0,1.0,2.0,0.0,0.0
2025/26,2026-01-20,Preston,Hull,0,3,A,0.0,2.0,A,17.0,17.0,5.0,9.0,13.0,12.0,6.0,6.0,2.0,3.0,1.0,0.0
2025/26,2026-01-20,Sheffield Weds,Birmingham,0,2,A,0.0,0.0,D,7.0,22.0,1.0,7.0,9.0,10.0,3.0,11.0,2.0,1.0,0.0,0.0
2025/26,2026-01-20,Swansea,Blackburn,3,1,H,1.0,1.0,D,14.0,5.0,4.0,2.0,10.0,14.0,4.0,3.0,2.0,3.0,0.0,0.0
2025/26,2026-01-20,West Brom,Norwich,0,5,A,0.0,1.0,A,13.0,9.0,2.0,7.0,13.0,9.0,10.0,2.0,3.0,1.0,0.0,0.0
2025/26,2026-01-20,Wrexham,Leicester,1,1,D,0.0,0.0,D,16.0,5.0,3.0,4.0,12.0,12.0,3.0,1.0,1.0,2.0,0.0,0.0
2025/26,2026-01-21,Southampton,Sheffield United,1,0,H,1.0,0.0,H,15.0,16.0,3.0,4.0,11.0,14.0,6.0,7.0,3.0,1.0,0.0,0.0
2025/26,2026-01-21,Stoke,Middlesbrough,1,2,A,1.0,0.0,H,10.0,16.0,4.0,7.0,11.0,10.0,5.0,4.0,1.0,1.0,1.0,0.0
2025/26,2026-01-21,Watford,Portsmouth,1,1,D,0.0,0.0,D,15.0,10.0,4.0,2.0,9.0,12.0,8.0,7.0,1.0,1.0,0.0,0.0
2025/26,2026-01-23,Derby,West Brom,1,1,D,1.0,0.0,H,5.0,12.0,1.0,4.0,14.0,13.0,1.0,6.0,2.0,3.0,0.0,0.0
2025/26,2026-01-24,Birmingham,Stoke,1,1,D,1.0,0.0,H,18.0,7.0,5.0,1.0,7.0,10.0,6.0,6.0,1.0,1.0,0.0,0.0
2025/26,2026-01-24,Blackburn,Watford,1,1,D,1.0,1.0,D,7.0,14.0,3.0,4.0,8.0,7.0,7.0,8.0,0.0,2.0,0.0,0.0
2025/26,2026-01-24,Bristol City,Sheffield Weds,2,0,H,0.0,0.0,D,16.0,3.0,7.0,0.0,6.0,13.0,9.0,7.0,0.0,0.0,0.0,0.0
2025/26,2026-01-24,Hull,Swansea,2,1,H,2.0,0.0,H,10.0,16.0,7.0,4.0,13.0,6.0,6.0,7.0,3.0,2.0,0.0,0.0
2025/26,2026-01-24,Leicester,Oxford,1,2,A,0.0,1.0,A,13.0,8.0,4.0,2.0,13.0,11.0,12.0,4.0,0.0,3.0,0.0,0.0
2025/26,2026-01-24,Middlesbrough,Preston,4,0,H,3.0,0.0,H,16.0,4.0,8.0,1.0,11.0,19.0,8.0,3.0,0.0,2.0,0.0,1.0
2025/26,2026-01-24,Millwall,Charlton,4,0,H,1.0,0.0,H,23.0,3.0,6.0,1.0,8.0,13.0,6.0,3.0,1.0,1.0,0.0,0.0
2025/26,2026-01-24,QPR,Wrexham,2,3,A,1.0,0.0,H,13.0,11.0,3.0,7.0,13.0,13.0,7.0,3.0,1.0,2.0,1.0,0.0
2025/26,2026-01-24,Sheffield United,Ipswich,3,1,H,2.0,0.0,H,15.0,11.0,8.0,5.0,15.0,11.0,4.0,5.0,0.0,4.0,1.0,0.0
2025/26,2026-01-25,Portsmouth,Southampton,1,1,D,0.0,0.0,D,14.0,6.0,3.0,4.0,9.0,14.0,4.0,2.0,2.0,1.0,0.0,0.0
2025/26,2026-01-26,Norwich,Coventry,2,1,H,0.0,1.0,A,16.0,16.0,5.0,5.0,10.0,9.0,4.0,7.0,1.0,1.0,0.0,0.0
2025/26,2026-01-30,Bristol City,Derby,0,5,A,0.0,3.0,A,7.0,17.0,1.0,7.0,9.0,15.0,4.0,1.0,1.0,1.0,0.0,0.0
2025/26,2026-01-31,Blackburn,Hull,0,1,A,0.0,0.0,D,9.0,12.0,3.0,4.0,6.0,10.0,8.0,4.0,2.0,0.0,0.0,0.0
2025/26,2026-01-31,Ipswich,Preston,1,1,D,0.0,0.0,D,16.0,11.0,5.0,4.0,11.0,10.0,9.0,3.0,1.0,2.0,0.0,0.0
2025/26,2026-01-31,Leicester,Charlton,0,2,A,0.0,2.0,A,21.0,9.0,1.0,5.0,8.0,11.0,6.0,2.0,0.0,2.0,1.0,0.0
2025/26,2026-01-31,Middlesbrough,Norwich,1,0,H,1.0,0.0,H,9.0,8.0,5.0,3.0,12.0,18.0,3.0,5.0,2.0,2.0,0.0,0.0
2025/26,2026-01-31,Millwall,Sheffield United,1,1,D,1.0,1.0,D,14.0,12.0,6.0,6.0,9.0,8.0,6.0,8.0,2.0,1.0,0.0,0.0
2025/26,2026-01-31,Oxford,Birmingham,0,2,A,0.0,1.0,A,10.0,11.0,4.0,2.0,7.0,12.0,4.0,4.0,2.0,2.0,0.0,0.0
2025/26,2026-01-31,Portsmouth,West Brom,3,0,H,2.0,0.0,H,20.0,4.0,6.0,1.0,7.0,11.0,3.0,3.0,0.0,2.0,0.0,0.0
2025/26,2026-01-31,QPR,Coventry,2,1,H,0.0,0.0,D,15.0,9.0,8.0,2.0,7.0,8.0,5.0,5.0,1.0,2.0,0.0,0.0
2025/26,2026-01-31,Sheffield Weds,Wrexham,0,1,A,0.0,0.0,D,5.0,12.0,2.0,4.0,13.0,7.0,3.0,8.0,0.0,0.0,0.0,0.0
2025/26,2026-01-31,Stoke,Southampton,0,2,A,0.0,1.0,A,10.0,11.0,3.0,4.0,8.0,18.0,4.0,5.0,2.0,3.0,0.0,0.0
2025/26,2026-01-31,Watford,Swansea,0,2,A,0.0,0.0,D,17.0,14.0,5.0,7.0,10.0,11.0,5.0,8.0,1.0,2.0,1.0,0.0
2025/26,2026-02-03,Blackburn,Sheffield Weds,1,0,H,1.0,0.0,H,9.0,2.0,6.0,1.0,13.0,12.0,8.0,2.0,4.0,2.0,0.0,0.0
2025/26,2026-02-03,Hull,Watford,0,0,D,0.0,0.0,D,6.0,16.0,3.0,2.0,12.0,9.0,7.0,5.0,4.0,3.0,0.0,0.0
2025/26,2026-02-03,Sheffield United,Oxford,3,1,H,1.0,1.0,D,11.0,6.0,3.0,2.0,9.0,12.0,10.0,2.0,3.0,4.0,0.0,0.0
2025/26,2026-02-06,Charlton,QPR,0,0,D,0.0,0.0,D,16.0,18.0,5.0,4.0,5.0,8.0,7.0,5.0,2.0,1.0,0.0,0.0
2025/26,2026-02-07,Birmingham,Leicester,2,1,H,1.0,1.0,D,22.0,7.0,6.0,2.0,11.0,10.0,10.0,1.0,0.0,2.0,0.0,1.0
2025/26,2026-02-07,Coventry,Oxford,0,0,D,0.0,0.0,D,24.0,4.0,5.0,0.0,7.0,13.0,10.0,0.0,1.0,6.0,0.0,1.0
2025/26,2026-02-07,Derby,Ipswich,1,2,A,0.0,1.0,A,9.0,13.0,1.0,5.0,9.0,14.0,3.0,7.0,1.0,4.0,1.0,0.0
2025/26,2026-02-07,Hull,Bristol City,2,3,A,1.0,2.0,A,10.0,11.0,5.0,6.0,10.0,8.0,2.0,4.0,2.0,0.0,0.0,0.0
2025/26,2026-02-07,Norwich,Blackburn,2,0,H,0.0,0.0,D,12.0,6.0,3.0,0.0,12.0,11.0,5.0,4.0,2.0,2.0,0.0,0.0
2025/26,2026-02-07,Preston,Portsmouth,1,0,H,1.0,0.0,H,7.0,12.0,3.0,4.0,15.0,11.0,2.0,14.0,3.0,1.0,0.0,0.0
2025/26,2026-02-07,Southampton,Watford,1,0,H,0.0,0.0,D,6.0,11.0,4.0,2.0,10.0,10.0,3.0,9.0,3.0,1.0,0.0,0.0
2025/26,2026-02-07,West Brom,Stoke,0,0,D,0.0,0.0,D,10.0,8.0,2.0,3.0,8.0,9.0,2.0,2.0,1.0,1.0,0.0,0.0
2025/26,2026-02-07,Wrexham,Millwall,0,2,A,0.0,0.0,D,16.0,7.0,5.0,1.0,5.0,11.0,5.0,4.0,1.0,3.0,0.0,0.0
2025/26,2026-02-08,Swansea,Sheffield Weds,4,0,H,1.0,0.0,H,22.0,3.0,6.0,0.0,9.0,15.0,8.0,2.0,2.0,2.0,0.0,0.0
2025/26,2026-02-09,Sheffield United,Middlesbrough,1,2,A,0.0,2.0,A,13.0,19.0,5.0,9.0,14.0,11.0,8.0,8.0,3.0,2.0,1.0,0.0
2025/26,2026-02-10,Birmingham,West Brom,0,0,D,0.0,0.0,D,16.0,9.0,5.0,1.0,10.0,16.0,11.0,3.0,1.0,5.0,0.0,0.0
2025/26,2026-02-10,Leicester,Southampton,3,4,A,3.0,0.0,H,8.0,16.0,3.0,7.0,11.0,13.0,3.0,9.0,0.0,1.0,0.0,0.0
2025/26,2026-02-10,Oxford,Norwich,0,3,A,0.0,2.0,A,7.0,8.0,1.0,4.0,8.0,12.0,2.0,4.0,1.0,1.0,0.0,0.0
2025/26,2026-02-11,Charlton,Stoke,1,0,H,0.0,0.0,D,17.0,6.0,4.0,2.0,5.0,6.0,6.0,5.0,2.0,4.0,0.0,0.0
2025/26,2026-02-14,Derby,Swansea,2,0,H,0.0,0.0,D,11.0,15.0,6.0,2.0,20.0,12.0,6.0,2.0,2.0,2.0,0.0,0.0
2025/26,2026-02-14,Portsmouth,Sheffield United,0,1,A,0.0,0.0,D,23.0,11.0,7.0,2.0,12.0,12.0,11.0,4.0,1.0,4.0,0.0,0.0
2025/26,2026-02-14,Preston,Watford,2,2,D,1.0,0.0,H,8.0,20.0,3.0,5.0,8.0,6.0,9.0,7.0,1.0,1.0,0.0,0.0
2025/26,2026-02-14,QPR,Blackburn,1,3,A,1.0,2.0,A,21.0,7.0,4.0,4.0,12.0,14.0,8.0,1.0,2.0,3.0,0.0,0.0
2025/26,2026-02-14,Sheffield Weds,Millwall,1,2,A,0.0,0.0,D,11.0,20.0,3.0,6.0,9.0,12.0,3.0,11.0,3.0,2.0,0.0,0.0
2025/26,2026-02-16,Coventry,Middlesbrough,3,1,H,1.0,0.0,H,9.0,18.0,4.0,4.0,17.0,13.0,3.0,2.0,3.0,2.0,0.0,0.0
2025/26,2026-02-17,Bristol City,Wrexham,2,2,D,0.0,1.0,A,8.0,9.0,5.0,3.0,11.0,13.0,3.0,2.0,2.0,3.0,0.0,0.0
2025/26,2026-02-17,Charlton,Portsmouth,1,3,A,0.0,2.0,A,12.0,12.0,4.0,6.0,16.0,7.0,3.0,2.0,7.0,2.0,0.0,0.0
2025/26,2026-02-20,Blackburn,Preston,1,0,H,0.0,0.0,D,13.0,3.0,3.0,2.0,8.0,10.0,5.0,3.0,2.0,2.0,0.0,0.0
2025/26,2026-02-21,Hull,QPR,1,3,A,1.0,1.0,D,14.0,12.0,4.0,8.0,8.0,14.0,8.0,4.0,3.0,1.0,0.0,0.0
2025/26,2026-02-21,Middlesbrough,Oxford,0,0,D,0.0,0.0,D,24.0,13.0,7.0,2.0,10.0,10.0,9.0,5.0,3.0,1.0,0.0,0.0
2025/26,2026-02-21,Millwall,Portsmouth,1,3,A,0.0,0.0,D,6.0,15.0,3.0,8.0,13.0,8.0,6.0,4.0,1.0,2.0,0.0,0.0
2025/26,2026-02-21,Norwich,Birmingham,1,2,A,0.0,2.0,A,18.0,9.0,9.0,5.0,6.0,14.0,6.0,5.0,0.0,1.0,0.0,0.0
2025/26,2026-02-21,Southampton,Charlton,1,1,D,0.0,0.0,D,23.0,6.0,8.0,3.0,6.0,11.0,10.0,1.0,2.0,1.0,0.0,0.0
2025/26,2026-02-21,Stoke,Leicester,2,2,D,1.0,0.0,H,11.0,15.0,3.0,5.0,5.0,6.0,7.0,4.0,2.0,1.0,0.0,0.0
2025/26,2026-02-21,Swansea,Bristol City,1,0,H,1.0,0.0,H,8.0,12.0,3.0,2.0,14.0,11.0,3.0,5.0,2.0,4.0,0.0,0.0
2025/26,2026-02-21,Watford,Derby,2,0,H,1.0,0.0,H,18.0,5.0,8.0,1.0,13.0,11.0,2.0,2.0,2.0,2.0,0.0,0.0
2025/26,2026-02-21,West Brom,Coventry,0,2,A,0.0,2.0,A,11.0,10.0,1.0,3.0,10.0,7.0,3.0,2.0,0.0,3.0,0.0,0.0
2025/26,2026-02-21,Wrexham,Ipswich,5,3,H,2.0,2.0,D,17.0,13.0,10.0,6.0,14.0,10.0,5.0,2.0,5.0,4.0,0.0,0.0
2025/26,2026-02-22,Sheffield United,Sheffield Weds,2,1,H,2.0,0.0,H,10.0,6.0,4.0,2.0,11.0,20.0,2.0,6.0,1.0,5.0,1.0,1.0
2025/26,2026-02-24,Blackburn,Bristol City,1,2,A,1.0,2.0,A,19.0,10.0,7.0,5.0,15.0,10.0,6.0,4.0,2.0,2.0,0.0,0.0
2025/26,2026-02-24,Hull,Derby,4,2,H,2.0,2.0,D,9.0,18.0,3.0,6.0,19.0,9.0,7.0,3.0,2.0,2.0,0.0,0.0
2025/26,2026-02-24,Middlesbrough,Leicester,1,1,D,1.0,1.0,D,17.0,11.0,4.0,6.0,11.0,9.0,8.0,5.0,1.0,1.0,0.0,0.0
2025/26,2026-02-24,Southampton,QPR,5,0,H,2.0,0.0,H,14.0,5.0,9.0,1.0,6.0,12.0,5.0,3.0,1.0,0.0,0.0,0.0
2025/26,2026-02-24,Swansea,Preston,1,1,D,0.0,1.0,A,12.0,14.0,2.0,3.0,5.0,17.0,4.0,8.0,2.0,2.0,0.0,0.0
2025/26,2026-02-24,Watford,Ipswich,0,2,A,0.0,1.0,A,11.0,11.0,2.0,3.0,14.0,16.0,3.0,4.0,2.0,3.0,0.0,0.0
2025/26,2026-02-24,West Brom,Charlton,1,1,D,1.0,0.0,H,18.0,3.0,2.0,2.0,12.0,15.0,7.0,0.0,2.0,3.0,0.0,0.0
2025/26,2026-02-24,Wrexham,Portsmouth,2,1,H,2.0,0.0,H,10.0,9.0,5.0,1.0,9.0,8.0,3.0,15.0,0.0,1.0,0.0,0.0
2025/26,2026-02-25,Millwall,Birmingham,3,0,H,2.0,0.0,H,11.0,5.0,5.0,2.0,14.0,8.0,7.0,5.0,1.0,0.0,0.0,1.0
2025/26,2026-02-25,Norwich,Sheffield Weds,2,0,H,2.0,0.0,H,19.0,4.0,6.0,1.0,11.0,4.0,3.0,4.0,0.0,0.0,0.0,0.0
2025/26,2026-02-25,Sheffield United,Coventry,1,2,A,0.0,0.0,D,22.0,11.0,4.0,5.0,12.0,14.0,7.0,3.0,3.0,2.0,0.0,0.0
2025/26,2026-02-25,Stoke,Oxford,2,1,H,1.0,1.0,D,21.0,9.0,9.0,2.0,11.0,5.0,8.0,7.0,2.0,1.0,0.0,0.0
2025/26,2026-02-27,Bristol City,Watford,1,2,A,1.0,1.0,D,11.0,11.0,4.0,4.0,6.0,10.0,3.0,3.0,2.0,3.0,0.0,0.0
2025/26,2026-02-28,Charlton,Wrexham,0,1,A,0.0,1.0,A,12.0,8.0,1.0,2.0,4.0,11.0,4.0,2.0,2.0,1.0,0.0,0.0
2025/26,2026-02-28,Coventry,Stoke,2,1,H,1.0,1.0,D,20.0,3.0,8.0,1.0,7.0,6.0,7.0,1.0,1.0,1.0,0.0,0.0
2025/26,2026-02-28,Derby,Blackburn,3,1,H,0.0,1.0,A,14.0,11.0,6.0,3.0,10.0,14.0,2.0,3.0,3.0,4.0,0.0,0.0
2025/26,2026-02-28,Ipswich,Swansea,3,0,H,2.0,0.0,H,11.0,10.0,6.0,3.0,17.0,13.0,4.0,0.0,1.0,0.0,0.0,0.0
2025/26,2026-02-28,Leicester,Norwich,0,2,A,0.0,0.0,D,10.0,12.0,3.0,8.0,8.0,8.0,6.0,7.0,2.0,2.0,0.0,0.0
2025/26,2026-02-28,Oxford,West Brom,2,1,H,2.0,1.0,H,9.0,16.0,3.0,3.0,10.0,16.0,5.0,6.0,0.0,2.0,0.0,0.0
2025/26,2026-02-28,Portsmouth,Hull,0,1,A,0.0,0.0,D,22.0,2.0,6.0,2.0,10.0,21.0,11.0,2.0,0.0,3.0,0.0,0.0
2025/26,2026-02-28,Preston,Millwall,0,2,A,0.0,1.0,A,6.0,16.0,2.0,5.0,10.0,16.0,2.0,6.0,3.0,2.0,0.0,0.0
2025/26,2026-02-28,QPR,Sheffield United,0,2,A,0.0,2.0,A,12.0,12.0,2.0,3.0,8.0,11.0,7.0,4.0,2.0,2.0,0.0,0.0
2025/26,2026-02-28,Sheffield Weds,Southampton,1,3,A,0.0,2.0,A,10.0,15.0,3.0,6.0,11.0,12.0,5.0,8.0,0.0,1.0,0.0,0.0
2025/26,2026-03-02,Birmingham,Middlesbrough,1,3,A,0.0,2.0,A,11.0,10.0,7.0,3.0,11.0,12.0,6.0,2.0,2.0,4.0,0.0,0.0
2025/26,2026-03-03,Ipswich,Hull,1,0,H,0.0,0.0,D,15.0,6.0,7.0,0.0,8.0,16.0,6.0,4.0,2.0,4.0,0.0,0.0
2025/26,2026-03-06,Preston,Oxford,1,3,A,1.0,1.0,D,13.0,15.0,4.0,7.0,9.0,10.0,9.0,5.0,1.0,1.0,0.0,0.0
2025/26,2026-03-07,Blackburn,Portsmouth,1,1,D,0.0,0.0,D,10.0,14.0,1.0,1.0,8.0,6.0,4.0,5.0,2.0,0.0,0.0,0.0
2025/26,2026-03-07,Bristol City,Coventry,0,2,A,0.0,2.0,A,24.0,10.0,6.0,7.0,9.0,6.0,11.0,3.0,2.0,2.0,1.0,1.0
2025/26,2026-03-07,Charlton,Birmingham,1,0,H,0.0,0.0,D,12.0,7.0,4.0,1.0,6.0,14.0,3.0,3.0,0.0,1.0,0.0,0.0
2025/26,2026-03-07,Derby,Sheffield Weds,2,1,H,2.0,1.0,H,13.0,7.0,4.0,3.0,7.0,11.0,6.0,2.0,1.0,1.0,0.0,0.0
2025/26,2026-03-07,Hull,Millwall,1,3,A,1.0,1.0,D,23.0,9.0,5.0,4.0,8.0,15.0,5.0,2.0,2.0,4.0,0.0,0.0
2025/26,2026-03-07,Ipswich,Leicester,1,1,D,0.0,1.0,A,18.0,7.0,3.0,3.0,14.0,16.0,10.0,2.0,3.0,3.0,0.0,0.0
2025/26,2026-03-07,Sheffield United,West Brom,1,1,D,0.0,0.0,D,13.0,12.0,2.0,3.0,8.0,11.0,5.0,7.0,2.0,1.0,0.0,0.0
2025/26,2026-03-07,Swansea,Stoke,2,0,H,0.0,0.0,D,23.0,8.0,4.0,2.0,7.0,12.0,13.0,5.0,2.0,4.0,0.0,1.0
2025/26,2026-03-08,QPR,Middlesbrough,0,4,A,0.0,1.0,A,9.0,16.0,3.0,7.0,9.0,3.0,3.0,8.0,0.0,0.0,0.0,0.0
2025/26,2026-03-10,Leicester,Bristol City,2,0,H,2.0,0.0,H,17.0,9.0,5.0,1.0,11.0,13.0,5.0,9.0,2.0,3.0,0.0,0.0
2025/26,2026-03-10,Millwall,Derby,1,0,H,1.0,0.0,H,15.0,14.0,4.0,1.0,7.0,13.0,6.0,2.0,0.0,3.0,0.0,0.0
2025/26,2026-03-10,Portsmouth,Swansea,1,2,A,0.0,2.0,A,9.0,8.0,4.0,3.0,9.0,10.0,6.0,0.0,1.0,2.0,0.0,0.0
2025/26,2026-03-10,Sheffield Weds,Watford,1,1,D,0.0,0.0,D,11.0,19.0,4.0,5.0,16.0,7.0,5.0,5.0,3.0,3.0,0.0,0.0
2025/26,2026-03-10,Stoke,Ipswich,3,3,D,2.0,0.0,H,15.0,17.0,6.0,5.0,13.0,14.0,5.0,9.0,0.0,4.0,0.0,0.0
2025/26,2026-03-10,Wrexham,Hull,1,2,A,0.0,1.0,A,10.0,12.0,2.0,5.0,11.0,9.0,8.0,4.0,3.0,4.0,0.0,0.0
2025/26,2026-03-11,Birmingham,QPR,1,0,H,1.0,0.0,H,21.0,10.0,6.0,1.0,9.0,9.0,10.0,1.0,4.0,0.0,0.0,0.0
2025/26,2026-03-11,Coventry,Preston,3,0,H,2.0,0.0,H,25.0,5.0,9.0,2.0,9.0,9.0,8.0,1.0,0.0,0.0,0.0,0.0
2025/26,2026-03-11,Middlesbrough,Charlton,0,1,A,0.0,0.0,D,34.0,5.0,7.0,2.0,8.0,12.0,11.0,2.0,0.0,2.0,0.0,0.0
2025/26,2026-03-11,Norwich,Sheffield United,2,1,H,0.0,1.0,A,19.0,6.0,7.0,2.0,7.0,11.0,11.0,4.0,2.0,2.0,0.0,0.0
2025/26,2026-03-11,Oxford,Blackburn,1,0,H,1.0,0.0,H,14.0,10.0,7.0,2.0,3.0,13.0,6.0,4.0,0.0,2.0,0.0,0.0
2025/26,2026-03-11,West Brom,Southampton,1,1,D,1.0,0.0,H,13.0,12.0,6.0,4.0,13.0,11.0,5.0,3.0,2.0,2.0,0.0,0.0
2025/26,2026-03-13,Wrexham,Swansea,2,0,H,1.0,0.0,H,11.0,10.0,2.0,3.0,10.0,10.0,5.0,5.0,0.0,2.0,0.0,0.0
2025/26,2026-03-14,Birmingham,Sheffield United,1,1,D,1.0,1.0,D,18.0,5.0,7.0,3.0,13.0,11.0,7.0,0.0,2.0,4.0,0.0,1.0
2025/26,2026-03-14,Coventry,Southampton,1,2,A,0.0,0.0,D,20.0,8.0,6.0,3.0,13.0,13.0,7.0,5.0,3.0,2.0,0.0,0.0
2025/26,2026-03-14,Leicester,QPR,1,3,A,1.0,1.0,D,9.0,14.0,2.0,3.0,9.0,15.0,3.0,6.0,1.0,3.0,0.0,0.0
2025/26,2026-03-14,Middlesbrough,Bristol City,1,1,D,0.0,0.0,D,19.0,4.0,7.0,1.0,10.0,9.0,9.0,4.0,1.0,5.0,0.0,0.0
2025/26,2026-03-14,Millwall,Blackburn,1,2,A,0.0,0.0,D,9.0,20.0,3.0,4.0,8.0,7.0,9.0,7.0,0.0,1.0,1.0,0.0
2025/26,2026-03-14,Norwich,Preston,2,0,H,2.0,0.0,H,9.0,15.0,4.0,4.0,9.0,14.0,5.0,3.0,1.0,1.0,0.0,0.0
2025/26,2026-03-14,Oxford,Charlton,1,1,D,0.0,0.0,D,8.0,5.0,2.0,1.0,14.0,17.0,3.0,6.0,3.0,4.0,0.0,0.0
2025/26,2026-03-14,Sheffield Weds,Ipswich,0,2,A,0.0,0.0,D,5.0,16.0,2.0,6.0,20.0,6.0,4.0,4.0,3.0,1.0,0.0,0.0
2025/26,2026-03-14,Stoke,Watford,3,1,H,1.0,0.0,H,19.0,15.0,12.0,4.0,11.0,13.0,6.0,7.0,4.0,2.0,0.0,0.0
2025/26,2026-03-14,West Brom,Hull,3,0,H,1.0,0.0,H,26.0,6.0,8.0,2.0,10.0,11.0,10.0,2.0,1.0,4.0,0.0,1.0
2025/26,2026-03-16,Portsmouth,Derby,0,1,A,0.0,1.0,A,27.0,10.0,9.0,4.0,14.0,13.0,11.0,3.0,2.0,6.0,0.0,0.0
2025/26,2026-03-17,Watford,Wrexham,3,1,H,2.0,0.0,H,13.0,8.0,6.0,1.0,13.0,7.0,4.0,5.0,2.0,0.0,0.0,0.0
2025/26,2026-03-18,Southampton,Norwich,1,0,H,1.0,0.0,H,9.0,14.0,4.0,7.0,13.0,13.0,5.0,6.0,4.0,4.0,0.0,0.0
2025/26,2026-03-20,Preston,Stoke,3,1,H,1.0,1.0,D,13.0,13.0,3.0,2.0,12.0,7.0,7.0,9.0,2.0,1.0,0.0,0.0
2025/26,2026-03-21,Blackburn,Middlesbrough,0,0,D,0.0,0.0,D,5.0,12.0,1.0,3.0,7.0,8.0,3.0,11.0,0.0,2.0,0.0,0.0
2025/26,2026-03-21,Bristol City,West Brom,0,1,A,0.0,1.0,A,4.0,19.0,1.0,6.0,10.0,6.0,5.0,4.0,1.0,1.0,0.0,0.0
2025/26,2026-03-21,Charlton,Norwich,0,1,A,0.0,1.0,A,13.0,17.0,2.0,5.0,7.0,6.0,7.0,7.0,2.0,2.0,0.0,0.0
2025/26,2026-03-21,Derby,Birmingham,1,0,H,1.0,0.0,H,17.0,3.0,6.0,0.0,12.0,16.0,6.0,2.0,1.0,4.0,0.0,0.0
2025/26,2026-03-21,Hull,Sheffield Weds,3,1,H,2.0,1.0,H,9.0,7.0,5.0,3.0,10.0,9.0,4.0,4.0,3.0,1.0,0.0,0.0
2025/26,2026-03-21,Ipswich,Millwall,1,1,D,1.0,0.0,H,17.0,13.0,4.0,3.0,5.0,13.0,9.0,8.0,1.0,2.0,0.0,0.0
2025/26,2026-03-21,QPR,Portsmouth,6,1,H,3.0,1.0,H,9.0,20.0,8.0,7.0,15.0,11.0,1.0,9.0,4.0,2.0,0.0,0.0
2025/26,2026-03-21,Sheffield United,Wrexham,1,2,A,0.0,0.0,D,20.0,10.0,7.0,4.0,6.0,10.0,8.0,5.0,1.0,3.0,0.0,0.0
2025/26,2026-03-21,Southampton,Oxford,2,0,H,2.0,0.0,H,20.0,9.0,7.0,1.0,9.0,12.0,6.0,4.0,0.0,3.0,0.0,0.0
2025/26,2026-03-21,Swansea,Coventry,0,3,A,0.0,3.0,A,11.0,14.0,2.0,7.0,10.0,15.0,2.0,7.0,3.0,1.0,0.0,0.0
2025/26,2026-03-21,Watford,Leicester,0,0,D,0.0,0.0,D,6.0,15.0,2.0,5.0,13.0,8.0,7.0,4.0,3.0,4.0,0.0,0.0
2025/26,2026-04-03,Birmingham,Blackburn,0,1,A,0.0,0.0,D,12.0,16.0,5.0,4.0,14.0,7.0,9.0,10.0,0.0,1.0,0.0,0.0
2025/26,2026-04-03,Charlton,Bristol City,1,2,A,1.0,1.0,D,13.0,17.0,4.0,8.0,19.0,8.0,7.0,3.0,2.0,2.0,0.0,0.0
2025/26,2026-04-03,Coventry,Derby,3,2,H,1.0,1.0,D,13.0,8.0,7.0,3.0,12.0,15.0,6.0,2.0,0.0,2.0,0.0,0.0
2025/26,2026-04-03,Leicester,Preston,2,2,D,1.0,2.0,A,28.0,8.0,10.0,3.0,4.0,12.0,7.0,2.0,0.0,4.0,0.0,0.0
2025/26,2026-04-03,Middlesbrough,Millwall,1,2,A,1.0,0.0,H,32.0,11.0,5.0,5.0,4.0,14.0,17.0,6.0,1.0,1.0,0.0,0.0
2025/26,2026-04-03,Norwich,Portsmouth,1,1,D,1.0,0.0,H,6.0,5.0,2.0,1.0,17.0,11.0,5.0,6.0,3.0,5.0,0.0,0.0
2025/26,2026-04-03,Oxford,Hull,1,1,D,1.0,1.0,D,16.0,9.0,4.0,2.0,10.0,10.0,1.0,5.0,0.0,1.0,0.0,0.0
2025/26,2026-04-03,QPR,Watford,2,1,H,1.0,0.0,H,15.0,7.0,8.0,3.0,20.0,15.0,2.0,3.0,6.0,4.0,0.0,0.0
2025/26,2026-04-03,Sheffield United,Swansea,3,3,D,1.0,1.0,D,13.0,8.0,4.0,6.0,13.0,11.0,4.0,2.0,1.0,1.0,0.0,0.0
2025/26,2026-04-03,Stoke,Sheffield Weds,2,0,H,1.0,0.0,H,12.0,16.0,6.0,2.0,16.0,11.0,7.0,2.0,2.0,1.0,0.0,0.0
2025/26,2026-04-03,West Brom,Wrexham,2,2,D,2.0,0.0,H,9.0,13.0,4.0,3.0,9.0,8.0,4.0,6.0,2.0,1.0,0.0,0.0
2025/26,2026-04-06,Blackburn,West Brom,0,0,D,0.0,0.0,D,11.0,6.0,0.0,3.0,8.0,10.0,4.0,2.0,3.0,2.0,0.0,0.0
2025/26,2026-04-06,Bristol City,Sheffield United,1,0,H,1.0,0.0,H,5.0,21.0,1.0,7.0,6.0,9.0,0.0,5.0,1.0,3.0,0.0,0.0
2025/26,2026-04-06,Derby,Stoke,2,0,H,0.0,0.0,D,20.0,7.0,3.0,0.0,18.0,10.0,5.0,3.0,2.0,1.0,0.0,0.0
2025/26,2026-04-06,Hull,Coventry,0,0,D,0.0,0.0,D,13.0,6.0,5.0,1.0,10.0,12.0,2.0,4.0,1.0,1.0,0.0,0.0
2025/26,2026-04-06,Ipswich,Birmingham,2,1,H,2.0,1.0,H,11.0,9.0,5.0,4.0,11.0,19.0,6.0,4.0,1.0,1.0,0.0,0.0
2025/26,2026-04-06,Millwall,Norwich,1,2,A,0.0,0.0,D,10.0,12.0,2.0,5.0,12.0,7.0,2.0,5.0,1.0,2.0,0.0,0.0
2025/26,2026-04-06,Portsmouth,Oxford,2,2,D,1.0,0.0,H,9.0,9.0,3.0,3.0,6.0,18.0,6.0,5.0,2.0,3.0,1.0,0.0
2025/26,2026-04-06,Preston,QPR,1,1,D,0.0,0.0,D,8.0,18.0,2.0,5.0,4.0,8.0,2.0,6.0,1.0,3.0,0.0,0.0
2025/26,2026-04-06,Sheffield Weds,Leicester,1,1,D,1.0,0.0,H,6.0,24.0,1.0,12.0,7.0,11.0,1.0,10.0,0.0,0.0,0.0,0.0
2025/26,2026-04-06,Swansea,Middlesbrough,2,2,D,2.0,1.0,H,12.0,29.0,3.0,6.0,14.0,11.0,2.0,10.0,3.0,3.0,0.0,0.0
2025/26,2026-04-06,Watford,Charlton,1,1,D,0.0,0.0,D,31.0,14.0,10.0,4.0,13.0,11.0,17.0,3.0,2.0,2.0,0.0,0.0
2025/26,2026-04-07,Wrexham,Southampton,1,5,A,1.0,2.0,A,11.0,16.0,2.0,9.0,12.0,10.0,3.0,4.0,2.0,3.0,0.0,0.0
2025/26,2026-04-10,West Brom,Millwall,0,0,D,0.0,0.0,D,16.0,11.0,1.0,3.0,6.0,22.0,7.0,5.0,1.0,2.0,0.0,0.0
2025/26,2026-04-11,Charlton,Preston,1,2,A,1.0,1.0,D,17.0,14.0,6.0,5.0,6.0,8.0,7.0,4.0,2.0,3.0,0.0,0.0
2025/26,2026-04-11,Coventry,Sheffield Weds,0,0,D,0.0,0.0,D,20.0,8.0,3.0,0.0,10.0,16.0,7.0,2.0,0.0,3.0,0.0,0.0
2025/26,2026-04-11,Leicester,Swansea,0,1,A,0.0,0.0,D,19.0,8.0,6.0,1.0,12.0,14.0,12.0,2.0,2.0,0.0,0.0,0.0
2025/26,2026-04-11,Middlesbrough,Portsmouth,0,1,A,0.0,0.0,D,20.0,3.0,8.0,1.0,6.0,14.0,14.0,2.0,1.0,4.0,0.0,0.0
2025/26,2026-04-11,Norwich,Ipswich,0,2,A,0.0,2.0,A,15.0,9.0,3.0,5.0,16.0,17.0,13.0,1.0,5.0,5.0,0.0,0.0
2025/26,2026-04-11,Oxford,Watford,2,0,H,1.0,0.0,H,15.0,12.0,6.0,3.0,8.0,11.0,10.0,5.0,1.0,2.0,0.0,0.0
2025/26,2026-04-11,QPR,Bristol City,0,0,D,0.0,0.0,D,10.0,13.0,2.0,6.0,10.0,13.0,3.0,6.0,4.0,2.0,0.0,0.0
2025/26,2026-04-11,Sheffield United,Hull,2,1,H,0.0,1.0,A,15.0,18.0,7.0,4.0,4.0,15.0,15.0,4.0,2.0,5.0,0.0,1.0
2025/26,2026-04-11,Southampton,Derby,2,1,H,0.0,1.0,A,15.0,9.0,5.0,4.0,8.0,14.0,6.0,2.0,1.0,2.0,0.0,0.0
2025/26,2026-04-11,Stoke,Blackburn,1,1,D,0.0,1.0,A,10.0,11.0,3.0,3.0,11.0,8.0,4.0,3.0,3.0,3.0,1.0,0.0
2025/26,2026-04-12,Birmingham,Wrexham,2,0,H,0.0,0.0,D,15.0,4.0,8.0,0.0,10.0,11.0,6.0,3.0,1.0,1.0,0.0,0.0
2025/26,2026-04-14,Portsmouth,Ipswich,2,0,H,2.0,0.0,H,11.0,11.0,4.0,2.0,10.0,9.0,3.0,7.0,2.0,2.0,0.0,0.0
2025/26,2026-04-14,Southampton,Blackburn,3,0,H,2.0,0.0,H,16.0,8.0,7.0,3.0,8.0,5.0,7.0,4.0,0.0,2.0,0.0,0.0
2025/26,2026-04-17,Blackburn,Coventry,1,1,D,0.0,0.0,D,7.0,12.0,2.0,2.0,10.0,9.0,3.0,3.0,4.0,1.0,0.0,0.0
2025/26,2026-04-18,Bristol City,Norwich,2,4,A,1.0,0.0,H,9.0,19.0,6.0,9.0,8.0,12.0,2.0,10.0,0.0,2.0,0.0,0.0
2025/26,2026-04-18,Derby,Oxford,1,0,H,1.0,0.0,H,15.0,11.0,2.0,0.0,14.0,13.0,7.0,3.0,4.0,1.0,0.0,0.0
2025/26,2026-04-18,Hull,Birmingham,1,1,D,1.0,0.0,H,14.0,11.0,3.0,5.0,9.0,16.0,2.0,6.0,4.0,4.0,0.0,0.0
2025/26,2026-04-18,Millwall,QPR,2,0,H,2.0,0.0,H,11.0,5.0,4.0,1.0,6.0,14.0,6.0,10.0,1.0,3.0,0.0,0.0
2025/26,2026-04-18,Portsmouth,Leicester,1,0,H,0.0,0.0,D,11.0,14.0,2.0,3.0,11.0,12.0,5.0,7.0,2.0,3.0,0.0,0.0
2025/26,2026-04-18,Preston,West Brom,0,2,A,0.0,1.0,A,9.0,8.0,1.0,3.0,7.0,12.0,8.0,6.0,0.0,0.0,0.0,0.0
2025/26,2026-04-18,Sheffield Weds,Charlton,1,1,D,0.0,0.0,D,9.0,12.0,2.0,3.0,14.0,16.0,7.0,2.0,1.0,2.0,0.0,0.0
2025/26,2026-04-18,Swansea,Southampton,1,2,A,1.0,0.0,H,10.0,16.0,3.0,6.0,3.0,7.0,4.0,12.0,2.0,2.0,0.0,0.0
2025/26,2026-04-18,Watford,Sheffield United,0,2,A,0.0,0.0,D,14.0,11.0,3.0,5.0,11.0,9.0,8.0,5.0,2.0,4.0,0.0,0.0
2025/26,2026-04-18,Wrexham,Stoke,2,0,H,2.0,0.0,H,9.0,6.0,4.0,0.0,8.0,8.0,2.0,6.0,0.0,1.0,0.0,0.0
2025/26,2026-04-19,Ipswich,Middlesbrough,2,2,D,1.0,1.0,D,17.0,15.0,5.0,9.0,10.0,16.0,6.0,3.0,2.0,4.0,0.0,0.0
2025/26,2026-04-21,Coventry,Portsmouth,5,1,H,1.0,0.0,H,15.0,4.0,6.0,2.0,4.0,10.0,3.0,1.0,0.0,1.0,0.0,0.0
2025/26,2026-04-21,Leicester,Hull,2,2,D,0.0,1.0,A,20.0,13.0,4.0,4.0,11.0,11.0,9.0,8.0,3.0,2.0,0.0,0.0
2025/26,2026-04-21,Norwich,Derby,2,1,H,1.0,0.0,H,14.0,11.0,6.0,8.0,9.0,17.0,3.0,4.0,2.0,3.0,0.0,0.0
2025/26,2026-04-21,Oxford,Wrexham,0,1,A,0.0,1.0,A,19.0,11.0,4.0,4.0,11.0,16.0,9.0,5.0,2.0,3.0,0.0,0.0
2025/26,2026-04-21,QPR,Swansea,1,2,A,0.0,1.0,A,12.0,17.0,5.0,11.0,11.0,7.0,4.0,5.0,3.0,1.0,0.0,0.0
2025/26,2026-04-21,Southampton,Bristol City,2,2,D,1.0,1.0,D,10.0,8.0,4.0,5.0,14.0,10.0,7.0,3.0,3.0,3.0,0.0,0.0
2025/26,2026-04-21,Stoke,Millwall,1,3,A,0.0,1.0,A,12.0,14.0,4.0,6.0,8.0,11.0,11.0,1.0,0.0,3.0,0.0,0.0
2025/26,2026-04-21,West Brom,Watford,3,0,H,2.0,0.0,H,14.0,8.0,6.0,3.0,11.0,15.0,4.0,3.0,4.0,3.0,0.0,0.0
2025/26,2026-04-22,Birmingham,Preston,2,1,H,2.0,1.0,H,18.0,16.0,5.0,6.0,11.0,9.0,3.0,3.0,0.0,2.0,0.0,0.0
2025/26,2026-04-22,Charlton,Ipswich,1,2,A,1.0,1.0,D,6.0,13.0,3.0,5.0,18.0,11.0,1.0,4.0,2.0,2.0,0.0,0.0
2025/26,2026-04-22,Middlesbrough,Sheffield Weds,1,0,H,1.0,0.0,H,18.0,8.0,4.0,1.0,10.0,19.0,9.0,1.0,2.0,2.0,0.0,0.0
2025/26,2026-04-22,Sheffield United,Blackburn,1,3,A,0.0,3.0,A,13.0,8.0,4.0,5.0,5.0,10.0,2.0,4.0,2.0,4.0,0.0,0.0
2025/26,2026-04-24,Leicester,Millwall,1,1,D,0.0,0.0,D,10.0,22.0,3.0,4.0,12.0,8.0,2.0,12.0,1.0,3.0,0.0,0.0
2025/26,2026-04-25,Birmingham,Bristol City,2,1,H,2.0,0.0,H,11.0,9.0,6.0,2.0,10.0,8.0,6.0,5.0,3.0,1.0,0.0,0.0
2025/26,2026-04-25,Charlton,Hull,2,1,H,1.0,1.0,D,12.0,14.0,7.0,4.0,10.0,10.0,5.0,11.0,2.0,1.0,0.0,0.0
2025/26,2026-04-25,Middlesbrough,Watford,5,1,H,2.0,0.0,H,20.0,12.0,9.0,3.0,8.0,10.0,6.0,3.0,1.0,2.0,0.0,0.0
2025/26,2026-04-25,Norwich,Swansea,1,1,D,0.0,0.0,D,16.0,8.0,8.0,2.0,13.0,9.0,5.0,2.0,3.0,5.0,0.0,0.0
2025/26,2026-04-25,Oxford,Sheffield Weds,4,1,H,2.0,0.0,H,20.0,9.0,10.0,3.0,14.0,13.0,5.0,3.0,1.0,0.0,0.0,0.0
2025/26,2026-04-25,QPR,Derby,2,3,A,1.0,1.0,D,23.0,12.0,12.0,3.0,12.0,8.0,10.0,6.0,1.0,3.0,0.0,0.0
2025/26,2026-04-25,Sheffield United,Preston,2,3,A,0.0,2.0,A,17.0,12.0,3.0,6.0,12.0,11.0,10.0,5.0,0.0,3.0,0.0,0.0
2025/26,2026-04-25,Stoke,Portsmouth,1,3,A,0.0,1.0,A,13.0,8.0,3.0,4.0,9.0,13.0,8.0,1.0,0.0,2.0,0.0,0.0
2025/26,2026-04-25,West Brom,Ipswich,0,0,D,0.0,0.0,D,12.0,13.0,6.0,3.0,6.0,12.0,2.0,6.0,2.0,3.0,0.0,0.0
2025/26,2026-04-26,Coventry,Wrexham,3,1,H,1.0,1.0,D,15.0,13.0,6.0,2.0,6.0,18.0,5.0,4.0,2.0,2.0,0.0,0.0
2025/26,2026-04-28,Southampton,Ipswich,2,2,D,0.0,0.0,D,18.0,19.0,4.0,9.0,10.0,19.0,5.0,9.0,0.0,2.0,0.0,0.0
2025/26,2026-05-02,Blackburn,Leicester,0,1,A,0.0,0.0,D,12.0,22.0,3.0,9.0,7.0,6.0,9.0,11.0,1.0,1.0,0.0,0.0
2025/26,2026-05-02,Bristol City,Stoke,2,0,H,1.0,0.0,H,13.0,16.0,5.0,2.0,7.0,13.0,2.0,15.0,1.0,3.0,0.0,0.0
2025/26,2026-05-02,Derby,Sheffield United,1,2,A,1.0,0.0,H,17.0,15.0,6.0,8.0,13.0,12.0,6.0,4.0,4.0,3.0,0.0,0.0
2025/26,2026-05-02,Hull,Norwich,2,1,H,1.0,1.0,D,8.0,12.0,6.0,2.0,10.0,15.0,1.0,7.0,2.0,2.0,0.0,0.0
2025/26,2026-05-02,Ipswich,QPR,3,0,H,2.0,0.0,H,14.0,13.0,7.0,4.0,8.0,16.0,4.0,2.0,2.0,1.0,0.0,0.0
2025/26,2026-05-02,Millwall,Oxford,2,0,H,1.0,0.0,H,22.0,4.0,8.0,1.0,8.0,6.0,14.0,1.0,1.0,0.0,0.0,0.0
2025/26,2026-05-02,Portsmouth,Birmingham,1,1,D,1.0,1.0,D,14.0,13.0,2.0,5.0,19.0,10.0,3.0,9.0,2.0,2.0,0.0,0.0
2025/26,2026-05-02,Preston,Southampton,1,3,A,0.0,1.0,A,16.0,18.0,5.0,5.0,11.0,6.0,10.0,5.0,3.0,1.0,0.0,0.0
2025/26,2026-05-02,Sheffield Weds,West Brom,2,1,H,2.0,0.0,H,11.0,13.0,5.0,5.0,12.0,8.0,5.0,2.0,3.0,2.0,0.0,0.0
2025/26,2026-05-02,Swansea,Charlton,3,1,H,0.0,0.0,D,20.0,12.0,8.0,3.0,5.0,14.0,10.0,4.0,0.0,0.0,0.0,0.0
2025/26,2026-05-02,Watford,Coventry,0,4,A,0.0,2.0,A,13.0,18.0,4.0,7.0,16.0,10.0,0.0,6.0,2.0,1.0,0.0,0.0
2025/26,2026-05-02,Wrexham,Middlesbrough,2,2,D,2.0,2.0,D,20.0,11.0,8.0,5.0,11.0,5.0,6.0,3.0,0.0,0.0,0.0,0.0
